Age,BusinessTravel,Department,DistanceFromHome,Education,EducationField,EnvironmentSatisfaction,Gender,PerformanceIndex,JobInvolvement,JobLevel,JobRole,JobSatisfaction,MaritalStatus,MonthlyAchievement,NumCompaniesWorked,OverTime,PerformanceRating,RelationshipSatisfaction,StockOptionLevel,TotalWorkingYears,TrainingTimesLastYear,WorkLifeBalance,YearsAtCompany,YearsInCurrentRole,YearsSinceLastPromotion,YearsWithCurrManager,RemoteWork,MonthlyIncome,WelfareBenefits,InHouseFacility,ExternalFacility,ExtendedLeave,FlexibleWork,StressSelfReported,StressRating,Attrition
0.4486957459389056,2,2,-1.013529278392347,-0.8880821348855039,1,-0.6605306743650393,0,1.3831382668932737,0.3796721288811475,-0.06744076383703446,7,1.1532535902386967,2,0.7260199409380492,2.1287992452975586,0.0534914549279603,-1.5471474261915186,-1.584178240646517,-0.9320143892374165,-0.41974615540821786,-2.171981830933257,-2.4938204216722384,-0.16504470970001647,-0.06443733845127728,-0.6835058984856107,0.24553333348521242,-1.4844082652246349,-0.8592556629079459,-1.3265656924226743,-1.216108852854004,-0.6451239966845644,-0.5810160220117815,-1.1078234188139944,-1.1628924173311372,4,1
1.3231839746829437,1,1,-0.15218006509062498,-1.863777753930116,1,0.2546249253678617,1,-0.2406767700620191,-1.0261667362455194,-0.06744076383703446,6,-0.6608531809232983,1,1.4888761391146892,-0.6738292391077482,-0.6657076799266287,1.4798801467918874,1.1914379855160337,0.24198831185855807,-0.1617378558263319,0.1557070814399298,0.33809616377248186,0.48978855145794353,0.7713528455785257,-0.37234031447388954,0.8059898555710231,0.1427954259612064,-0.02998193517507153,1.3265656924226743,0.8222948115649081,-0.6451239966845644,-0.5810160220117815,0.9026709338484401,-1.1628924173311372,2,0
0.01145163156688656,2,1,-0.8904793907778153,-0.8880821348855039,4,1.1697805251007627,1,1.2847252343505287,-1.0261667362455194,-0.9686946078410421,2,0.24620020465769926,2,-1.6748408610979753,1.3280482497531851,1.3320676946694519,0.47087095579741883,-0.6589728319256667,-0.9320143892374165,-0.5487503051991608,0.1557070814399298,0.33809616377248186,-1.1472946014369565,-1.1788242504910145,-0.6835058984856107,-1.1556079717293142,-0.6708064196317143,0.34898452124464957,-0.4421885641408914,0.8222948115649081,-0.6451239966845644,-0.5810160220117815,-1.1078234188139944,-1.1628924173311372,3,1
-0.4257924828051325,1,1,-0.7674295031632836,1.0633091032037203,1,1.1697805251007627,0,-0.4867093514188816,0.3796721288811475,-0.9686946078410421,6,0.24620020465769926,1,1.2432105837696696,-0.6738292391077482,1.0124236347340791,-1.5471474261915186,0.26623257679518353,-0.9320143892374165,-0.41974615540821786,0.1557070814399298,0.33809616377248186,0.16237192087896354,0.7713528455785257,0.24999085354955286,-1.1556079717293142,-0.6708064196317143,2.187148922009465,1.3265656924226743,0.8222948115649081,1.5500896031448563,1.7211229331292395,0.9026709338484401,-1.1628924173311372,1,0
-1.081658654363161,2,1,-0.8904793907778153,-1.863777753930116,3,-1.5756862740979403,1,-1.2740136117608418,0.3796721288811475,-0.9686946078410421,2,-0.6608531809232983,1,0.3258998974213038,2.529174743069745,-0.4259746349750991,-0.5381382351970498,1.1914379855160337,0.24198831185855807,-0.6777544549901038,0.1557070814399298,0.33809616377248186,-0.8198779708579764,-0.6216307944711459,-0.061174730462168335,-0.5951514496435035,-0.6708064196317143,-1.9698449444049924,-0.4421885641408914,-1.216108852854004,-0.6451239966845644,-0.5810160220117815,-1.1078234188139944,0.9436409819008672,3,0
-0.5351035113981373,1,1,-0.8904793907778153,-0.8880821348855039,1,1.1697805251007627,1,0.645040522822686,0.3796721288811475,-0.9686946078410421,2,1.1532535902386967,2,-0.34419928329096944,-1.0742047368799348,-0.10633057503972616,-0.5381382351970498,0.26623257679518353,-0.9320143892374165,-0.41974615540821786,-0.6201892226844657,-1.0778621289498782,-0.001336394410526465,0.7713528455785257,0.24999085354955286,0.5257615945281178,0.1427954259612064,1.2096279690015863,-0.4421885641408914,-1.216108852854004,-0.6451239966845644,-0.5810160220117815,-1.1078234188139944,0.9436409819008672,3,0
2.4162942606129914,2,1,-0.7674295031632836,0.0876134841591082,3,0.2546249253678617,0,0.743453555365431,1.7855109940078144,-0.9686946078410421,2,-1.5679065665042957,1,-0.6112270608399039,0.5272972542088118,-1.2250847848135313,1.4798801467918874,-1.584178240646517,2.5899937140505074,0.09627044375555406,0.1557070814399298,-1.0778621289498782,-0.9835862861474665,-1.1788242504910145,-0.6835058984856107,-1.1556079717293142,-0.6708064196317143,-0.6882400924541865,-1.3265656924226743,-1.216108852854004,-0.6451239966845644,-0.5810160220117815,0.9026709338484401,0.9436409819008672,3,0
-0.7537255685841467,2,1,1.8166181367418828,-1.863777753930116,1,1.1697805251007627,1,0.05456232756621595,0.3796721288811475,-0.9686946078410421,2,0.24620020465769926,0,-0.1374635670938734,-0.6738292391077482,-1.2250847848135313,1.4798801467918874,-0.6589728319256667,0.24198831185855807,-1.3227752039448188,-0.6201892226844657,0.33809616377248186,-0.9835862861474665,-1.1788242504910145,-0.6835058984856107,-1.1556079717293142,0.956397271554127,0.222493714696011,-0.4421885641408914,-1.216108852854004,-0.6451239966845644,-0.5810160220117815,0.9026709338484401,-1.1628924173311372,2,0
0.12076266015989133,1,1,1.6935682491273512,0.0876134841591082,1,1.1697805251007627,1,-1.0771875466753518,-1.0261667362455194,0.8338130801669732,4,0.24620020465769926,2,-0.7766437419846911,-1.0742047368799348,0.6927795747987061,1.4798801467918874,-0.6589728319256667,-0.9320143892374165,-0.1617378558263319,-0.6201892226844657,0.33809616377248186,0.32608023616845355,0.7713528455785257,-0.37234031447388954,1.0862181166139284,0.956397271554127,-0.33204198121322037,0.4421885641408914,0.8222948115649081,1.5500896031448563,-0.5810160220117815,0.9026709338484401,-1.1628924173311372,1,0
-0.0978593970261182,2,1,2.185767799585478,0.0876134841591082,3,0.2546249253678617,1,1.3831382668932737,0.3796721288811475,-0.06744076383703446,0,0.24620020465769926,1,0.31817014596593995,1.3280482497531851,-0.8255297098943152,-0.5381382351970498,-0.6589728319256667,1.4159910129545328,0.741291192710269,0.1557070814399298,-1.0778621289498782,-0.001336394410526465,0.7713528455785257,1.4946531895964377,0.8059898555710231,1.7699991171470477,0.6758367653663315,0.4421885641408914,0.8222948115649081,1.5500896031448563,-0.5810160220117815,0.9026709338484401,0.9436409819008672,3,0
-0.20717042561912297,2,1,0.832219035825629,0.0876134841591082,3,-1.5756862740979403,1,0.8910731041795485,1.7855109940078144,-0.9686946078410421,2,-0.6608531809232983,1,0.304397134281837,-1.0742047368799348,1.3320676946694519,-0.5381382351970498,0.26623257679518353,0.24198831185855807,-0.6777544549901038,1.707499689688721,0.33809616377248186,-0.3287530249895065,-0.06443733845127728,-0.6835058984856107,-0.31492318860059826,0.1427954259612064,0.7072064853903939,-0.4421885641408914,-1.216108852854004,-0.6451239966845644,-0.5810160220117815,0.9026709338484401,-0.10962571771513507,3,0
-0.8630365971771515,2,1,0.7091691482110972,-0.8880821348855039,1,1.1697805251007627,0,-0.8311549653184892,-1.0261667362455194,-0.06744076383703446,2,0.24620020465769926,2,-0.22923679800937558,-1.0742047368799348,-0.9054407248781584,-0.5381382351970498,1.1914379855160337,-0.9320143892374165,-0.1617378558263319,0.1557070814399298,0.33809616377248186,0.32608023616845355,0.21415938955865704,-0.6835058984856107,1.0862181166139284,0.1427954259612064,-0.7454139370141711,0.4421885641408914,0.8222948115649081,-0.6451239966845644,-0.5810160220117815,0.9026709338484401,-0.10962571771513507,2,0
-0.6444145399911421,2,1,2.0627179119709464,-1.863777753930116,1,-1.5756862740979403,1,-1.7168722582031943,0.3796721288811475,-0.9686946078410421,6,0.24620020465769926,0,0.12042904964417642,-0.6738292391077482,2.2110888594917273,-0.5381382351970498,1.1914379855160337,0.24198831185855807,-0.8067586047810468,-1.3960855268088614,-1.0778621289498782,-0.3287530249895065,-0.6216307944711459,0.5611564375612741,-0.31492318860059826,0.956397271554127,2.1067007690445307,-0.4421885641408914,-1.216108852854004,-0.6451239966845644,-0.5810160220117815,-1.1078234188139944,-1.1628924173311372,3,0
-0.3164814542121277,2,1,1.201368698669224,-0.8880821348855039,3,-0.6605306743650393,1,1.333931750621901,0.3796721288811475,-0.9686946078410421,2,1.1532535902386967,0,-0.7807194291157011,-1.0742047368799348,0.37313551486333324,-1.5471474261915186,0.26623257679518353,0.24198831185855807,-1.0647669043629329,-0.6201892226844657,0.33809616377248186,-0.8198779708579764,-0.6216307944711459,-0.37234031447388954,-0.5951514496435035,0.1427954259612064,0.04945429133747348,0.4421885641408914,0.8222948115649081,1.5500896031448563,-0.5810160220117815,0.9026709338484401,-1.1628924173311372,2,0
-0.9723476257701563,2,1,1.8166181367418828,0.0876134841591082,1,0.2546249253678617,1,-0.7819484490471167,-1.0261667362455194,-0.9686946078410421,2,0.24620020465769926,2,-0.19199345008807683,0.9276727519809984,0.6128685598148629,0.47087095579741883,-0.6589728319256667,-0.9320143892374165,-0.6777544549901038,0.9316033855643254,0.33809616377248186,-0.49246134027899646,-0.6216307944711459,-0.6835058984856107,-0.31492318860059826,-2.2980101108175557,-0.09069752231841803,-0.4421885641408914,0.8222948115649081,-0.6451239966845644,-0.5810160220117815,0.9026709338484401,-1.1628924173311372,2,1
-0.8630365971771515,2,1,1.4474684738982875,1.0633091032037203,1,-0.6605306743650393,0,-0.7327419327757442,1.7855109940078144,0.8338130801669732,4,-1.5679065665042957,0,-0.5787621047273755,-0.6738292391077482,0.0534914549279603,-1.5471474261915186,0.26623257679518353,0.24198831185855807,-0.1617378558263319,-1.3960855268088614,0.33809616377248186,0.48978855145794353,1.3285463015983943,1.8058187736081588,1.0862181166139284,-0.6708064196317143,-0.15900255785468284,-1.3265656924226743,-1.216108852854004,-0.6451239966845644,-0.5810160220117815,-1.1078234188139944,-0.10962571771513507,3,0
-0.5351035113981373,2,1,-0.5213297279342202,-0.8880821348855039,1,-1.5756862740979403,1,0.6942470390940585,1.7855109940078144,-0.9686946078410421,6,-0.6608531809232983,0,0.10398576018458414,-1.0742047368799348,-0.34606361999125584,-1.5471474261915186,1.1914379855160337,1.4159910129545328,-0.5487503051991608,1.707499689688721,-1.0778621289498782,-0.16504470970001647,-0.6216307944711459,-0.6835058984856107,0.24553333348521242,-1.4844082652246349,0.01353090227766013,-1.3265656924226743,-1.216108852854004,-0.6451239966845644,-0.5810160220117815,-1.1078234188139944,-0.10962571771513507,3,0
-1.628213797328185,0,1,0.832219035825629,-0.8880821348855039,3,1.1697805251007627,1,1.4815512994360187,1.7855109940078144,-0.9686946078410421,2,1.1532535902386967,0,-0.9822551306973706,-0.6738292391077482,1.2521566796856087,-0.5381382351970498,-0.6589728319256667,1.4159910129545328,-1.3227752039448188,-0.6201892226844657,-1.0778621289498782,-0.9835862861474665,-1.1788242504910145,-0.6835058984856107,-1.1556079717293142,0.956397271554127,-0.5976726749653614,0.4421885641408914,0.8222948115649081,1.5500896031448563,-0.5810160220117815,0.9026709338484401,-0.10962571771513507,2,0
1.7604280890549628,2,2,-0.8904793907778153,1.0633091032037203,1,-1.5756862740979403,0,0.5958340065513135,-1.0261667362455194,1.7350669241709809,3,1.1532535902386967,1,1.083274999111413,-0.2734537413355615,-0.6657076799266287,0.47087095579741883,0.26623257679518353,-0.9320143892374165,2.5473492897834706,0.1557070814399298,0.33809616377248186,2.9454132808002935,1.04994957358846,0.24999085354955286,0.8059898555710231,-0.6708064196317143,-0.7363065989426691,0.4421885641408914,0.8222948115649081,-0.6451239966845644,1.7211229331292395,0.9026709338484401,0.9436409819008672,3,0
0.12076266015989133,2,1,-0.8904793907778153,0.0876134841591082,1,1.1697805251007627,1,-1.0279810304039791,0.3796721288811475,-0.9686946078410421,6,1.1532535902386967,2,-1.40640767419352,0.9276727519809984,0.0534914549279603,-1.5471474261915186,0.26623257679518353,-0.9320143892374165,-0.6777544549901038,0.1557070814399298,0.33809616377248186,-0.6561696555684865,-0.6216307944711459,-0.37234031447388954,-0.5951514496435035,-0.6708064196317143,0.1951717004815051,-1.3265656924226743,-1.216108852854004,-0.6451239966845644,-0.5810160220117815,-1.1078234188139944,0.9436409819008672,2,0
-1.4095917401421754,0,1,0.21696959775297023,-0.8880821348855039,4,-1.5756862740979403,0,1.4815512994360187,1.7855109940078144,-0.06744076383703446,4,0.24620020465769926,0,-0.8546439612160903,-1.0742047368799348,1.0124236347340791,0.47087095579741883,1.1914379855160337,0.24198831185855807,-0.8067586047810468,1.707499689688721,-1.0778621289498782,-0.49246134027899646,-0.6216307944711459,-0.37234031447388954,-0.31492318860059826,0.1427954259612064,-0.11144201459239475,-1.3265656924226743,-1.216108852854004,-0.6451239966845644,-0.5810160220117815,-1.1078234188139944,0.9436409819008672,2,0
-0.0978593970261182,2,2,-0.02913017747609325,1.0633091032037203,1,0.2546249253678617,1,0.7926600716368035,-1.0261667362455194,-0.9686946078410421,8,-1.5679065665042957,2,-1.0297579669139705,1.7284237475253719,-0.9853517398620016,1.4798801467918874,-0.6589728319256667,-0.9320143892374165,-0.1617378558263319,0.9316033855643254,0.33809616377248186,-0.3287530249895065,-0.3430340664612116,-0.6835058984856107,-0.31492318860059826,0.956397271554127,0.8261078435461142,1.3265656924226743,0.8222948115649081,1.5500896031448563,1.7211229331292395,0.9026709338484401,-0.10962571771513507,1,1
-0.3164814542121277,2,1,-0.2752299527051567,1.0633091032037203,1,-1.5756862740979403,0,-0.6343289002329991,0.3796721288811475,0.8338130801669732,5,-0.6608531809232983,2,0.9809611980295055,-1.0742047368799348,-0.5857966649427855,-1.5471474261915186,0.26623257679518353,-0.9320143892374165,0.22527459354649704,0.9316033855643254,0.33809616377248186,0.8172051820369235,0.4927561175685914,-0.061174730462168335,1.9269028997426445,-1.4844082652246349,1.1448646760486834,0.4421885641408914,0.8222948115649081,-0.6451239966845644,-0.5810160220117815,0.9026709338484401,-0.10962571771513507,4,0
-1.7375248259211897,2,1,0.7091691482110972,-0.8880821348855039,1,0.2546249253678617,1,1.4815512994360187,0.3796721288811475,-0.9686946078410421,6,1.1532535902386967,2,0.6981928356987392,-0.6738292391077482,-0.8255297098943152,0.47087095579741883,1.1914379855160337,-0.9320143892374165,-1.4517793537357617,2.4833959938131165,0.33809616377248186,-1.1472946014369565,-1.1788242504910145,-0.6835058984856107,-1.1556079717293142,1.7699991171470477,1.4524903175749722,0.4421885641408914,0.8222948115649081,1.5500896031448563,-0.5810160220117815,0.9026709338484401,-0.10962571771513507,2,0
-0.3164814542121277,2,1,-0.39827984031968844,-1.863777753930116,3,-0.6605306743650393,1,0.841866587908176,0.3796721288811475,-0.9686946078410421,6,-1.5679065665042957,2,0.3919541371307771,-0.2734537413355615,1.4918897246371383,-1.5471474261915186,0.26623257679518353,-0.9320143892374165,-0.41974615540821786,-0.6201892226844657,0.33809616377248186,-0.49246134027899646,-0.6216307944711459,-0.37234031447388954,-0.31492318860059826,-2.2980101108175557,-0.21111677015272193,1.3265656924226743,0.8222948115649081,1.5500896031448563,1.7211229331292395,0.9026709338484401,-1.1628924173311372,1,0
1.7604280890549628,2,1,-0.5213297279342202,0.0876134841591082,4,0.2546249253678617,0,-0.3882963188761366,0.3796721288811475,2.6363207681749885,3,0.24620020465769926,0,-0.5028699995292573,0.5272972542088118,-0.026419560055882932,-1.5471474261915186,1.1914379855160337,0.24198831185855807,1.9023285408287558,0.1557070814399298,-1.0778621289498782,1.1446218126159036,2.442933213638131,0.5611564375612741,1.0862181166139284,-0.6708064196317143,-1.4365597039959321,-1.3265656924226743,-1.216108852854004,-0.6451239966845644,-0.5810160220117815,-1.1078234188139944,-0.10962571771513507,3,0
-0.5351035113981373,1,1,0.832219035825629,-1.863777753930116,1,-0.6605306743650393,0,0.3005949089230785,-2.432005601372186,-0.9686946078410421,6,-1.5679065665042957,2,-1.3537048233614937,-0.6738292391077482,-0.9853517398620016,1.4798801467918874,-0.6589728319256667,-0.9320143892374165,-0.1617378558263319,1.707499689688721,0.33809616377248186,0.48978855145794353,-0.6216307944711459,1.1834876055847166,0.8059898555710231,0.1427954259612064,-0.45954471421424803,-0.4421885641408914,-1.216108852854004,-0.6451239966845644,-0.5810160220117815,-1.1078234188139944,0.9436409819008672,2,1
0.5580067745319104,2,2,-0.15218006509062498,1.0633091032037203,2,0.2546249253678617,1,-0.8803614815898617,0.3796721288811475,-0.06744076383703446,7,-0.6608531809232983,1,0.964096285763257,-1.0742047368799348,-0.9853517398620016,-1.5471474261915186,1.1914379855160337,0.24198831185855807,-0.1617378558263319,-0.6201892226844657,0.33809616377248186,0.32608023616845355,0.7713528455785257,0.5611564375612741,-0.5951514496435035,-0.6708064196317143,0.8483702254986746,1.3265656924226743,0.8222948115649081,1.5500896031448563,1.7211229331292395,0.9026709338484401,-1.1628924173311372,1,0
0.7766288317179199,2,1,-0.2752299527051567,1.0633091032037203,3,-1.5756862740979403,0,-1.1756005792180968,-1.0261667362455194,0.8338130801669732,0,1.1532535902386967,1,-1.7172842236347006,0.12692175643662515,0.5329575448310196,0.47087095579741883,1.1914379855160337,0.24198831185855807,1.6443202412468698,0.9316033855643254,0.33809616377248186,2.454288334931823,0.4927561175685914,0.8723220215729953,3.6082724660000762,0.1427954259612064,0.5083629374959341,1.3265656924226743,0.8222948115649081,-0.6451239966845644,1.7211229331292395,0.9026709338484401,-0.10962571771513507,2,0
0.9952508889039294,2,2,-0.8904793907778153,1.0633091032037203,2,-0.6605306743650393,0,0.841866587908176,0.3796721288811475,2.6363207681749885,3,-1.5679065665042957,2,1.1958482884886217,0.12692175643662515,-0.9054407248781584,-0.5381382351970498,1.1914379855160337,-0.9320143892374165,1.3863119416649838,-0.6201892226844657,-1.0778621289498782,-0.8198779708579764,-0.6216307944711459,-0.061174730462168335,-0.875379710686409,-0.6708064196317143,-0.800057965443183,-1.3265656924226743,0.8222948115649081,-0.6451239966845644,-0.5810160220117815,-1.1078234188139944,-0.10962571771513507,3,0
-0.4257924828051325,2,1,-0.8904793907778153,0.0876134841591082,3,0.2546249253678617,1,0.5958340065513135,0.3796721288811475,-0.9686946078410421,2,1.1532535902386967,2,-1.074168902548425,0.5272972542088118,0.13340246991180352,-1.5471474261915186,1.1914379855160337,-0.9320143892374165,-0.5487503051991608,0.1557070814399298,0.33809616377248186,-0.9835862861474665,-0.9002275224810803,-0.6835058984856107,-1.1556079717293142,-1.4844082652246349,0.5093748639483232,-0.4421885641408914,0.8222948115649081,-0.6451239966845644,-0.5810160220117815,-1.1078234188139944,-1.1628924173311372,2,0
0.7766288317179199,2,1,0.09391971013843849,1.0633091032037203,4,1.1697805251007627,1,-1.2248070954894692,0.3796721288811475,-0.06744076383703446,0,1.1532535902386967,1,0.6757062860104079,-0.2734537413355615,0.6927795747987061,-1.5471474261915186,1.1914379855160337,-0.9320143892374165,-0.29074200561727487,1.707499689688721,1.754054456494842,-0.49246134027899646,-0.6216307944711459,-0.37234031447388954,-0.31492318860059826,0.1427954259612064,1.1509362347630179,-0.4421885641408914,-1.216108852854004,-0.6451239966845644,-0.5810160220117815,-1.1078234188139944,-0.10962571771513507,3,0
-0.7537255685841467,2,1,-0.02913017747609325,-0.8880821348855039,3,1.1697805251007627,1,0.841866587908176,-1.0261667362455194,-0.9686946078410421,2,0.24620020465769926,2,0.2535213156119874,-0.6738292391077482,-0.5857966649427855,-0.5381382351970498,-1.584178240646517,-0.9320143892374165,-0.1617378558263319,1.707499689688721,0.33809616377248186,0.48978855145794353,-1.1788242504910145,-0.37234031447388954,1.0862181166139284,0.956397271554127,1.1772463225251348,1.3265656924226743,0.8222948115649081,1.5500896031448563,1.7211229331292395,0.9026709338484401,-0.10962571771513507,2,0
0.23007368875289608,2,2,-0.5213297279342202,0.0876134841591082,5,1.1697805251007627,1,-0.4867093514188816,0.3796721288811475,-0.06744076383703446,8,1.1532535902386967,1,-1.5428729226145808,0.12692175643662515,0.6927795747987061,-0.5381382351970498,0.26623257679518353,0.24198831185855807,0.999299492292155,2.4833959938131165,1.754054456494842,-0.9835862861474665,-1.1788242504910145,-0.6835058984856107,-1.1556079717293142,0.1427954259612064,1.179270175429913,0.4421885641408914,0.8222948115649081,-0.6451239966845644,-0.5810160220117815,0.9026709338484401,-1.1628924173311372,2,1
-1.4095917401421754,2,1,-1.013529278392347,0.0876134841591082,3,-0.6605306743650393,1,-0.2406767700620191,0.3796721288811475,-0.9686946078410421,6,1.1532535902386967,1,-1.587143317313483,-0.2734537413355615,1.5718007396209817,0.47087095579741883,-1.584178240646517,0.24198831185855807,-0.6777544549901038,-0.6201892226844657,-1.0778621289498782,-0.8198779708579764,-1.1788242504910145,-0.061174730462168335,-1.1556079717293142,-0.6708064196317143,-1.4466789685198234,-1.3265656924226743,-1.216108852854004,-0.6451239966845644,-0.5810160220117815,-1.1078234188139944,1.9969076815168694,4,1
0.6673178031249152,2,1,-0.8904793907778153,-0.8880821348855039,3,1.1697805251007627,0,0.3005949089230785,1.7855109940078144,-0.9686946078410421,6,0.24620020465769926,0,1.0695019874273102,-0.6738292391077482,-0.5857966649427855,-0.5381382351970498,1.1914379855160337,1.4159910129545328,-0.6777544549901038,0.1557070814399298,-1.0778621289498782,-0.3287530249895065,-0.3430340664612116,-0.37234031447388954,-0.03469492755769292,0.1427954259612064,-0.5065992942503416,0.4421885641408914,0.8222948115649081,-0.6451239966845644,-0.5810160220117815,0.9026709338484401,-1.1628924173311372,2,0
1.4324950032759485,2,2,-0.7674295031632836,-0.8880821348855039,2,-1.5756862740979403,1,0.9894861367222936,-1.0261667362455194,-0.9686946078410421,8,0.24620020465769926,1,-1.4761159782273472,-0.6738292391077482,1.8914447995563546,0.47087095579741883,0.26623257679518353,-0.9320143892374165,-1.0647669043629329,-0.6201892226844657,0.33809616377248186,-0.6561696555684865,-0.6216307944711459,-0.6835058984856107,-0.5951514496435035,-0.6708064196317143,-0.2870112540819051,1.3265656924226743,0.8222948115649081,1.5500896031448563,1.7211229331292395,0.9026709338484401,-1.1628924173311372,2,1
-0.20717042561912297,2,2,-0.8904793907778153,0.0876134841591082,2,1.1697805251007627,0,1.5307578157073911,0.3796721288811475,-0.9686946078410421,8,1.1532535902386967,1,-0.6501568999878274,-0.6738292391077482,-0.4259746349750991,-0.5381382351970498,-1.584178240646517,-0.9320143892374165,-1.1937710541538757,0.1557070814399298,0.33809616377248186,-0.8198779708579764,-0.6216307944711459,-0.061174730462168335,-0.5951514496435035,0.1427954259612064,-0.3042140037725199,1.3265656924226743,0.8222948115649081,1.5500896031448563,1.7211229331292395,0.9026709338484401,-1.1628924173311372,2,0
-0.0978593970261182,2,1,-0.5213297279342202,1.0633091032037203,1,-0.6605306743650393,0,0.7926600716368035,-1.0261667362455194,-0.9686946078410421,6,-1.5679065665042957,1,-0.174425833144068,2.529174743069745,-1.2250847848135313,0.47087095579741883,1.1914379855160337,0.24198831185855807,-0.6777544549901038,0.1557070814399298,1.754054456494842,-0.9835862861474665,-0.9002275224810803,-0.6835058984856107,-1.1556079717293142,-0.6708064196317143,0.6065198033776776,0.4421885641408914,0.8222948115649081,1.5500896031448563,1.7211229331292395,0.9026709338484401,-1.1628924173311372,1,0
-0.4257924828051325,1,2,-1.013529278392347,0.0876134841591082,1,0.2546249253678617,0,-1.1756005792180968,1.7855109940078144,-0.06744076383703446,7,-1.5679065665042957,1,-1.5628297354629748,-0.2734537413355615,-0.10633057503972616,1.4798801467918874,-1.584178240646517,1.4159910129545328,-0.1617378558263319,0.1557070814399298,0.33809616377248186,-0.3287530249895065,-0.3430340664612116,-0.37234031447388954,-0.31492318860059826,-0.6708064196317143,-2.1636288600375067,-0.4421885641408914,-1.216108852854004,-0.6451239966845644,-0.5810160220117815,-1.1078234188139944,0.9436409819008672,3,0
-0.20717042561912297,2,1,-0.6443796155487519,-0.8880821348855039,4,0.2546249253678617,1,0.448214457737196,0.3796721288811475,-0.9686946078410421,2,1.1532535902386967,0,-0.4782753358076449,-0.6738292391077482,1.4918897246371383,-0.5381382351970498,0.26623257679518353,0.24198831185855807,-1.3227752039448188,0.1557070814399298,0.33809616377248186,-0.9835862861474665,-1.1788242504910145,-0.6835058984856107,-1.1556079717293142,0.1427954259612064,1.1327215586200141,-1.3265656924226743,-1.216108852854004,-0.6451239966845644,-0.5810160220117815,-1.1078234188139944,-0.10962571771513507,3,0
-1.081658654363161,2,1,-0.8904793907778153,1.0633091032037203,1,1.1697805251007627,0,-1.6184592256604493,0.3796721288811475,-0.9686946078410421,2,-1.5679065665042957,0,0.7591876017283379,-0.6738292391077482,-1.1451737698296882,-1.5471474261915186,1.1914379855160337,0.24198831185855807,-1.3227752039448188,2.4833959938131165,0.33809616377248186,-0.9835862861474665,-1.1788242504910145,-0.6835058984856107,-1.1556079717293142,-1.4844082652246349,0.6338418175921836,-0.4421885641408914,0.8222948115649081,-0.6451239966845644,-0.5810160220117815,-1.1078234188139944,-0.10962571771513507,2,0
-1.1909696829561658,2,1,1.9396680243564146,0.0876134841591082,1,-1.5756862740979403,1,-0.8803614815898617,-2.432005601372186,-0.9686946078410421,2,0.24620020465769926,2,-0.5277457451219738,-0.6738292391077482,-0.5857966649427855,-0.5381382351970498,0.26623257679518353,-0.9320143892374165,-1.3227752039448188,-0.6201892226844657,-1.0778621289498782,-0.9835862861474665,-1.1788242504910145,-0.6835058984856107,-0.875379710686409,0.956397271554127,-0.054268170032410135,-1.3265656924226743,-1.216108852854004,-0.6451239966845644,-0.5810160220117815,-1.1078234188139944,1.9969076815168694,4,1
-1.081658654363161,1,2,-0.15218006509062498,0.0876134841591082,1,1.1697805251007627,1,-1.4216331605749593,0.3796721288811475,0.8338130801669732,7,0.24620020465769926,2,-1.5934676594133264,-0.6738292391077482,-0.745618694910472,-0.5381382351970498,1.1914379855160337,-0.9320143892374165,-0.29074200561727487,-2.171981830933257,0.33809616377248186,0.32608023616845355,1.04994957358846,-0.37234031447388954,0.8059898555710231,-0.6708064196317143,2.223578274295473,0.4421885641408914,0.8222948115649081,-0.6451239966845644,-0.5810160220117815,-1.1078234188139944,-0.10962571771513507,2,0
-0.7537255685841467,1,1,-1.013529278392347,-0.8880821348855039,3,0.2546249253678617,0,-0.3882963188761366,0.3796721288811475,-0.06744076383703446,2,1.1532535902386967,2,-0.49640511649386204,-0.6738292391077482,-0.34606361999125584,1.4798801467918874,1.1914379855160337,-0.9320143892374165,0.09627044375555406,-0.6201892226844657,0.33809616377248186,0.8172051820369235,1.04994957358846,0.24999085354955286,0.8059898555710231,0.956397271554127,1.3416843710383648,0.4421885641408914,-1.216108852854004,-0.6451239966845644,-0.5810160220117815,0.9026709338484401,-0.10962571771513507,2,0
0.4486957459389056,2,1,0.340019485367502,0.0876134841591082,5,-0.6605306743650393,0,-0.8311549653184892,0.3796721288811475,2.6363207681749885,5,0.24620020465769926,1,0.27642948810697493,-0.6738292391077482,0.21331348489564675,-0.5381382351970498,1.1914379855160337,-0.9320143892374165,1.515316091455927,-2.171981830933257,0.33809616377248186,2.454288334931823,3.000126669658,3.9839778616902075,1.0862181166139284,0.1427954259612064,-2.330090761455515,-1.3265656924226743,-1.216108852854004,-0.6451239966845644,-0.5810160220117815,-1.1078234188139944,0.9436409819008672,4,1
-0.3164814542121277,0,2,1.6935682491273512,1.0633091032037203,2,-0.6605306743650393,1,0.3005949089230785,0.3796721288811475,-0.06744076383703446,7,0.24620020465769926,2,-0.6013891953512589,-1.0742047368799348,-0.6657076799266287,1.4798801467918874,0.26623257679518353,-0.9320143892374165,-0.1617378558263319,-0.6201892226844657,0.33809616377248186,0.32608023616845355,0.21415938955865704,1.8058187736081588,0.8059898555710231,1.7699991171470477,1.297159607133244,1.3265656924226743,0.8222948115649081,1.5500896031448563,1.7211229331292395,0.9026709338484401,0.9436409819008672,2,0
0.01145163156688656,2,1,1.201368698669224,-0.8880821348855039,1,-0.6605306743650393,1,0.349801425194451,0.3796721288811475,-0.9686946078410421,6,-0.6608531809232983,1,-0.5742647947897093,0.5272972542088118,1.5718007396209817,1.4798801467918874,-1.584178240646517,-0.9320143892374165,-0.41974615540821786,-1.3960855268088614,0.33809616377248186,-0.9835862861474665,-1.1788242504910145,-0.6835058984856107,-1.1556079717293142,0.1427954259612064,-0.5814818517271356,-0.4421885641408914,-1.216108852854004,-0.6451239966845644,-0.5810160220117815,0.9026709338484401,-0.10962571771513507,3,0
0.9952508889039294,1,2,-0.5213297279342202,1.0633091032037203,2,-1.5756862740979403,1,1.5799643319787637,0.3796721288811475,-0.06744076383703446,7,1.1532535902386967,2,0.8617824846813495,0.5272972542088118,0.6128685598148629,1.4798801467918874,0.26623257679518353,-0.9320143892374165,0.35427874333744,0.9316033855643254,0.33809616377248186,0.32608023616845355,0.4927561175685914,-0.6835058984856107,1.0862181166139284,0.956397271554127,1.4226384872294935,-0.4421885641408914,0.8222948115649081,-0.6451239966845644,-0.5810160220117815,-1.1078234188139944,0.9436409819008672,3,0
-0.20717042561912297,2,1,-0.15218006509062498,-1.863777753930116,1,1.1697805251007627,1,-1.4708396768463317,1.7855109940078144,-0.9686946078410421,2,1.1532535902386967,1,-1.3240506859600067,-0.6738292391077482,-0.2661526050074126,0.47087095579741883,1.1914379855160337,-0.9320143892374165,-1.3227752039448188,-0.6201892226844657,0.33809616377248186,-0.9835862861474665,-1.1788242504910145,-0.6835058984856107,-0.875379710686409,0.956397271554127,-2.1550274851921993,1.3265656924226743,0.8222948115649081,1.5500896031448563,1.7211229331292395,0.9026709338484401,-1.1628924173311372,1,0
1.213872946089939,2,1,-1.013529278392347,-0.8880821348855039,1,-1.5756862740979403,1,1.5799643319787637,-1.0261667362455194,0.8338130801669732,2,0.24620020465769926,2,0.7000198678609162,2.529174743069745,-1.1451737698296882,-1.5471474261915186,1.1914379855160337,-0.9320143892374165,1.515316091455927,-0.6201892226844657,0.33809616377248186,-0.9835862861474665,-1.1788242504910145,-0.6835058984856107,-1.1556079717293142,-1.4844082652246349,0.4623202839122297,0.4421885641408914,0.8222948115649081,1.5500896031448563,1.7211229331292395,0.9026709338484401,-0.10962571771513507,2,0
-0.9723476257701563,2,1,-0.5213297279342202,1.0633091032037203,5,0.2546249253678617,1,-0.7819484490471167,0.3796721288811475,-0.9686946078410421,2,0.24620020465769926,2,-0.44046982414413793,-0.6738292391077482,-1.2250847848135313,-0.5381382351970498,0.26623257679518353,-0.9320143892374165,-1.1937710541538757,0.1557070814399298,-1.0778621289498782,-0.8198779708579764,-0.6216307944711459,-0.061174730462168335,-0.5951514496435035,-0.6708064196317143,1.1114711031198428,-0.4421885641408914,0.8222948115649081,-0.6451239966845644,-0.5810160220117815,-1.1078234188139944,3.0501743811328716,2,1
0.7766288317179199,2,2,-1.013529278392347,2.0390047222483325,2,-0.6605306743650393,0,0.448214457737196,0.3796721288811475,-0.06744076383703446,7,-1.5679065665042957,0,-1.448148332052485,0.9276727519809984,1.1722456647017656,0.47087095579741883,0.26623257679518353,0.24198831185855807,-0.29074200561727487,-0.6201892226844657,-1.0778621289498782,-0.49246134027899646,-0.3430340664612116,-0.37234031447388954,-0.31492318860059826,-1.4844082652246349,2.348045227939333,-1.3265656924226743,-1.216108852854004,-0.6451239966845644,1.7211229331292395,-1.1078234188139944,0.9436409819008672,3,0
-0.20717042561912297,0,1,0.21696959775297023,-0.8880821348855039,3,0.2546249253678617,1,0.645040522822686,-1.0261667362455194,0.8338130801669732,0,-1.5679065665042957,1,-0.8448060957274455,-0.2734537413355615,-0.5857966649427855,-0.5381382351970498,0.26623257679518353,0.24198831185855807,-0.1617378558263319,0.1557070814399298,0.33809616377248186,-0.49246134027899646,-1.1788242504910145,-0.061174730462168335,-0.31492318860059826,0.1427954259612064,-1.0935166366360245,1.3265656924226743,0.8222948115649081,1.5500896031448563,1.7211229331292395,0.9026709338484401,1.9969076815168694,2,0
-1.1909696829561658,2,2,1.6935682491273512,0.0876134841591082,2,0.2546249253678617,0,-0.9295679978612341,-1.0261667362455194,-0.06744076383703446,7,1.1532535902386967,1,1.0010585518134516,1.7284237475253719,1.8115337845725112,1.4798801467918874,0.26623257679518353,0.24198831185855807,-0.8067586047810468,-0.6201892226844657,-1.0778621289498782,-0.8198779708579764,-0.6216307944711459,-0.6835058984856107,-1.1556079717293142,1.7699991171470477,-0.9847345430041953,0.4421885641408914,-1.216108852854004,-0.6451239966845644,-0.5810160220117815,0.9026709338484401,-0.10962571771513507,2,0
-0.4257924828051325,1,1,-1.013529278392347,-0.8880821348855039,1,-1.5756862740979403,0,1.5799643319787637,0.3796721288811475,0.8338130801669732,5,1.1532535902386967,2,0.11705606719092672,-0.6738292391077482,-1.2250847848135313,-0.5381382351970498,0.26623257679518353,-0.9320143892374165,0.483282893128383,-1.3960855268088614,0.33809616377248186,1.3083301279053936,2.7215299416480656,1.8058187736081588,2.2071311607855497,-0.6708064196317143,-1.634391325438003,-0.4421885641408914,-1.216108852854004,-0.6451239966845644,-0.5810160220117815,-1.1078234188139944,-1.1628924173311372,3,0
-0.20717042561912297,1,2,1.0783188110546924,2.0390047222483325,1,-0.6605306743650393,1,0.251388392651706,0.3796721288811475,0.8338130801669732,7,-1.5679065665042957,1,-0.4612698826058444,-0.6738292391077482,0.5329575448310196,1.4798801467918874,1.1914379855160337,0.24198831185855807,-0.29074200561727487,0.1557070814399298,-1.0778621289498782,0.32608023616845355,1.04994957358846,-0.37234031447388954,1.0862181166139284,0.1427954259612064,1.3497797826574778,-0.4421885641408914,-1.216108852854004,-0.6451239966845644,-0.5810160220117815,-1.1078234188139944,0.9436409819008672,3,0
-0.20717042561912297,2,1,1.6935682491273512,1.0633091032037203,3,0.2546249253678617,0,-1.7660787744745667,0.3796721288811475,-0.9686946078410421,2,-1.5679065665042957,1,0.23735910802349927,0.12692175643662515,-1.1451737698296882,0.47087095579741883,0.26623257679518353,0.24198831185855807,-0.9357627545719898,0.1557070814399298,0.33809616377248186,-0.8198779708579764,-0.6216307944711459,-0.061174730462168335,-0.5951514496435035,0.1427954259612064,-0.5789520355961628,0.4421885641408914,0.8222948115649081,-0.6451239966845644,-0.5810160220117815,0.9026709338484401,-0.10962571771513507,4,0
-0.6444145399911421,2,1,-0.2752299527051567,1.0633091032037203,1,1.1697805251007627,1,-0.8803614815898617,0.3796721288811475,-0.06744076383703446,2,1.1532535902386967,0,-0.6725029087406067,0.12692175643662515,0.7726905897825493,1.4798801467918874,1.1914379855160337,0.24198831185855807,-0.1617378558263319,0.1557070814399298,-1.0778621289498782,-0.001336394410526465,0.7713528455785257,-0.37234031447388954,0.8059898555710231,1.7699991171470477,0.3763065354591555,1.3265656924226743,0.8222948115649081,1.5500896031448563,-0.5810160220117815,0.9026709338484401,0.9436409819008672,2,0
0.01145163156688656,2,1,-1.013529278392347,1.0633091032037203,1,-1.5756862740979403,1,-0.7327419327757442,-1.0261667362455194,-0.06744076383703446,4,0.24620020465769926,0,-1.6336623669812185,-0.6738292391077482,-0.9853517398620016,0.47087095579741883,0.26623257679518353,0.24198831185855807,-0.5487503051991608,-0.6201892226844657,1.754054456494842,-0.001336394410526465,0.21415938955865704,-0.6835058984856107,0.8059898555710231,0.1427954259612064,0.4820528497338173,-0.4421885641408914,0.8222948115649081,-0.6451239966845644,-0.5810160220117815,-1.1078234188139944,-1.1628924173311372,2,0
-0.5351035113981373,2,1,-1.013529278392347,0.0876134841591082,3,-1.5756862740979403,1,-1.6184592256604493,0.3796721288811475,-0.06744076383703446,4,1.1532535902386967,1,-0.48291318668086325,-0.6738292391077482,0.5329575448310196,1.4798801467918874,-0.6589728319256667,0.24198831185855807,-0.29074200561727487,0.1557070814399298,0.33809616377248186,0.32608023616845355,1.04994957358846,1.4946531895964377,1.0862181166139284,1.7699991171470477,-0.9665198668611914,-1.3265656924226743,-1.216108852854004,-0.6451239966845644,-0.5810160220117815,-1.1078234188139944,-1.1628924173311372,3,0
0.12076266015989133,1,1,2.4318675748145413,2.0390047222483325,1,1.1697805251007627,0,-0.7819484490471167,0.3796721288811475,-0.06744076383703446,2,1.1532535902386967,2,-1.2447855983086387,-0.6738292391077482,1.4119787096532952,-1.5471474261915186,1.1914379855160337,-0.9320143892374165,-0.1617378558263319,-0.6201892226844657,0.33809616377248186,0.48978855145794353,-0.3430340664612116,2.11698435761988,1.3664463776568336,1.7699991171470477,0.693545478283141,0.4421885641408914,-1.216108852854004,-0.6451239966845644,-0.5810160220117815,0.9026709338484401,-0.10962571771513507,3,0
1.4324950032759485,2,1,-0.2752299527051567,-0.8880821348855039,3,-0.6605306743650393,0,-1.1263940629467242,-1.0261667362455194,2.6363207681749885,5,0.24620020465769926,0,0.33559722197439673,0.9276727519809984,0.7726905897825493,-0.5381382351970498,1.1914379855160337,0.24198831185855807,2.289340990201585,-0.6201892226844657,-1.0778621289498782,3.2728299113792736,-0.3430340664612116,3.361646693666765,1.0862181166139284,-0.6708064196317143,0.01353090227766013,-0.4421885641408914,-1.216108852854004,-0.6451239966845644,1.7211229331292395,-1.1078234188139944,0.9436409819008672,3,0
2.4162942606129914,2,2,1.9396680243564146,0.0876134841591082,1,-1.5756862740979403,0,1.6291708482501361,0.3796721288811475,0.8338130801669732,7,-1.5679065665042957,2,-1.6807435803911621,1.7284237475253719,0.0534914549279603,-1.5471474261915186,1.1914379855160337,-0.9320143892374165,2.160336840410642,0.1557070814399298,-1.0778621289498782,2.2905800196423334,3.2787233976679344,1.4946531895964377,1.3664463776568336,0.1427954259612064,0.055019886825613575,-1.3265656924226743,-1.216108852854004,-0.6451239966845644,-0.5810160220117815,-1.1078234188139944,1.9969076815168694,3,0
-0.0978593970261182,2,1,-0.15218006509062498,0.0876134841591082,5,0.2546249253678617,0,-0.3390898026047641,0.3796721288811475,0.8338130801669732,0,0.24620020465769926,0,-0.8588601892826525,-0.6738292391077482,-0.2661526050074126,-0.5381382351970498,-0.6589728319256667,2.5899937140505074,0.741291192710269,-0.6201892226844657,0.33809616377248186,1.6357467584843735,2.7215299416480656,3.0504811096550437,1.0862181166139284,-0.6708064196317143,-1.1694111205652076,0.4421885641408914,0.8222948115649081,-0.6451239966845644,-0.5810160220117815,0.9026709338484401,0.9436409819008672,2,0
1.9790501462409722,2,1,-0.15218006509062498,0.0876134841591082,3,1.1697805251007627,0,-1.6184592256604493,0.3796721288811475,1.7350669241709809,3,0.24620020465769926,0,0.761295715761619,-0.2734537413355615,0.29322449987949,0.47087095579741883,0.26623257679518353,2.5899937140505074,1.257307791874041,-0.6201892226844657,0.33809616377248186,-0.3287530249895065,-1.1788242504910145,-0.6835058984856107,-0.5951514496435035,0.1427954259612064,-1.644510589961894,-1.3265656924226743,-1.216108852854004,-0.6451239966845644,-0.5810160220117815,-1.1078234188139944,-0.10962571771513507,2,0
-0.0978593970261182,1,1,0.21696959775297023,0.0876134841591082,1,-0.6605306743650393,1,1.432344783164646,-1.0261667362455194,-0.06744076383703446,4,-0.6608531809232983,2,1.1725184931869779,-0.6738292391077482,0.6128685598148629,-0.5381382351970498,0.26623257679518353,-0.9320143892374165,-0.6777544549901038,0.1557070814399298,0.33809616377248186,-0.16504470970001647,0.21415938955865704,-0.6835058984856107,-0.31492318860059826,-0.6708064196317143,0.6368775969493509,-1.3265656924226743,-1.216108852854004,-0.6451239966845644,-0.5810160220117815,-1.1078234188139944,-1.1628924173311372,3,0
0.8859398603109246,2,1,-0.2752299527051567,0.0876134841591082,1,-0.6605306743650393,1,-0.3390898026047641,0.3796721288811475,0.8338130801669732,6,-1.5679065665042957,0,0.6287656135360162,-0.2734537413355615,-0.745618694910472,0.47087095579741883,0.26623257679518353,0.24198831185855807,1.773324391037813,-0.6201892226844657,0.33809616377248186,-0.9835862861474665,-1.1788242504910145,-0.6835058984856107,-1.1556079717293142,-1.4844082652246349,-0.06995303004444131,-1.3265656924226743,-1.216108852854004,-0.6451239966845644,-0.5810160220117815,-1.1078234188139944,-0.10962571771513507,3,0
-0.20717042561912297,1,1,-1.013529278392347,0.0876134841591082,3,-0.6605306743650393,1,0.645040522822686,0.3796721288811475,-0.9686946078410421,6,-1.5679065665042957,1,-1.1868827328611855,0.5272972542088118,0.6128685598148629,-0.5381382351970498,1.1914379855160337,0.24198831185855807,-0.8067586047810468,-0.6201892226844657,-1.0778621289498782,-0.6561696555684865,-0.6216307944711459,-0.37234031447388954,-0.5951514496435035,-1.4844082652246349,0.8873293939156552,-0.4421885641408914,-1.216108852854004,-0.6451239966845644,-0.5810160220117815,-1.1078234188139944,0.9436409819008672,3,0
-0.0978593970261182,2,1,-0.02913017747609325,0.0876134841591082,3,1.1697805251007627,1,0.645040522822686,-1.0261667362455194,-0.9686946078410421,6,0.24620020465769926,1,1.0489830108367078,-1.0742047368799348,0.37313551486333324,0.47087095579741883,-1.584178240646517,0.24198831185855807,-1.1937710541538757,-2.171981830933257,-1.0778621289498782,-0.9835862861474665,-1.1788242504910145,-0.6835058984856107,-1.1556079717293142,-0.6708064196317143,2.2979548685460722,0.4421885641408914,0.8222948115649081,-0.6451239966845644,1.7211229331292395,0.9026709338484401,-0.10962571771513507,2,1
2.4162942606129914,1,2,-1.013529278392347,-1.863777753930116,1,-1.5756862740979403,0,-0.4375028351475091,-1.0261667362455194,-0.06744076383703446,7,0.24620020465769926,2,1.4552868555177443,1.7284237475253719,-0.2661526050074126,-1.5471474261915186,1.1914379855160337,-0.9320143892374165,1.1283036420830979,-0.6201892226844657,-1.0778621289498782,-0.49246134027899646,-0.3430340664612116,-0.37234031447388954,-0.31492318860059826,-1.4844082652246349,-0.7555332015380622,-1.3265656924226743,-1.216108852854004,-0.6451239966845644,-0.5810160220117815,-1.1078234188139944,0.9436409819008672,3,0
-0.8630365971771515,2,1,-0.8904793907778153,0.0876134841591082,1,0.2546249253678617,1,0.4974209740085685,0.3796721288811475,-0.9686946078410421,6,-0.6608531809232983,1,-1.3150560660846742,-1.0742047368799348,1.0124236347340791,1.4798801467918874,1.1914379855160337,0.24198831185855807,-0.6777544549901038,0.1557070814399298,0.33809616377248186,-0.3287530249895065,-0.06443733845127728,-0.6835058984856107,-0.03469492755769292,0.1427954259612064,-0.7044309156924122,1.3265656924226743,0.8222948115649081,1.5500896031448563,1.7211229331292395,0.9026709338484401,-0.10962571771513507,2,0
-0.6444145399911421,2,1,-1.013529278392347,1.0633091032037203,3,0.2546249253678617,1,1.038692652993666,0.3796721288811475,-0.9686946078410421,6,-0.6608531809232983,2,0.6270791223093914,-0.6738292391077482,-1.2250847848135313,0.47087095579741883,-0.6589728319256667,-0.9320143892374165,-1.3227752039448188,0.9316033855643254,0.33809616377248186,-0.9835862861474665,-0.9002275224810803,-0.37234031447388954,-1.1556079717293142,-1.4844082652246349,2.0834264606395814,-1.3265656924226743,0.8222948115649081,-0.6451239966845644,-0.5810160220117815,-1.1078234188139944,0.9436409819008672,2,0
-0.5351035113981373,2,1,-1.013529278392347,0.0876134841591082,1,-0.6605306743650393,1,0.005355811294843447,0.3796721288811475,-0.06744076383703446,6,-0.6608531809232983,1,-0.9791632301152251,-0.6738292391077482,-0.2661526050074126,0.47087095579741883,-0.6589728319256667,1.4159910129545328,-0.1617378558263319,0.1557070814399298,0.33809616377248186,0.48978855145794353,-0.06443733845127728,-0.6835058984856107,1.3664463776568336,0.1427954259612064,0.6788725447234989,-0.4421885641408914,-1.216108852854004,-0.6451239966845644,-0.5810160220117815,-1.1078234188139944,1.9969076815168694,4,0
-0.0978593970261182,2,1,-0.39827984031968844,0.0876134841591082,1,-0.6605306743650393,0,-0.5359158676902541,1.7855109940078144,-0.9686946078410421,2,1.1532535902386967,1,1.0806047213359238,0.12692175643662515,0.29322449987949,-0.5381382351970498,-0.6589728319256667,-0.9320143892374165,-0.8067586047810468,0.1557070814399298,0.33809616377248186,-0.9835862861474665,-1.1788242504910145,-0.6835058984856107,-1.1556079717293142,0.956397271554127,-0.542522683310155,-0.4421885641408914,-1.216108852854004,-0.6451239966845644,-0.5810160220117815,0.9026709338484401,0.9436409819008672,3,0
-0.6444145399911421,2,1,-0.15218006509062498,1.0633091032037203,1,0.2546249253678617,0,-0.2406767700620191,0.3796721288811475,-0.06744076383703446,4,1.1532535902386967,0,0.8950906864071904,-0.6738292391077482,-0.2661526050074126,1.4798801467918874,1.1914379855160337,-0.9320143892374165,-0.032733706035388915,-0.6201892226844657,0.33809616377248186,0.6534968667474336,0.7713528455785257,-0.37234031447388954,1.0862181166139284,1.7699991171470477,0.40109873354268866,0.4421885641408914,0.8222948115649081,1.5500896031448563,-0.5810160220117815,0.9026709338484401,0.9436409819008672,2,0
-0.20717042561912297,2,2,-1.013529278392347,1.0633091032037203,2,0.2546249253678617,1,-1.6676657419318217,-1.0261667362455194,-0.06744076383703446,7,-1.5679065665042957,2,1.2231132299857235,-1.0742047368799348,0.6927795747987061,0.47087095579741883,-0.6589728319256667,-0.9320143892374165,0.612287042919326,-0.6201892226844657,0.33809616377248186,1.3083301279053936,2.442933213638131,-0.061174730462168335,1.0862181166139284,-0.6708064196317143,-1.2129239580179392,1.3265656924226743,0.8222948115649081,1.5500896031448563,-0.5810160220117815,0.9026709338484401,-1.1628924173311372,2,0
0.8859398603109246,2,1,-0.39827984031968844,1.0633091032037203,4,1.1697805251007627,1,-0.6835354165043717,0.3796721288811475,0.8338130801669732,5,-1.5679065665042957,1,0.10595333328231313,0.5272972542088118,-0.5857966649427855,0.47087095579741883,-0.6589728319256667,-0.9320143892374165,0.741291192710269,0.1557070814399298,1.754054456494842,-1.1472946014369565,-1.1788242504910145,-0.6835058984856107,-1.1556079717293142,-1.4844082652246349,0.7304807937953435,-1.3265656924226743,-1.216108852854004,-0.6451239966845644,-0.5810160220117815,-1.1078234188139944,-1.1628924173311372,2,0
0.01145163156688656,2,1,-0.2752299527051567,1.0633091032037203,3,-1.5756862740979403,1,-1.7660787744745667,0.3796721288811475,0.8338130801669732,5,0.24620020465769926,2,1.538206007493466,0.5272972542088118,-0.6657076799266287,-0.5381382351970498,-1.584178240646517,-0.9320143892374165,0.612287042919326,0.1557070814399298,1.754054456494842,-0.3287530249895065,-0.6216307944711459,-0.6835058984856107,-0.5951514496435035,0.1427954259612064,0.8686087545464567,-1.3265656924226743,-1.216108852854004,-0.6451239966845644,-0.5810160220117815,-1.1078234188139944,-0.10962571771513507,3,0
0.9952508889039294,2,0,-0.5213297279342202,-0.8880821348855039,3,-0.6605306743650393,1,0.6942470390940585,0.3796721288811475,-0.06744076383703446,1,-0.6608531809232983,0,-0.5464376895503993,2.1287992452975586,-0.18624159002356938,1.4798801467918874,1.1914379855160337,0.24198831185855807,0.612287042919326,-0.6201892226844657,0.33809616377248186,-0.49246134027899646,-0.6216307944711459,-0.6835058984856107,-0.5951514496435035,0.1427954259612064,-0.3669534438206446,-0.4421885641408914,-1.216108852854004,-0.6451239966845644,-0.5810160220117815,-1.1078234188139944,-0.10962571771513507,3,0
-0.7537255685841467,2,1,-1.013529278392347,-1.863777753930116,1,1.1697805251007627,1,-0.5359158676902541,-1.0261667362455194,-0.06744076383703446,2,1.1532535902386967,1,0.23679694428129097,-0.6738292391077482,1.2521566796856087,-0.5381382351970498,0.26623257679518353,1.4159910129545328,-0.1617378558263319,-1.3960855268088614,-1.0778621289498782,0.48978855145794353,1.04994957358846,0.24999085354955286,-1.1556079717293142,-0.6708064196317143,-0.13674017590212248,1.3265656924226743,0.8222948115649081,-0.6451239966845644,1.7211229331292395,0.9026709338484401,-1.1628924173311372,2,0
-0.20717042561912297,2,1,-1.013529278392347,0.0876134841591082,3,-0.6605306743650393,1,-1.7660787744745667,-1.0261667362455194,-0.9686946078410421,6,0.24620020465769926,2,1.6815577617565782,-0.6738292391077482,-1.2250847848135313,0.47087095579741883,-1.584178240646517,-0.9320143892374165,-0.6777544549901038,0.1557070814399298,0.33809616377248186,-0.16504470970001647,-0.06443733845127728,-0.6835058984856107,-0.03469492755769292,0.956397271554127,-1.8696642256184706,0.4421885641408914,-1.216108852854004,1.5500896031448563,-0.5810160220117815,-1.1078234188139944,-1.1628924173311372,2,0
1.9790501462409722,2,2,-1.013529278392347,-0.8880821348855039,1,-1.5756862740979403,1,0.20218187638033347,0.3796721288811475,0.8338130801669732,7,1.1532535902386967,1,0.5310896633273271,0.12692175643662515,0.37313551486333324,0.47087095579741883,1.1914379855160337,0.24198831185855807,1.6443202412468698,0.9316033855643254,0.33809616377248186,-0.9835862861474665,-1.1788242504910145,-0.37234031447388954,-1.1556079717293142,0.1427954259612064,-1.5827830763661583,0.4421885641408914,0.8222948115649081,-0.6451239966845644,-0.5810160220117815,0.9026709338484401,-0.10962571771513507,2,0
0.12076266015989133,0,1,-0.39827984031968844,0.0876134841591082,3,-0.6605306743650393,0,0.645040522822686,-2.432005601372186,-0.06744076383703446,6,1.1532535902386967,0,0.19730494139115912,1.7284237475253719,-0.745618694910472,-1.5471474261915186,1.1914379855160337,2.5899937140505074,0.741291192710269,0.1557070814399298,0.33809616377248186,0.9809134973264135,1.885739757618263,-0.37234031447388954,1.3664463776568336,0.1427954259612064,-0.19340805723591253,1.3265656924226743,0.8222948115649081,1.5500896031448563,1.7211229331292395,0.9026709338484401,0.9436409819008672,2,0
-0.3164814542121277,2,1,-1.013529278392347,-0.8880821348855039,3,-1.5756862740979403,1,1.3831382668932737,0.3796721288811475,-0.06744076383703446,4,-0.6608531809232983,1,0.4810570902707899,-0.6738292391077482,0.4530465298471764,0.47087095579741883,0.26623257679518353,-0.9320143892374165,-0.8067586047810468,-0.6201892226844657,0.33809616377248186,-0.3287530249895065,-0.6216307944711459,-0.37234031447388954,-0.31492318860059826,-0.6708064196317143,-0.23084933597430954,-1.3265656924226743,-1.216108852854004,-0.6451239966845644,-0.5810160220117815,-1.1078234188139944,0.9436409819008672,3,0
2.088361174833977,2,1,-0.2752299527051567,0.0876134841591082,1,1.1697805251007627,1,-0.8311549653184892,-2.432005601372186,0.8338130801669732,4,1.1532535902386967,2,1.0378802769280941,0.5272972542088118,-0.8255297098943152,-1.5471474261915186,-1.584178240646517,-0.9320143892374165,3.321374188529129,0.1557070814399298,-1.0778621289498782,-0.16504470970001647,-0.06443733845127728,-0.6835058984856107,-0.5951514496435035,-0.6708064196317143,1.9341673089121878,-1.3265656924226743,-1.216108852854004,-0.6451239966845644,-0.5810160220117815,-1.1078234188139944,-0.10962571771513507,2,0
-1.5189027687351802,2,2,-0.8904793907778153,-1.863777753930116,5,0.2546249253678617,1,-0.19147025379064658,0.3796721288811475,-0.9686946078410421,8,-1.5679065665042957,0,-0.6739083180961274,0.12692175643662515,-0.18624159002356938,0.47087095579741883,0.26623257679518353,0.24198831185855807,-1.0647669043629329,0.1557070814399298,0.33809616377248186,-1.1472946014369565,-1.1788242504910145,-0.6835058984856107,-1.1556079717293142,-1.4844082652246349,0.7901844544863008,-0.4421885641408914,0.8222948115649081,-0.6451239966845644,-0.5810160220117815,-1.1078234188139944,-0.10962571771513507,2,0
1.5418060318689533,2,1,-0.02913017747609325,1.0633091032037203,1,1.1697805251007627,1,1.4815512994360187,0.3796721288811475,-0.9686946078410421,2,1.1532535902386967,1,0.6200520755317879,0.12692175643662515,0.7726905897825493,1.4798801467918874,-0.6589728319256667,1.4159910129545328,-0.1617378558263319,0.9316033855643254,0.33809616377248186,-0.49246134027899646,-0.6216307944711459,-0.6835058984856107,-0.31492318860059826,0.956397271554127,1.0451899204883561,1.3265656924226743,0.8222948115649081,1.5500896031448563,-0.5810160220117815,0.9026709338484401,-1.1628924173311372,2,0
-0.7537255685841467,2,1,-0.8904793907778153,0.0876134841591082,1,0.2546249253678617,1,1.6291708482501361,-1.0261667362455194,-0.06744076383703446,0,1.1532535902386967,1,0.2131860671085431,-0.6738292391077482,1.0923346497179223,1.4798801467918874,-1.584178240646517,2.5899937140505074,-0.032733706035388915,0.1557070814399298,0.33809616377248186,0.6534968667474336,1.6071430296083287,2.4281499416316015,1.0862181166139284,0.956397271554127,0.025168056480134877,1.3265656924226743,0.8222948115649081,1.5500896031448563,1.7211229331292395,0.9026709338484401,-0.10962571771513507,2,0
0.9952508889039294,2,2,-0.02913017747609325,-0.8880821348855039,3,0.2546249253678617,1,-0.09305722124790157,-1.0261667362455194,0.8338130801669732,7,1.1532535902386967,2,-0.10078238291478293,-0.6738292391077482,1.0923346497179223,0.47087095579741883,1.1914379855160337,-0.9320143892374165,-0.29074200561727487,0.1557070814399298,0.33809616377248186,0.32608023616845355,1.04994957358846,0.5611564375612741,0.8059898555710231,0.1427954259612064,-0.43475251613071486,1.3265656924226743,0.8222948115649081,1.5500896031448563,-0.5810160220117815,0.9026709338484401,-1.1628924173311372,1,1
0.33938471734590087,1,1,-1.013529278392347,1.0633091032037203,1,0.2546249253678617,1,0.5958340065513135,-1.0261667362455194,1.7350669241709809,0,-0.6608531809232983,1,-0.027841637363258218,-0.6738292391077482,-0.2661526050074126,1.4798801467918874,1.1914379855160337,0.24198831185855807,1.3863119416649838,0.1557070814399298,-1.0778621289498782,2.454288334931823,-0.3430340664612116,2.7393155256433226,1.9269028997426445,0.1427954259612064,0.2118684869459254,1.3265656924226743,0.8222948115649081,-0.6451239966845644,-0.5810160220117815,0.9026709338484401,-0.10962571771513507,3,0
1.5418060318689533,2,2,1.4474684738982875,1.0633091032037203,2,0.2546249253678617,1,0.251388392651706,0.3796721288811475,-0.06744076383703446,7,1.1532535902386967,2,-0.8278006425256449,-1.0742047368799348,-1.2250847848135313,1.4798801467918874,1.1914379855160337,-0.9320143892374165,-0.032733706035388915,-0.6201892226844657,-2.4938204216722384,0.48978855145794353,0.7713528455785257,-0.37234031447388954,-1.1556079717293142,1.7699991171470477,0.4855945923171792,0.4421885641408914,0.8222948115649081,1.5500896031448563,-0.5810160220117815,0.9026709338484401,0.9436409819008672,3,0
-0.7537255685841467,2,2,-0.6443796155487519,-0.8880821348855039,3,0.2546249253678617,0,-0.14226373751927407,-1.0261667362455194,-0.06744076383703446,7,-0.6608531809232983,0,0.7655119438281811,-0.6738292391077482,2.450821904443257,-0.5381382351970498,-0.6589728319256667,2.5899937140505074,-0.032733706035388915,0.9316033855643254,-1.0778621289498782,0.6534968667474336,1.04994957358846,-0.061174730462168335,0.8059898555710231,-0.6708064196317143,-0.67862679115649,-0.4421885641408914,-1.216108852854004,-0.6451239966845644,1.7211229331292395,-1.1078234188139944,-0.10962571771513507,3,0
0.9952508889039294,1,1,-1.013529278392347,0.0876134841591082,3,0.2546249253678617,1,-1.2740136117608418,-1.0261667362455194,0.8338130801669732,0,-1.5679065665042957,1,-1.5699973231761304,-0.2734537413355615,-0.2661526050074126,-0.5381382351970498,0.26623257679518353,0.24198831185855807,1.257307791874041,1.707499689688721,-1.0778621289498782,0.48978855145794353,1.3285463015983943,2.11698435761988,0.24553333348521242,-1.4844082652246349,0.921734893296885,1.3265656924226743,0.8222948115649081,-0.6451239966845644,-0.5810160220117815,0.9026709338484401,-0.10962571771513507,2,0
-0.5351035113981373,2,2,-0.39827984031968844,1.0633091032037203,3,-0.6605306743650393,1,1.038692652993666,0.3796721288811475,-0.06744076383703446,7,0.24620020465769926,2,1.4037083321701342,-0.6738292391077482,-0.026419560055882932,0.47087095579741883,-1.584178240646517,-0.9320143892374165,0.09627044375555406,-2.171981830933257,0.33809616377248186,0.6534968667474336,1.04994957358846,0.8723220215729953,0.8059898555710231,-0.6708064196317143,-0.39427545803515057,-0.4421885641408914,0.8222948115649081,-0.6451239966845644,-0.5810160220117815,-1.1078234188139944,-0.10962571771513507,3,0
1.8697391176479676,2,1,-0.8904793907778153,1.0633091032037203,5,-1.5756862740979403,0,-0.2898832863333916,0.3796721288811475,0.8338130801669732,5,0.24620020465769926,1,1.361546051504513,2.529174743069745,-1.0652627548458449,-0.5381382351970498,-1.584178240646517,0.24198831185855807,0.612287042919326,1.707499689688721,-2.4938204216722384,-0.49246134027899646,-0.3430340664612116,-0.6835058984856107,-0.31492318860059826,-1.4844082652246349,0.5033033052339886,-1.3265656924226743,-1.216108852854004,-0.6451239966845644,-0.5810160220117815,-1.1078234188139944,-0.10962571771513507,3,0
-1.4095917401421754,2,2,-0.7674295031632836,-0.8880821348855039,4,-1.5756862740979403,0,-1.6184592256604493,0.3796721288811475,-0.06744076383703446,7,0.24620020465769926,1,0.4505597072559906,-1.0742047368799348,-0.2661526050074126,0.47087095579741883,-1.584178240646517,0.24198831185855807,-0.9357627545719898,-0.6201892226844657,-1.0778621289498782,-0.6561696555684865,-0.6216307944711459,-0.6835058984856107,-0.5951514496435035,-0.6708064196317143,-1.7492449777841668,-1.3265656924226743,-1.216108852854004,-0.6451239966845644,1.7211229331292395,-1.1078234188139944,1.9969076815168694,4,0
-0.9723476257701563,0,2,-0.6443796155487519,0.0876134841591082,3,-0.6605306743650393,1,-1.1263940629467242,0.3796721288811475,-0.06744076383703446,7,0.24620020465769926,1,-0.7659626308827338,-0.6738292391077482,-0.5058856499589423,0.47087095579741883,-0.6589728319256667,-0.9320143892374165,-0.8067586047810468,0.1557070814399298,1.754054456494842,-0.3287530249895065,-0.06443733845127728,-0.6835058984856107,-0.03469492755769292,0.956397271554127,-0.3264763857250803,1.3265656924226743,0.8222948115649081,1.5500896031448563,1.7211229331292395,0.9026709338484401,-0.10962571771513507,2,0
2.3069832320199866,2,2,0.09391971013843849,1.0633091032037203,3,1.1697805251007627,1,-1.4216331605749593,0.3796721288811475,1.7350669241709809,7,0.24620020465769926,2,1.418886753209758,-1.0742047368799348,0.6128685598148629,-0.5381382351970498,0.26623257679518353,-0.9320143892374165,3.4503783383200717,-1.3960855268088614,-1.0778621289498782,4.909913064274173,1.6071430296083287,-0.37234031447388954,1.0862181166139284,-0.6708064196317143,0.4977377097458485,1.3265656924226743,0.8222948115649081,-0.6451239966845644,-0.5810160220117815,0.9026709338484401,-0.10962571771513507,3,0
0.7766288317179199,0,1,1.6935682491273512,0.0876134841591082,3,-0.6605306743650393,1,0.05456232756621595,0.3796721288811475,-0.06744076383703446,2,-0.6608531809232983,1,1.507989706349771,0.5272972542088118,0.9325126197502358,-0.5381382351970498,0.26623257679518353,0.24198831185855807,0.741291192710269,0.1557070814399298,1.754054456494842,-0.6561696555684865,-0.6216307944711459,-0.37234031447388954,-0.5951514496435035,0.1427954259612064,-1.6298376564022519,-1.3265656924226743,-1.216108852854004,-0.6451239966845644,-0.5810160220117815,0.9026709338484401,1.9969076815168694,4,0
0.01145163156688656,2,0,-0.39827984031968844,1.0633091032037203,0,0.2546249253678617,1,-0.14226373751927407,0.3796721288811475,-0.9686946078410421,1,-1.5679065665042957,0,1.311935101254632,0.5272972542088118,-0.745618694910472,1.4798801467918874,1.1914379855160337,-0.9320143892374165,-0.5487503051991608,0.1557070814399298,0.33809616377248186,-0.6561696555684865,-0.6216307944711459,-0.6835058984856107,-0.5951514496435035,-0.6708064196317143,1.022421575309601,-1.3265656924226743,-1.216108852854004,-0.6451239966845644,-0.5810160220117815,-1.1078234188139944,0.9436409819008672,4,1
-0.5351035113981373,2,1,-1.013529278392347,-1.863777753930116,1,1.1697805251007627,1,0.251388392651706,0.3796721288811475,-0.9686946078410421,6,-1.5679065665042957,2,0.12155337712859297,-0.6738292391077482,-1.2250847848135313,-0.5381382351970498,1.1914379855160337,-0.9320143892374165,-1.3227752039448188,-0.6201892226844657,0.33809616377248186,-0.9835862861474665,-1.1788242504910145,-0.6835058984856107,-1.1556079717293142,-0.6708064196317143,0.7522372125217093,-0.4421885641408914,0.8222948115649081,-0.6451239966845644,1.7211229331292395,-1.1078234188139944,-1.1628924173311372,2,0
-1.8468358545141943,1,1,-0.39827984031968844,0.0876134841591082,1,1.1697805251007627,0,0.005355811294843447,-1.0261667362455194,-0.9686946078410421,2,1.1532535902386967,2,0.7687443853458787,-0.6738292391077482,0.37313551486333324,0.47087095579741883,-0.6589728319256667,-0.9320143892374165,-1.3227752039448188,1.707499689688721,0.33809616377248186,-0.9835862861474665,-1.1788242504910145,-0.37234031447388954,-1.1556079717293142,0.956397271554127,-0.7332708195855019,1.3265656924226743,0.8222948115649081,1.5500896031448563,-0.5810160220117815,0.9026709338484401,-1.1628924173311372,1,1
-0.3164814542121277,2,1,-0.39827984031968844,1.0633091032037203,4,-1.5756862740979403,0,-1.2248070954894692,0.3796721288811475,-0.06744076383703446,6,0.24620020465769926,2,-0.25734498511978976,-0.6738292391077482,-1.1451737698296882,0.47087095579741883,0.26623257679518353,-0.9320143892374165,0.612287042919326,0.1557070814399298,0.33809616377248186,1.4720384431948834,2.442933213638131,-0.061174730462168335,1.646674638699739,-0.6708064196317143,-1.6961188390337385,1.3265656924226743,0.8222948115649081,1.5500896031448563,-0.5810160220117815,0.9026709338484401,3.0501743811328716,2,0
0.01145163156688656,0,1,-0.8904793907778153,-0.8880821348855039,1,0.2546249253678617,1,1.6783773645215088,-1.0261667362455194,-0.06744076383703446,0,1.1532535902386967,0,0.2159968858195845,0.9276727519809984,-1.2250847848135313,0.47087095579741883,1.1914379855160337,0.24198831185855807,0.741291192710269,-0.6201892226844657,1.754054456494842,-0.9835862861474665,-1.1788242504910145,-0.6835058984856107,-1.1556079717293142,0.956397271554127,0.40868818193560696,0.4421885641408914,0.8222948115649081,1.5500896031448563,1.7211229331292395,0.9026709338484401,-0.10962571771513507,1,0
2.4162942606129914,0,0,-0.8904793907778153,1.0633091032037203,0,0.2546249253678617,0,-1.6676657419318217,-1.0261667362455194,2.6363207681749885,3,1.1532535902386967,1,1.069361446491758,2.529174743069745,0.8526016047663926,1.4798801467918874,1.1914379855160337,0.24198831185855807,2.4183451399925278,0.1557070814399298,0.33809616377248186,-0.6561696555684865,-0.6216307944711459,-0.061174730462168335,-0.5951514496435035,1.7699991171470477,0.6793785079496935,1.3265656924226743,0.8222948115649081,1.5500896031448563,1.7211229331292395,0.9026709338484401,-1.1628924173311372,1,0
1.4324950032759485,1,1,-1.013529278392347,0.0876134841591082,1,-1.5756862740979403,0,0.349801425194451,0.3796721288811475,2.6363207681749885,5,-0.6608531809232983,1,-0.6406001163702867,0.12692175643662515,-0.5857966649427855,1.4798801467918874,-1.584178240646517,-0.9320143892374165,2.160336840410642,-1.3960855268088614,-1.0778621289498782,0.16237192087896354,-0.3430340664612116,-0.6835058984856107,0.8059898555710231,-0.6708064196317143,-1.8064188223441513,-1.3265656924226743,-1.216108852854004,-0.6451239966845644,-0.5810160220117815,-1.1078234188139944,0.9436409819008672,3,0
-1.3002807115491706,2,2,-0.5213297279342202,0.0876134841591082,2,0.2546249253678617,1,-0.9787745141326066,-1.0261667362455194,-0.06744076383703446,7,0.24620020465769926,2,1.7772661388675384,-0.6738292391077482,-0.10633057503972616,-1.5471474261915186,1.1914379855160337,-0.9320143892374165,-0.6777544549901038,-1.3960855268088614,0.33809616377248186,-0.16504470970001647,-0.06443733845127728,-0.6835058984856107,-0.31492318860059826,-0.6708064196317143,-1.6055514215449134,-0.4421885641408914,0.8222948115649081,-0.6451239966845644,-0.5810160220117815,-1.1078234188139944,0.9436409819008672,4,1
-1.3002807115491706,2,1,-0.2752299527051567,-1.863777753930116,3,1.1697805251007627,1,-0.09305722124790157,-1.0261667362455194,-0.9686946078410421,6,1.1532535902386967,1,1.76855260086331,-0.6738292391077482,-1.1451737698296882,-1.5471474261915186,0.26623257679518353,1.4159910129545328,-1.1937710541538757,-0.6201892226844657,0.33809616377248186,-0.8198779708579764,-0.6216307944711459,-0.061174730462168335,-0.875379710686409,0.956397271554127,0.3793423148163228,1.3265656924226743,0.8222948115649081,1.5500896031448563,1.7211229331292395,0.9026709338484401,-0.10962571771513507,2,0
-1.628213797328185,2,1,0.7091691482110972,0.0876134841591082,3,-0.6605306743650393,0,-0.3390898026047641,0.3796721288811475,-0.9686946078410421,2,1.1532535902386967,2,1.3311892094252658,-0.6738292391077482,1.0124236347340791,0.47087095579741883,0.26623257679518353,-0.9320143892374165,-1.3227752039448188,1.707499689688721,0.33809616377248186,-1.1472946014369565,-1.1788242504910145,-0.6835058984856107,-1.1556079717293142,0.956397271554127,0.6905096989259737,-1.3265656924226743,-1.216108852854004,-0.6451239966845644,-0.5810160220117815,-1.1078234188139944,0.9436409819008672,3,0
1.5418060318689533,1,1,-1.013529278392347,1.0633091032037203,3,-1.5756862740979403,0,-1.7660787744745667,-1.0261667362455194,0.8338130801669732,0,-1.5679065665042957,2,1.61381703082048,0.12692175643662515,-0.9853517398620016,1.4798801467918874,0.26623257679518353,-0.9320143892374165,1.515316091455927,-1.3960855268088614,-1.0778621289498782,0.9809134973264135,2.1643364856281972,3.0504811096550437,1.0862181166139284,-0.6708064196317143,-0.7024070627876341,1.3265656924226743,0.8222948115649081,-0.6451239966845644,-0.5810160220117815,0.9026709338484401,0.9436409819008672,2,0
-0.3164814542121277,1,1,-0.2752299527051567,0.0876134841591082,1,-1.5756862740979403,1,0.005355811294843447,-2.432005601372186,-0.06744076383703446,2,0.24620020465769926,2,1.2049834492995064,-0.6738292391077482,-0.8255297098943152,1.4798801467918874,1.1914379855160337,-0.9320143892374165,-0.29074200561727487,0.1557070814399298,0.33809616377248186,0.32608023616845355,0.7713528455785257,-0.6835058984856107,0.5257615945281178,0.1427954259612064,1.6442503803027082,0.4421885641408914,0.8222948115649081,-0.6451239966845644,-0.5810160220117815,-1.1078234188139944,-1.1628924173311372,2,1
1.8697391176479676,0,0,2.0627179119709464,0.0876134841591082,0,1.1697805251007627,0,-1.7660787744745667,1.7855109940078144,1.7350669241709809,3,1.1532535902386967,2,-0.06213362563796348,-0.2734537413355615,-0.34606361999125584,-0.5381382351970498,0.26623257679518353,-0.9320143892374165,1.515316091455927,0.1557070814399298,0.33809616377248186,-0.3287530249895065,-0.3430340664612116,0.5611564375612741,-0.03469492755769292,0.956397271554127,-2.37512148858683,-1.3265656924226743,-1.216108852854004,-0.6451239966845644,-0.5810160220117815,-1.1078234188139944,0.9436409819008672,3,0
-1.4095917401421754,2,1,1.0783188110546924,-1.863777753930116,1,-0.6605306743650393,1,-0.6835354165043717,0.3796721288811475,-0.9686946078410421,2,0.24620020465769926,1,-0.14842576006693492,-1.0742047368799348,0.0534914549279603,0.47087095579741883,0.26623257679518353,0.24198831185855807,-0.6777544549901038,-0.6201892226844657,0.33809616377248186,-0.3287530249895065,-0.3430340664612116,-0.37234031447388954,-0.5951514496435035,0.956397271554127,-1.1198267243981412,-0.4421885641408914,-1.216108852854004,-0.6451239966845644,-0.5810160220117815,0.9026709338484401,-0.10962571771513507,3,0
-0.3164814542121277,2,1,-0.39827984031968844,1.0633091032037203,1,0.2546249253678617,0,-1.0279810304039791,-1.0261667362455194,-0.06744076383703446,6,-0.6608531809232983,0,0.09653709060032438,1.3280482497531851,0.8526016047663926,0.47087095579741883,0.26623257679518353,0.24198831185855807,0.09627044375555406,0.1557070814399298,0.33809616377248186,-0.9835862861474665,-1.1788242504910145,-0.6835058984856107,-1.1556079717293142,0.1427954259612064,0.6687532801996078,-0.4421885641408914,-1.216108852854004,-0.6451239966845644,-0.5810160220117815,0.9026709338484401,-0.10962571771513507,2,0
0.01145163156688656,2,2,-0.7674295031632836,0.0876134841591082,1,0.2546249253678617,1,1.038692652993666,0.3796721288811475,0.8338130801669732,7,1.1532535902386967,2,0.02710986843760144,-0.2734537413355615,-1.2250847848135313,-0.5381382351970498,-1.584178240646517,-0.9320143892374165,0.09627044375555406,0.1557070814399298,0.33809616377248186,-0.3287530249895065,-0.3430340664612116,-0.37234031447388954,-0.31492318860059826,0.956397271554127,-0.47573553745247377,1.3265656924226743,0.8222948115649081,1.5500896031448563,1.7211229331292395,0.9026709338484401,-1.1628924173311372,1,0
-0.3164814542121277,2,1,-0.5213297279342202,0.0876134841591082,3,0.2546249253678617,0,-1.0279810304039791,-1.0261667362455194,0.8338130801669732,3,-1.5679065665042957,2,-1.2224395895558595,-0.2734537413355615,1.4918897246371383,-0.5381382351970498,1.1914379855160337,-0.9320143892374165,0.35427874333744,2.4833959938131165,0.33809616377248186,0.6534968667474336,1.6071430296083287,0.8723220215729953,1.0862181166139284,-2.2980101108175557,0.48508862909098466,-1.3265656924226743,0.8222948115649081,-0.6451239966845644,-0.5810160220117815,-1.1078234188139944,-1.1628924173311372,2,0
-0.0978593970261182,1,2,0.21696959775297023,-0.8880821348855039,5,-0.6605306743650393,0,1.2847252343505287,0.3796721288811475,0.8338130801669732,7,1.1532535902386967,1,1.214118610110391,-1.0742047368799348,-0.6657076799266287,0.47087095579741883,0.26623257679518353,0.24198831185855807,-0.1617378558263319,2.4833959938131165,0.33809616377248186,0.32608023616845355,0.7713528455785257,-0.061174730462168335,1.0862181166139284,0.956397271554127,-1.165363414755651,0.4421885641408914,-1.216108852854004,-0.6451239966845644,-0.5810160220117815,0.9026709338484401,-0.10962571771513507,3,0
-0.0978593970261182,2,1,-0.7674295031632836,-0.8880821348855039,1,-1.5756862740979403,0,-1.3232201280322142,0.3796721288811475,-0.9686946078410421,2,1.1532535902386967,0,-1.6516516067318836,0.9276727519809984,0.8526016047663926,1.4798801467918874,-1.584178240646517,0.24198831185855807,-0.5487503051991608,-0.6201892226844657,0.33809616377248186,-0.9835862861474665,-1.1788242504910145,-0.6835058984856107,-1.1556079717293142,0.956397271554127,-1.8119844178322915,1.3265656924226743,0.8222948115649081,1.5500896031448563,1.7211229331292395,0.9026709338484401,-1.1628924173311372,1,0
0.6673178031249152,1,2,2.0627179119709464,-0.8880821348855039,1,0.2546249253678617,1,1.2847252343505287,0.3796721288811475,1.7350669241709809,3,1.1532535902386967,1,0.7281280549713303,-0.6738292391077482,0.4530465298471764,-0.5381382351970498,1.1914379855160337,1.4159910129545328,1.773324391037813,0.1557070814399298,1.754054456494842,2.9454132808002935,2.1643364856281972,0.5611564375612741,2.2071311607855497,0.956397271554127,-0.7130322905377197,1.3265656924226743,0.8222948115649081,-0.6451239966845644,-0.5810160220117815,0.9026709338484401,0.9436409819008672,3,0
-0.7537255685841467,1,1,1.6935682491273512,0.0876134841591082,1,-1.5756862740979403,1,1.4815512994360187,-2.432005601372186,-0.9686946078410421,6,0.24620020465769926,0,1.1238913294859614,-0.6738292391077482,-0.745618694910472,1.4798801467918874,0.26623257679518353,2.5899937140505074,-0.1617378558263319,-0.6201892226844657,-1.0778621289498782,0.48978855145794353,0.7713528455785257,-0.6835058984856107,1.3664463776568336,1.7699991171470477,-0.8982148313249265,-0.4421885641408914,-1.216108852854004,-0.6451239966845644,-0.5810160220117815,0.9026709338484401,-0.10962571771513507,3,0
-0.4257924828051325,0,2,1.5705183615128193,-0.8880821348855039,2,0.2546249253678617,1,1.432344783164646,0.3796721288811475,-0.06744076383703446,7,-0.6608531809232983,1,0.16399673966531833,-1.0742047368799348,-1.2250847848135313,-0.5381382351970498,-1.584178240646517,0.24198831185855807,-0.41974615540821786,-0.6201892226844657,1.754054456494842,-0.001336394410526465,0.7713528455785257,-0.6835058984856107,0.8059898555710231,0.1427954259612064,0.3297579186492565,-0.4421885641408914,-1.216108852854004,-0.6451239966845644,-0.5810160220117815,0.9026709338484401,1.9969076815168694,4,0
2.088361174833977,2,1,0.5861192605965654,1.0633091032037203,1,-0.6605306743650393,0,0.3005949089230785,0.3796721288811475,-0.9686946078410421,6,-0.6608531809232983,1,-1.3777373233408976,2.529174743069745,-1.2250847848135313,-0.5381382351970498,-1.584178240646517,2.5899937140505074,-0.5487503051991608,-0.6201892226844657,0.33809616377248186,-0.3287530249895065,-0.06443733845127728,0.5611564375612741,-0.31492318860059826,-0.6708064196317143,0.07272859974242298,-0.4421885641408914,-1.216108852854004,-0.6451239966845644,-0.5810160220117815,0.9026709338484401,0.9436409819008672,2,1
1.5418060318689533,2,1,-0.39827984031968844,0.0876134841591082,1,-1.5756862740979403,1,-0.7327419327757442,0.3796721288811475,2.6363207681749885,5,0.24620020465769926,2,-1.1034014171432556,1.7284237475253719,1.8115337845725112,-0.5381382351970498,0.26623257679518353,-0.9320143892374165,1.515316091455927,1.707499689688721,0.33809616377248186,2.1268717043528436,3.8359168536878028,3.9839778616902075,3.047815943914266,0.1427954259612064,-1.3672427420072784,0.4421885641408914,0.8222948115649081,1.5500896031448563,-0.5810160220117815,-1.1078234188139944,-0.10962571771513507,2,0
-0.6444145399911421,2,2,-0.39827984031968844,1.0633091032037203,1,-0.6605306743650393,1,0.4974209740085685,-2.432005601372186,-0.06744076383703446,7,0.24620020465769926,1,0.9031015197336584,0.5272972542088118,-1.0652627548458449,0.47087095579741883,-0.6589728319256667,-0.9320143892374165,0.09627044375555406,0.1557070814399298,-1.0778621289498782,-0.001336394410526465,0.7713528455785257,1.4946531895964377,0.8059898555710231,0.956397271554127,0.8625371958321221,-0.4421885641408914,-1.216108852854004,-0.6451239966845644,-0.5810160220117815,-1.1078234188139944,0.9436409819008672,3,1
-1.1909696829561658,2,1,-0.39827984031968844,0.0876134841591082,4,0.2546249253678617,0,-0.9787745141326066,-1.0261667362455194,-0.9686946078410421,6,-0.6608531809232983,1,1.2630268556825115,-0.6738292391077482,2.2110888594917273,1.4798801467918874,0.26623257679518353,-0.9320143892374165,-0.8067586047810468,0.1557070814399298,-1.0778621289498782,-0.3287530249895065,-0.06443733845127728,0.5611564375612741,-0.31492318860059826,0.1427954259612064,-0.9538707862063275,1.3265656924226743,0.8222948115649081,-0.6451239966845644,1.7211229331292395,0.9026709338484401,-0.10962571771513507,2,0
2.3069832320199866,2,1,1.6935682491273512,1.0633091032037203,3,1.1697805251007627,0,1.3831382668932737,0.3796721288811475,0.8338130801669732,0,1.1532535902386967,1,-1.5246026009928115,-0.6738292391077482,0.9325126197502358,-0.5381382351970498,1.1914379855160337,0.24198831185855807,3.7083866379019574,0.1557070814399298,-1.0778621289498782,5.401038010142644,1.6071430296083287,3.9839778616902075,0.5257615945281178,0.1427954259612064,-0.7155621066686925,-1.3265656924226743,-1.216108852854004,-0.6451239966845644,-0.5810160220117815,-1.1078234188139944,1.9969076815168694,5,1
-1.956146883107199,2,2,1.5705183615128193,-1.863777753930116,2,1.1697805251007627,1,-0.7819484490471167,0.3796721288811475,-0.9686946078410421,8,0.24620020465769926,2,1.7577309488258006,-0.6738292391077482,0.4530465298471764,1.4798801467918874,1.1914379855160337,-0.9320143892374165,-1.4517793537357617,-0.6201892226844657,-1.0778621289498782,-1.1472946014369565,-1.1788242504910145,-0.6835058984856107,-1.1556079717293142,0.956397271554127,-0.7393423782998365,-1.3265656924226743,-1.216108852854004,-0.6451239966845644,-0.5810160220117815,-1.1078234188139944,0.9436409819008672,3,1
-1.628213797328185,2,1,-0.8904793907778153,-1.863777753930116,5,0.2546249253678617,1,1.6783773645215088,0.3796721288811475,-0.9686946078410421,2,1.1532535902386967,1,0.7007225725386765,-1.0742047368799348,-0.5058856499589423,0.47087095579741883,0.26623257679518353,0.24198831185855807,-1.0647669043629329,-0.6201892226844657,0.33809616377248186,-0.8198779708579764,-0.9002275224810803,-0.061174730462168335,-0.875379710686409,0.1427954259612064,-1.1355115844101724,0.4421885641408914,0.8222948115649081,-0.6451239966845644,-0.5810160220117815,0.9026709338484401,-1.1628924173311372,4,1
1.3231839746829437,2,1,1.3244185862837559,1.0633091032037203,3,0.2546249253678617,0,1.4815512994360187,0.3796721288811475,-0.06744076383703446,4,-1.5679065665042957,1,-1.2317152913022962,-0.6738292391077482,-0.5058856499589423,0.47087095579741883,0.26623257679518353,-0.9320143892374165,0.612287042919326,-0.6201892226844657,-1.0778621289498782,1.3083301279053936,1.885739757618263,0.8723220215729953,1.9269028997426445,0.1427954259612064,-1.1051537908384992,-0.4421885641408914,-1.216108852854004,-0.6451239966845644,-0.5810160220117815,0.9026709338484401,-0.10962571771513507,3,0
0.6673178031249152,1,1,2.3088176872000097,0.0876134841591082,3,-0.6605306743650393,0,0.3005949089230785,1.7855109940078144,-0.9686946078410421,6,0.24620020465769926,2,0.2497267103520815,0.5272972542088118,-0.745618694910472,-1.5471474261915186,1.1914379855160337,-0.9320143892374165,0.870295342501212,-0.6201892226844657,0.33809616377248186,-0.6561696555684865,-0.6216307944711459,-0.37234031447388954,-0.5951514496435035,0.956397271554127,-0.39984105352329063,-0.4421885641408914,-1.216108852854004,-0.6451239966845644,-0.5810160220117815,-1.1078234188139944,0.9436409819008672,3,0
1.4324950032759485,1,2,0.340019485367502,0.0876134841591082,2,0.2546249253678617,0,0.5466274902799411,0.3796721288811475,0.8338130801669732,7,1.1532535902386967,2,-1.0776824259372266,0.5272972542088118,-0.18624159002356938,-1.5471474261915186,1.1914379855160337,-0.9320143892374165,0.612287042919326,0.1557070814399298,0.33809616377248186,-0.8198779708579764,-0.6216307944711459,-0.061174730462168335,-0.875379710686409,0.1427954259612064,-0.318886937332162,-1.3265656924226743,-1.216108852854004,-0.6451239966845644,1.7211229331292395,-1.1078234188139944,0.9436409819008672,3,0
-0.6444145399911421,2,2,1.3244185862837559,0.0876134841591082,1,-0.6605306743650393,0,0.251388392651706,-2.432005601372186,-0.06744076383703446,7,0.24620020465769926,1,1.4721517677839928,0.12692175643662515,-1.0652627548458449,-1.5471474261915186,0.26623257679518353,0.24198831185855807,-0.9357627545719898,-0.6201892226844657,0.33809616377248186,-0.8198779708579764,-0.6216307944711459,-0.061174730462168335,-0.5951514496435035,0.956397271554127,-1.2397400090062507,1.3265656924226743,0.8222948115649081,1.5500896031448563,1.7211229331292395,0.9026709338484401,-1.1628924173311372,1,1
0.4486957459389056,2,2,-0.02913017747609325,-1.863777753930116,1,0.2546249253678617,1,1.4815512994360187,0.3796721288811475,0.8338130801669732,7,0.24620020465769926,0,0.9673287272809546,0.12692175643662515,-0.026419560055882932,-0.5381382351970498,0.26623257679518353,0.24198831185855807,0.09627044375555406,-0.6201892226844657,0.33809616377248186,0.32608023616845355,0.7713528455785257,-0.6835058984856107,0.8059898555710231,0.1427954259612064,0.735540426057289,1.3265656924226743,0.8222948115649081,1.5500896031448563,1.7211229331292395,0.9026709338484401,-0.10962571771513507,2,0
-1.1909696829561658,2,0,1.9396680243564146,-1.863777753930116,1,0.2546249253678617,0,-0.2406767700620191,0.3796721288811475,-0.9686946078410421,1,0.24620020465769926,1,-0.758513961298474,-0.6738292391077482,-1.0652627548458449,1.4798801467918874,1.1914379855160337,0.24198831185855807,-0.41974615540821786,0.1557070814399298,0.33809616377248186,0.16237192087896354,0.7713528455785257,0.8723220215729953,0.8059898555710231,1.7699991171470477,-0.5931190059296103,1.3265656924226743,0.8222948115649081,1.5500896031448563,1.7211229331292395,0.9026709338484401,-0.10962571771513507,3,0
-0.0978593970261182,2,1,-0.39827984031968844,-0.8880821348855039,3,-0.6605306743650393,1,0.8910731041795485,0.3796721288811475,-0.06744076383703446,4,-0.6608531809232983,0,-1.6153920453594492,1.3280482497531851,-0.18624159002356938,1.4798801467918874,1.1914379855160337,1.4159910129545328,-0.5487503051991608,-2.171981830933257,0.33809616377248186,-0.6561696555684865,-0.6216307944711459,-0.6835058984856107,-0.875379710686409,0.956397271554127,-0.5703506607508554,-1.3265656924226743,-1.216108852854004,-0.6451239966845644,-0.5810160220117815,-1.1078234188139944,-0.10962571771513507,3,0
1.5418060318689533,1,1,-0.15218006509062498,1.0633091032037203,1,-1.5756862740979403,1,-0.6343289002329991,-2.432005601372186,0.8338130801669732,4,1.1532535902386967,2,1.5230275864538423,-0.2734537413355615,-1.1451737698296882,0.47087095579741883,1.1914379855160337,-0.9320143892374165,0.870295342501212,-0.6201892226844657,0.33809616377248186,-0.49246134027899646,-0.6216307944711459,-0.6835058984856107,-0.31492318860059826,0.1427954259612064,0.2533574714938788,0.4421885641408914,0.8222948115649081,1.5500896031448563,-0.5810160220117815,0.9026709338484401,-1.1628924173311372,1,1
0.23007368875289608,2,2,-0.6443796155487519,1.0633091032037203,1,1.1697805251007627,0,-0.9295679978612341,-1.0261667362455194,-0.06744076383703446,7,0.24620020465769926,1,0.03891530702397538,0.5272972542088118,2.850376979362473,0.47087095579741883,0.26623257679518353,0.24198831185855807,0.741291192710269,-1.3960855268088614,1.754054456494842,1.3083301279053936,1.885739757618263,0.8723220215729953,1.3664463776568336,-0.6708064196317143,0.4663679897217861,1.3265656924226743,0.8222948115649081,-0.6451239966845644,1.7211229331292395,0.9026709338484401,1.9969076815168694,4,0
-1.3002807115491706,2,2,2.3088176872000097,0.0876134841591082,1,-1.5756862740979403,1,-1.2248070954894692,-1.0261667362455194,-0.06744076383703446,7,0.24620020465769926,1,1.47875719175494,-0.2734537413355615,1.6517117546048248,0.47087095579741883,1.1914379855160337,-0.9320143892374165,-0.6777544549901038,0.1557070814399298,0.33809616377248186,-0.8198779708579764,-0.6216307944711459,-0.061174730462168335,-0.5951514496435035,1.7699991171470477,0.3758005722329609,0.4421885641408914,-1.216108852854004,-0.6451239966845644,-0.5810160220117815,0.9026709338484401,-1.1628924173311372,3,0
-0.7537255685841467,2,0,-0.02913017747609325,0.0876134841591082,0,0.2546249253678617,1,-0.8803614815898617,0.3796721288811475,-0.06744076383703446,1,1.1532535902386967,1,-0.046533581791683626,-1.0742047368799348,-0.8255297098943152,1.4798801467918874,1.1914379855160337,-0.9320143892374165,0.09627044375555406,-0.6201892226844657,-2.4938204216722384,0.6534968667474336,1.3285463015983943,0.5611564375612741,0.8059898555710231,1.7699991171470477,0.3930033219235758,-0.4421885641408914,-1.216108852854004,-0.6451239966845644,-0.5810160220117815,-1.1078234188139944,0.9436409819008672,3,0
-0.5351035113981373,2,1,-0.02913017747609325,0.0876134841591082,3,-1.5756862740979403,0,-1.2248070954894692,0.3796721288811475,-0.9686946078410421,2,-1.5679065665042957,2,-0.5746864175963655,1.7284237475253719,0.6128685598148629,1.4798801467918874,-1.584178240646517,-0.9320143892374165,-0.1617378558263319,-0.6201892226844657,1.754054456494842,-0.3287530249895065,-0.06443733845127728,-0.6835058984856107,-0.03469492755769292,-1.4844082652246349,-1.294890000661457,-0.4421885641408914,0.8222948115649081,-0.6451239966845644,-0.5810160220117815,0.9026709338484401,-0.10962571771513507,3,1
0.8859398603109246,2,1,2.4318675748145413,0.0876134841591082,3,0.2546249253678617,1,0.841866587908176,0.3796721288811475,-0.9686946078410421,6,1.1532535902386967,2,-0.6410217391769428,0.9276727519809984,0.37313551486333324,-0.5381382351970498,-0.6589728319256667,-0.9320143892374165,-0.29074200561727487,-0.6201892226844657,-1.0778621289498782,-0.16504470970001647,0.21415938955865704,-0.6835058984856107,-0.31492318860059826,1.7699991171470477,-0.3391254663799441,-0.4421885641408914,-1.216108852854004,-0.6451239966845644,-0.5810160220117815,0.9026709338484401,-1.1628924173311372,4,1
0.12076266015989133,2,1,-0.7674295031632836,2.0390047222483325,5,1.1697805251007627,0,-1.6676657419318217,0.3796721288811475,-0.06744076383703446,6,0.24620020465769926,2,-1.68805170903987,0.12692175643662515,0.5329575448310196,1.4798801467918874,-0.6589728319256667,-0.9320143892374165,0.999299492292155,-0.6201892226844657,0.33809616377248186,-0.6561696555684865,-0.6216307944711459,-0.061174730462168335,-0.5951514496435035,0.1427954259612064,0.9566463559043091,-1.3265656924226743,-1.216108852854004,-0.6451239966845644,-0.5810160220117815,-1.1078234188139944,0.9436409819008672,3,0
-0.7537255685841467,2,1,1.0783188110546924,0.0876134841591082,1,-1.5756862740979403,0,0.448214457737196,0.3796721288811475,-0.9686946078410421,6,0.24620020465769926,2,1.3487568263692746,-0.6738292391077482,-0.9054407248781584,0.47087095579741883,0.26623257679518353,-0.9320143892374165,-0.8067586047810468,0.9316033855643254,-1.0778621289498782,-0.3287530249895065,-0.06443733845127728,-0.6835058984856107,-0.03469492755769292,0.1427954259612064,0.5397326575199964,-0.4421885641408914,0.8222948115649081,-0.6451239966845644,-0.5810160220117815,0.9026709338484401,-0.10962571771513507,2,0
-0.5351035113981373,1,2,-0.02913017747609325,-0.8880821348855039,3,1.1697805251007627,1,-1.5200461931177043,-2.432005601372186,-0.06744076383703446,7,1.1532535902386967,0,1.194442879133101,-1.0742047368799348,-0.34606361999125584,0.47087095579741883,1.1914379855160337,2.5899937140505074,-0.29074200561727487,-0.6201892226844657,1.754054456494842,0.16237192087896354,0.7713528455785257,-0.6835058984856107,0.8059898555710231,0.956397271554127,-1.2321505606133323,0.4421885641408914,-1.216108852854004,-0.6451239966845644,-0.5810160220117815,-1.1078234188139944,-1.1628924173311372,2,0
-0.7537255685841467,2,1,-0.5213297279342202,0.0876134841591082,5,1.1697805251007627,0,0.8910731041795485,0.3796721288811475,-0.9686946078410421,6,-1.5679065665042957,0,-0.54784309890592,0.9276727519809984,0.0534914549279603,0.47087095579741883,1.1914379855160337,0.24198831185855807,-0.41974615540821786,0.1557070814399298,0.33809616377248186,-0.6561696555684865,-0.6216307944711459,-0.061174730462168335,-0.5951514496435035,-0.6708064196317143,0.973849105594924,-0.4421885641408914,0.8222948115649081,-0.6451239966845644,-0.5810160220117815,0.9026709338484401,-0.10962571771513507,3,0
-0.7537255685841467,2,1,-0.8904793907778153,-1.863777753930116,3,-0.6605306743650393,1,-1.5200461931177043,-1.0261667362455194,-0.9686946078410421,2,1.1532535902386967,2,-0.4428590200485231,-1.0742047368799348,0.21331348489564675,-1.5471474261915186,1.1914379855160337,-0.9320143892374165,-0.6777544549901038,0.1557070814399298,0.33809616377248186,-0.3287530249895065,-0.3430340664612116,-0.37234031447388954,-0.5951514496435035,-0.6708064196317143,-1.2407519354586398,-0.4421885641408914,0.8222948115649081,-0.6451239966845644,-0.5810160220117815,-1.1078234188139944,-1.1628924173311372,3,0
0.4486957459389056,1,1,0.09391971013843849,0.0876134841591082,1,1.1697805251007627,1,1.235518718079156,-1.0261667362455194,1.7350669241709809,3,-1.5679065665042957,0,-0.20028536528564903,0.5272972542088118,-0.4259746349750991,-0.5381382351970498,-0.6589728319256667,0.24198831185855807,1.257307791874041,-0.6201892226844657,-1.0778621289498782,-0.001336394410526465,0.4927561175685914,1.4946531895964377,0.8059898555710231,-0.6708064196317143,0.4036285496736614,-1.3265656924226743,-1.216108852854004,-0.6451239966845644,-0.5810160220117815,-1.1078234188139944,0.9436409819008672,3,0
-0.0978593970261182,2,1,1.9396680243564146,1.0633091032037203,3,0.2546249253678617,0,1.3831382668932737,0.3796721288811475,0.8338130801669732,0,-1.5679065665042957,1,-1.0332714903027722,-0.6738292391077482,-0.5857966649427855,1.4798801467918874,1.1914379855160337,0.24198831185855807,0.741291192710269,-0.6201892226844657,0.33809616377248186,1.6357467584843735,1.885739757618263,2.7393155256433226,-0.5951514496435035,0.1427954259612064,0.9784027746306749,1.3265656924226743,0.8222948115649081,1.5500896031448563,1.7211229331292395,0.9026709338484401,-1.1628924173311372,2,0
-1.956146883107199,2,1,-0.7674295031632836,-1.863777753930116,3,-0.6605306743650393,0,0.645040522822686,0.3796721288811475,-0.9686946078410421,2,-0.6608531809232983,2,0.25141320157870634,-0.6738292391077482,1.6517117546048248,0.47087095579741883,1.1914379855160337,-0.9320143892374165,-1.3227752039448188,0.1557070814399298,0.33809616377248186,-0.9835862861474665,-1.1788242504910145,-0.6835058984856107,-1.1556079717293142,-0.6708064196317143,-0.4069245386900144,1.3265656924226743,0.8222948115649081,1.5500896031448563,1.7211229331292395,0.9026709338484401,-1.1628924173311372,1,0
0.33938471734590087,1,1,2.0627179119709464,0.0876134841591082,3,-0.6605306743650393,0,-0.5851223839616266,0.3796721288811475,-0.06744076383703446,6,-0.6608531809232983,0,-0.8164168267459271,-0.6738292391077482,-0.4259746349750991,-1.5471474261915186,-1.584178240646517,0.24198831185855807,1.1283036420830979,-0.6201892226844657,0.33809616377248186,2.1268717043528436,0.7713528455785257,-0.061174730462168335,2.487359421828455,0.1427954259612064,-0.8344634648244127,0.4421885641408914,-1.216108852854004,-0.6451239966845644,1.7211229331292395,0.9026709338484401,3.0501743811328716,3,0
-0.20717042561912297,2,2,-1.013529278392347,2.0390047222483325,2,0.2546249253678617,1,1.3831382668932737,0.3796721288811475,0.8338130801669732,7,-0.6608531809232983,1,-0.40392918090059954,-0.6738292391077482,-0.5058856499589423,-0.5381382351970498,-1.584178240646517,1.4159910129545328,-0.1617378558263319,0.1557070814399298,0.33809616377248186,0.48978855145794353,1.04994957358846,-0.6835058984856107,0.5257615945281178,-0.6708064196317143,0.04540658552791704,0.4421885641408914,0.8222948115649081,-0.6451239966845644,-0.5810160220117815,0.9026709338484401,0.9436409819008672,3,0
1.7604280890549628,2,2,-0.39827984031968844,-0.8880821348855039,2,-0.6605306743650393,1,-1.5692527093890767,0.3796721288811475,-0.06744076383703446,8,0.24620020465769926,1,0.24368345012334244,-0.2734537413355615,-0.8255297098943152,0.47087095579741883,1.1914379855160337,0.24198831185855807,0.22527459354649704,0.1557070814399298,-2.4938204216722384,-0.001336394410526465,0.7713528455785257,0.5611564375612741,0.24553333348521242,0.1427954259612064,-1.4659055711152162,0.4421885641408914,-1.216108852854004,-0.6451239966845644,-0.5810160220117815,-1.1078234188139944,-0.10962571771513507,3,0
0.8859398603109246,2,1,-0.02913017747609325,0.0876134841591082,1,-0.6605306743650393,1,-0.2898832863333916,0.3796721288811475,-0.06744076383703446,2,-0.6608531809232983,0,-0.47954020422761356,2.1287992452975586,-0.5058856499589423,0.47087095579741883,0.26623257679518353,0.24198831185855807,1.1283036420830979,-0.6201892226844657,-2.4938204216722384,1.6357467584843735,1.3285463015983943,-0.6835058984856107,3.047815943914266,-0.6708064196317143,-0.2389447475934224,-1.3265656924226743,-1.216108852854004,-0.6451239966845644,-0.5810160220117815,-1.1078234188139944,1.9969076815168694,3,0
-0.5351035113981373,1,2,-0.15218006509062498,0.0876134841591082,2,-0.6605306743650393,0,-1.1263940629467242,0.3796721288811475,0.8338130801669732,7,1.1532535902386967,2,0.17931570164049404,-0.6738292391077482,-1.2250847848135313,-0.5381382351970498,1.1914379855160337,-0.9320143892374165,-0.29074200561727487,-0.6201892226844657,0.33809616377248186,0.32608023616845355,1.04994957358846,0.24999085354955286,0.8059898555710231,0.1427954259612064,-0.7150561434424979,0.4421885641408914,-1.216108852854004,-0.6451239966845644,-0.5810160220117815,-1.1078234188139944,0.9436409819008672,2,0
-0.8630365971771515,0,1,-1.013529278392347,-1.863777753930116,5,1.1697805251007627,1,-1.2248070954894692,0.3796721288811475,-0.06744076383703446,4,0.24620020465769926,1,1.6822604664343386,-0.6738292391077482,1.0923346497179223,-0.5381382351970498,-1.584178240646517,0.24198831185855807,-0.1617378558263319,-1.3960855268088614,0.33809616377248186,0.48978855145794353,0.7713528455785257,-0.6835058984856107,1.3664463776568336,-0.6708064196317143,-1.3368849484356051,-1.3265656924226743,-1.216108852854004,-0.6451239966845644,-0.5810160220117815,-1.1078234188139944,-0.10962571771513507,3,0
1.5418060318689533,2,1,-0.2752299527051567,1.0633091032037203,3,-0.6605306743650393,1,-1.5692527093890767,-1.0261667362455194,-0.06744076383703446,4,0.24620020465769926,1,-0.04639304085613156,-0.2734537413355615,-0.9853517398620016,0.47087095579741883,0.26623257679518353,-0.9320143892374165,-0.1617378558263319,-0.6201892226844657,0.33809616377248186,-0.9835862861474665,-1.1788242504910145,-0.6835058984856107,-1.1556079717293142,0.1427954259612064,0.4587785413288678,-0.4421885641408914,0.8222948115649081,1.5500896031448563,-0.5810160220117815,-1.1078234188139944,-1.1628924173311372,1,0
2.3069832320199866,2,1,-0.02913017747609325,0.0876134841591082,3,-0.6605306743650393,0,0.448214457737196,-1.0261667362455194,-0.9686946078410421,6,-0.6608531809232983,1,-0.3429344148710008,0.5272972542088118,-0.6657076799266287,1.4798801467918874,-0.6589728319256667,0.24198831185855807,-0.29074200561727487,0.1557070814399298,-1.0778621289498782,-0.9835862861474665,-1.1788242504910145,-0.6835058984856107,-1.1556079717293142,0.1427954259612064,0.7395881318668454,-0.4421885641408914,-1.216108852854004,-0.6451239966845644,-0.5810160220117815,0.9026709338484401,-1.1628924173311372,3,0
0.33938471734590087,2,2,-0.6443796155487519,1.0633091032037203,2,0.2546249253678617,1,0.05456232756621595,-1.0261667362455194,0.8338130801669732,7,1.1532535902386967,1,-0.8096708618394277,1.7284237475253719,0.0534914549279603,-1.5471474261915186,-1.584178240646517,0.24198831185855807,0.483282893128383,-0.6201892226844657,-1.0778621289498782,0.8172051820369235,1.885739757618263,-0.061174730462168335,1.9269028997426445,0.1427954259612064,-0.5865414839890811,1.3265656924226743,0.8222948115649081,1.5500896031448563,1.7211229331292395,0.9026709338484401,-0.10962571771513507,2,0
-0.3164814542121277,1,2,-0.8904793907778153,1.0633091032037203,2,0.2546249253678617,0,0.448214457737196,0.3796721288811475,-0.9686946078410421,8,0.24620020465769926,1,-0.42149679784460836,1.3280482497531851,1.4918897246371383,0.47087095579741883,1.1914379855160337,0.24198831185855807,-0.6777544549901038,0.1557070814399298,0.33809616377248186,-0.49246134027899646,-0.3430340664612116,-0.37234031447388954,-0.5951514496435035,0.1427954259612064,0.28675104442271937,1.3265656924226743,0.8222948115649081,-0.6451239966845644,1.7211229331292395,0.9026709338484401,-0.10962571771513507,2,0
-1.628213797328185,2,1,1.201368698669224,-1.863777753930116,3,0.2546249253678617,1,0.6942470390940585,0.3796721288811475,-0.9686946078410421,6,1.1532535902386967,1,-0.3262100435403044,-0.6738292391077482,3.569576114217062,1.4798801467918874,-1.584178240646517,1.4159910129545328,-1.1937710541538757,2.4833959938131165,0.33809616377248186,-0.8198779708579764,-0.6216307944711459,-0.061174730462168335,-0.5951514496435035,1.7699991171470477,0.43348038001914013,1.3265656924226743,0.8222948115649081,1.5500896031448563,-0.5810160220117815,0.9026709338484401,3.0501743811328716,3,0
-1.081658654363161,0,1,-0.02913017747609325,0.0876134841591082,3,1.1697805251007627,1,-0.4375028351475091,0.3796721288811475,-0.9686946078410421,6,-0.6608531809232983,0,-1.1725475574348745,1.3280482497531851,-0.9054407248781584,0.47087095579741883,1.1914379855160337,0.24198831185855807,-0.6777544549901038,-1.3960855268088614,-2.4938204216722384,-0.8198779708579764,-0.6216307944711459,-0.061174730462168335,-0.5951514496435035,-0.6708064196317143,0.5893170536870628,-0.4421885641408914,0.8222948115649081,-0.6451239966845644,-0.5810160220117815,0.9026709338484401,-1.1628924173311372,2,0
-0.9723476257701563,2,1,1.4474684738982875,0.0876134841591082,3,0.2546249253678617,1,-1.1756005792180968,0.3796721288811475,-0.9686946078410421,6,1.1532535902386967,1,-1.0738878206773208,-0.6738292391077482,0.29322449987949,-1.5471474261915186,0.26623257679518353,0.24198831185855807,-0.8067586047810468,-0.6201892226844657,-2.4938204216722384,-0.3287530249895065,-0.6216307944711459,-0.6835058984856107,-0.5951514496435035,1.7699991171470477,-1.1390533269935343,0.4421885641408914,-1.216108852854004,-0.6451239966845644,-0.5810160220117815,0.9026709338484401,-0.10962571771513507,3,0
2.1976722034269818,2,1,1.8166181367418828,-0.8880821348855039,1,0.2546249253678617,1,0.841866587908176,1.7855109940078144,0.8338130801669732,0,1.1532535902386967,0,1.2773620311088227,0.12692175643662515,-0.745618694910472,0.47087095579741883,-0.6589728319256667,0.24198831185855807,0.09627044375555406,-0.6201892226844657,-2.4938204216722384,-0.3287530249895065,-0.3430340664612116,-0.37234031447388954,-0.03469492755769292,0.956397271554127,-0.9179473971465142,-0.4421885641408914,-1.216108852854004,-0.6451239966845644,-0.5810160220117815,0.9026709338484401,0.9436409819008672,3,0
-1.081658654363161,0,1,-0.7674295031632836,0.0876134841591082,3,0.2546249253678617,1,0.645040522822686,-1.0261667362455194,-0.9686946078410421,6,0.24620020465769926,0,1.5477627911110068,-0.6738292391077482,-0.026419560055882932,0.47087095579741883,1.1914379855160337,0.24198831185855807,-1.3227752039448188,-0.6201892226844657,-1.0778621289498782,-0.9835862861474665,-0.9002275224810803,-0.6835058984856107,-0.875379710686409,0.956397271554127,0.44410560776922575,-0.4421885641408914,0.8222948115649081,-0.6451239966845644,-0.5810160220117815,-1.1078234188139944,-0.10962571771513507,2,0
1.4324950032759485,2,1,0.21696959775297023,0.0876134841591082,1,0.2546249253678617,0,-0.6343289002329991,0.3796721288811475,2.6363207681749885,3,-0.6608531809232983,2,0.3850676312887256,0.12692175643662515,0.8526016047663926,0.47087095579741883,-0.6589728319256667,-0.9320143892374165,1.257307791874041,1.707499689688721,0.33809616377248186,-0.3287530249895065,-0.06443733845127728,0.5611564375612741,-0.03469492755769292,-0.6708064196317143,0.5326491723532727,-1.3265656924226743,0.8222948115649081,-0.6451239966845644,-0.5810160220117815,-1.1078234188139944,-0.10962571771513507,5,0
0.4486957459389056,2,1,0.5861192605965654,0.0876134841591082,1,-1.5756862740979403,1,-0.4867093514188816,0.3796721288811475,-0.9686946078410421,6,0.24620020465769926,0,-1.3638237707212426,0.5272972542088118,-1.1451737698296882,-1.5471474261915186,-1.584178240646517,0.24198831185855807,0.22527459354649704,-0.6201892226844657,0.33809616377248186,0.32608023616845355,1.04994957358846,-0.37234031447388954,1.0862181166139284,-0.6708064196317143,-0.7165740331210816,-1.3265656924226743,-1.216108852854004,-0.6451239966845644,-0.5810160220117815,-1.1078234188139944,1.9969076815168694,2,0
-0.7537255685841467,2,2,-0.5213297279342202,0.0876134841591082,1,-0.6605306743650393,0,-1.2248070954894692,0.3796721288811475,0.8338130801669732,7,1.1532535902386967,1,-0.8798007886799111,-0.2734537413355615,-1.2250847848135313,-0.5381382351970498,0.26623257679518353,0.24198831185855807,0.09627044375555406,-0.6201892226844657,0.33809616377248186,0.48978855145794353,1.3285463015983943,1.4946531895964377,-0.03469492755769292,0.1427954259612064,-1.094022599862219,0.4421885641408914,-1.216108852854004,-0.6451239966845644,-0.5810160220117815,0.9026709338484401,0.9436409819008672,2,0
0.12076266015989133,2,2,-1.013529278392347,1.0633091032037203,1,-1.5756862740979403,0,-0.3390898026047641,-1.0261667362455194,-0.06744076383703446,7,1.1532535902386967,2,-0.19438264599246205,0.5272972542088118,0.7726905897825493,1.4798801467918874,0.26623257679518353,-0.9320143892374165,0.09627044375555406,-0.6201892226844657,1.754054456494842,0.16237192087896354,-0.3430340664612116,-0.6835058984856107,0.8059898555710231,0.1427954259612064,0.6065198033776776,0.4421885641408914,0.8222948115649081,1.5500896031448563,1.7211229331292395,0.9026709338484401,-1.1628924173311372,2,0
-0.5351035113981373,2,1,-0.39827984031968844,2.0390047222483325,1,0.2546249253678617,1,-1.1263940629467242,0.3796721288811475,-0.9686946078410421,6,0.24620020465769926,2,-0.2646531137684974,0.12692175643662515,-0.8255297098943152,1.4798801467918874,-1.584178240646517,-0.9320143892374165,-0.41974615540821786,-0.6201892226844657,0.33809616377248186,-0.3287530249895065,-0.06443733845127728,-0.37234031447388954,-0.03469492755769292,0.1427954259612064,1.5804990138021944,1.3265656924226743,0.8222948115649081,1.5500896031448563,1.7211229331292395,0.9026709338484401,-1.1628924173311372,1,0
-1.081658654363161,2,1,0.9552689234401607,0.0876134841591082,5,0.2546249253678617,1,-0.7327419327757442,0.3796721288811475,-0.9686946078410421,6,-0.6608531809232983,1,-0.13338787996286333,-1.0742047368799348,-0.2661526050074126,0.47087095579741883,1.1914379855160337,0.24198831185855807,-0.6777544549901038,0.1557070814399298,-1.0778621289498782,-0.3287530249895065,-0.6216307944711459,-0.37234031447388954,-0.875379710686409,0.1427954259612064,-0.5268378232981238,-1.3265656924226743,-1.216108852854004,-0.6451239966845644,-0.5810160220117815,-1.1078234188139944,1.9969076815168694,4,0
-1.956146883107199,1,2,-1.013529278392347,-1.863777753930116,5,0.2546249253678617,0,1.6783773645215088,-2.432005601372186,-0.9686946078410421,8,-1.5679065665042957,2,0.938236753621676,-1.0742047368799348,-1.2250847848135313,0.47087095579741883,-1.584178240646517,-0.9320143892374165,-1.3227752039448188,1.707499689688721,1.754054456494842,-1.1472946014369565,-1.1788242504910145,-0.6835058984856107,-1.1556079717293142,0.1427954259612064,0.5999422814371485,0.4421885641408914,0.8222948115649081,1.5500896031448563,1.7211229331292395,0.9026709338484401,-1.1628924173311372,1,0
-0.0978593970261182,1,1,-0.7674295031632836,-0.8880821348855039,3,1.1697805251007627,1,-1.7660787744745667,0.3796721288811475,-0.9686946078410421,2,-0.6608531809232983,2,0.10525062860455277,0.5272972542088118,0.6927795747987061,-0.5381382351970498,0.26623257679518353,-0.9320143892374165,0.22527459354649704,0.1557070814399298,-1.0778621289498782,0.16237192087896354,0.7713528455785257,1.4946531895964377,-0.5951514496435035,-0.6708064196317143,-0.6406795491918984,-1.3265656924226743,-1.216108852854004,-0.6451239966845644,-0.5810160220117815,-1.1078234188139944,-1.1628924173311372,3,0
-0.7537255685841467,0,1,-0.02913017747609325,0.0876134841591082,3,0.2546249253678617,1,0.005355811294843447,0.3796721288811475,-0.06744076383703446,2,-1.5679065665042957,0,-0.46394016038133373,-0.6738292391077482,0.0534914549279603,-1.5471474261915186,0.26623257679518353,1.4159910129545328,0.09627044375555406,0.9316033855643254,0.33809616377248186,0.8172051820369235,1.3285463015983943,1.1834876055847166,1.646674638699739,-1.4844082652246349,-0.21111677015272193,0.4421885641408914,0.8222948115649081,1.5500896031448563,1.7211229331292395,0.9026709338484401,-1.1628924173311372,2,0
0.8859398603109246,2,2,-0.6443796155487519,-0.8880821348855039,1,0.2546249253678617,0,-1.7660787744745667,0.3796721288811475,-0.06744076383703446,7,-1.5679065665042957,0,-1.1234987709272017,0.5272972542088118,0.5329575448310196,-1.5471474261915186,-1.584178240646517,0.24198831185855807,-0.29074200561727487,0.1557070814399298,1.754054456494842,-0.3287530249895065,-0.06443733845127728,-0.6835058984856107,-0.31492318860059826,-1.4844082652246349,-1.368760631685862,1.3265656924226743,0.8222948115649081,1.5500896031448563,-0.5810160220117815,0.9026709338484401,-1.1628924173311372,1,0
2.088361174833977,2,1,-0.15218006509062498,0.0876134841591082,1,0.2546249253678617,0,0.05456232756621595,0.3796721288811475,-0.9686946078410421,6,-1.5679065665042957,0,-0.05257684202042267,0.5272972542088118,-0.9054407248781584,-0.5381382351970498,0.26623257679518353,0.24198831185855807,0.999299492292155,0.1557070814399298,0.33809616377248186,-0.8198779708579764,-0.6216307944711459,-0.061174730462168335,-0.5951514496435035,-0.6708064196317143,0.02415613002774577,-0.4421885641408914,0.8222948115649081,-0.6451239966845644,-0.5810160220117815,0.9026709338484401,-0.10962571771513507,2,0
-0.4257924828051325,2,1,-0.8904793907778153,0.0876134841591082,1,0.2546249253678617,1,1.1863122018077836,0.3796721288811475,-0.9686946078410421,6,1.1532535902386967,2,-0.5337890053507128,-1.0742047368799348,0.7726905897825493,0.47087095579741883,-1.584178240646517,-0.9320143892374165,-0.9357627545719898,-0.6201892226844657,1.754054456494842,-0.6561696555684865,-0.9002275224810803,-0.6835058984856107,-0.5951514496435035,1.7699991171470477,0.10258043008790167,1.3265656924226743,0.8222948115649081,1.5500896031448563,1.7211229331292395,0.9026709338484401,-1.1628924173311372,1,0
-1.956146883107199,2,1,-0.8904793907778153,0.0876134841591082,1,-0.6605306743650393,1,-0.9295679978612341,-1.0261667362455194,-0.9686946078410421,2,1.1532535902386967,2,-0.712838157244051,-0.6738292391077482,1.3320676946694519,1.4798801467918874,0.26623257679518353,-0.9320143892374165,-1.3227752039448188,0.1557070814399298,-1.0778621289498782,-0.9835862861474665,-1.1788242504910145,-0.37234031447388954,-1.1556079717293142,0.1427954259612064,0.8185183951531959,1.3265656924226743,0.8222948115649081,1.5500896031448563,-0.5810160220117815,0.9026709338484401,1.9969076815168694,1,1
0.9952508889039294,2,2,-1.013529278392347,-0.8880821348855039,2,-0.6605306743650393,0,1.2847252343505287,0.3796721288811475,0.8338130801669732,7,-1.5679065665042957,0,-1.7112409634059615,-0.6738292391077482,1.0124236347340791,1.4798801467918874,0.26623257679518353,2.5899937140505074,1.6443202412468698,-0.6201892226844657,0.33809616377248186,2.7817049655108033,2.442933213638131,3.9839778616902075,0.8059898555710231,-1.4844082652246349,0.2756198534464392,0.4421885641408914,0.8222948115649081,-0.6451239966845644,-0.5810160220117815,0.9026709338484401,-0.10962571771513507,3,0
0.12076266015989133,2,1,-0.02913017747609325,-0.8880821348855039,1,0.2546249253678617,0,0.448214457737196,0.3796721288811475,-0.9686946078410421,2,1.1532535902386967,2,-1.1234987709272017,-0.6738292391077482,0.4530465298471764,-0.5381382351970498,0.26623257679518353,-0.9320143892374165,-1.1937710541538757,0.1557070814399298,0.33809616377248186,-0.8198779708579764,-0.6216307944711459,-0.061174730462168335,-0.875379710686409,0.956397271554127,-1.7917458887845092,0.4421885641408914,0.8222948115649081,1.5500896031448563,-0.5810160220117815,0.9026709338484401,-0.10962571771513507,2,0
-0.6444145399911421,2,1,0.340019485367502,-1.863777753930116,3,0.2546249253678617,0,1.432344783164646,0.3796721288811475,-0.9686946078410421,6,1.1532535902386967,1,-1.0300390487850746,2.1287992452975586,-1.1451737698296882,1.4798801467918874,0.26623257679518353,0.24198831185855807,-0.5487503051991608,-2.171981830933257,0.33809616377248186,-0.49246134027899646,-0.6216307944711459,-0.6835058984856107,-0.5951514496435035,1.7699991171470477,0.3166028747681981,0.4421885641408914,0.8222948115649081,-0.6451239966845644,-0.5810160220117815,0.9026709338484401,-1.1628924173311372,3,0
-0.3164814542121277,2,1,2.185767799585478,-0.8880821348855039,3,1.1697805251007627,0,1.432344783164646,0.3796721288811475,-0.9686946078410421,6,-0.6608531809232983,2,-1.2089476597428608,-0.2734537413355615,-0.745618694910472,0.47087095579741883,1.1914379855160337,-0.9320143892374165,-0.29074200561727487,0.1557070814399298,0.33809616377248186,-0.6561696555684865,-0.6216307944711459,-0.37234031447388954,-0.5951514496435035,0.956397271554127,0.1486230836716061,-1.3265656924226743,-1.216108852854004,-0.6451239966845644,-0.5810160220117815,-1.1078234188139944,1.9969076815168694,2,0
0.4486957459389056,2,2,1.3244185862837559,-0.8880821348855039,2,-0.6605306743650393,0,0.20218187638033347,0.3796721288811475,-0.9686946078410421,8,-0.6608531809232983,2,1.0420965049946562,-0.6738292391077482,1.1722456647017656,1.4798801467918874,1.1914379855160337,-0.9320143892374165,-0.9357627545719898,1.707499689688721,-1.0778621289498782,-0.49246134027899646,-0.3430340664612116,-0.6835058984856107,-0.5951514496435035,1.7699991171470477,-0.2865052908557105,-1.3265656924226743,-1.216108852854004,-0.6451239966845644,-0.5810160220117815,-1.1078234188139944,0.9436409819008672,4,1
1.4324950032759485,2,1,-1.013529278392347,0.0876134841591082,3,0.2546249253678617,1,0.9894861367222936,-1.0261667362455194,-0.9686946078410421,2,0.24620020465769926,1,-1.5302242384148945,-0.2734537413355615,-1.0652627548458449,0.47087095579741883,1.1914379855160337,0.24198831185855807,-0.8067586047810468,-0.6201892226844657,-1.0778621289498782,-0.6561696555684865,-0.6216307944711459,-0.6835058984856107,-0.5951514496435035,0.1427954259612064,0.861525269379733,1.3265656924226743,0.8222948115649081,1.5500896031448563,1.7211229331292395,0.9026709338484401,-0.10962571771513507,2,0
1.7604280890549628,2,1,0.4630693729820337,-0.8880821348855039,3,1.1697805251007627,0,-0.4375028351475091,1.7855109940078144,-0.06744076383703446,4,-1.5679065665042957,0,1.6776226155611202,-0.6738292391077482,-0.5058856499589423,-1.5471474261915186,0.26623257679518353,1.4159910129545328,-0.8067586047810468,0.1557070814399298,0.33809616377248186,-0.49246134027899646,-0.6216307944711459,-0.37234031447388954,-0.31492318860059826,-1.4844082652246349,-0.520766264583789,-1.3265656924226743,-1.216108852854004,-0.6451239966845644,1.7211229331292395,-1.1078234188139944,-1.1628924173311372,2,0
-0.4257924828051325,2,1,0.5861192605965654,0.0876134841591082,3,1.1697805251007627,0,0.3005949089230785,0.3796721288811475,-0.9686946078410421,6,-0.6608531809232983,1,-1.35482915084591,-0.6738292391077482,2.131177844507884,-0.5381382351970498,1.1914379855160337,0.24198831185855807,-0.41974615540821786,1.707499689688721,0.33809616377248186,0.16237192087896354,0.7713528455785257,-0.37234031447388954,0.5257615945281178,-1.4844082652246349,0.5508638484962767,1.3265656924226743,0.8222948115649081,-0.6451239966845644,1.7211229331292395,0.9026709338484401,0.9436409819008672,2,0
0.33938471734590087,2,1,-0.6443796155487519,-1.863777753930116,3,1.1697805251007627,0,-0.9787745141326066,0.3796721288811475,2.6363207681749885,3,0.24620020465769926,1,-1.098201402527829,-0.6738292391077482,-1.1451737698296882,0.47087095579741883,-0.6589728319256667,0.24198831185855807,1.257307791874041,-0.6201892226844657,0.33809616377248186,2.1268717043528436,1.04994957358846,2.11698435761988,1.3664463776568336,-0.6708064196317143,-1.1957212083273243,0.4421885641408914,0.8222948115649081,-0.6451239966845644,1.7211229331292395,0.9026709338484401,-1.1628924173311372,2,0
1.9790501462409722,2,1,0.5861192605965654,1.0633091032037203,3,0.2546249253678617,1,-0.2406767700620191,1.7855109940078144,2.6363207681749885,5,-0.6608531809232983,2,-0.13690140335166512,2.1287992452975586,-0.6657076799266287,-1.5471474261915186,1.1914379855160337,-0.9320143892374165,3.1923700387381855,0.1557070814399298,0.33809616377248186,2.7817049655108033,3.000126669658,-0.061174730462168335,3.047815943914266,0.1427954259612064,0.5888110904608682,1.3265656924226743,0.8222948115649081,1.5500896031448563,-0.5810160220117815,0.9026709338484401,-1.1628924173311372,1,0
-0.3164814542121277,1,1,-0.8904793907778153,-1.863777753930116,1,1.1697805251007627,1,-1.0279810304039791,-1.0261667362455194,-0.06744076383703446,4,0.24620020465769926,1,-0.03360381572089312,-0.6738292391077482,1.3320676946694519,0.47087095579741883,0.26623257679518353,-0.9320143892374165,-0.1617378558263319,-0.6201892226844657,-1.0778621289498782,0.48978855145794353,1.3285463015983943,-0.37234031447388954,1.3664463776568336,0.1427954259612064,1.7353237610177281,0.4421885641408914,0.8222948115649081,-0.6451239966845644,-0.5810160220117815,-1.1078234188139944,-0.10962571771513507,2,0
1.5418060318689533,2,1,-0.7674295031632836,0.0876134841591082,3,1.1697805251007627,0,1.5799643319787637,0.3796721288811475,1.7350669241709809,0,-0.6608531809232983,2,-1.000806534190244,0.12692175643662515,-1.0652627548458449,0.47087095579741883,0.26623257679518353,-0.9320143892374165,1.257307791874041,2.4833959938131165,0.33809616377248186,-0.001336394410526465,0.7713528455785257,-0.37234031447388954,-1.1556079717293142,-0.6708064196317143,-0.6255006524060618,0.4421885641408914,0.8222948115649081,1.5500896031448563,-0.5810160220117815,0.9026709338484401,-1.1628924173311372,2,0
1.651117060461958,2,1,-1.013529278392347,1.0633091032037203,1,0.2546249253678617,1,-0.043850704976529056,-1.0261667362455194,2.6363207681749885,3,0.24620020465769926,1,-1.213585510616079,-1.0742047368799348,-0.34606361999125584,0.47087095579741883,-1.584178240646517,0.24198831185855807,2.9343617391562997,1.707499689688721,0.33809616377248186,4.255079803116214,3.8359168536878028,2.7393155256433226,1.3664463776568336,0.956397271554127,-0.5253199336195401,1.3265656924226743,0.8222948115649081,1.5500896031448563,1.7211229331292395,0.9026709338484401,-1.1628924173311372,1,0
-1.081658654363161,2,1,-0.02913017747609325,0.0876134841591082,3,1.1697805251007627,0,1.6291708482501361,0.3796721288811475,-0.9686946078410421,6,-0.6608531809232983,2,-0.35586418094179134,-0.6738292391077482,-1.1451737698296882,0.47087095579741883,1.1914379855160337,-0.9320143892374165,-0.5487503051991608,-0.6201892226844657,-1.0778621289498782,-0.001336394410526465,0.7713528455785257,-0.6835058984856107,-0.31492318860059826,0.956397271554127,-0.104358529425671,-0.4421885641408914,0.8222948115649081,-0.6451239966845644,-0.5810160220117815,0.9026709338484401,0.9436409819008672,2,0
-0.20717042561912297,2,1,1.6935682491273512,-0.8880821348855039,1,-0.6605306743650393,1,-0.7819484490471167,-1.0261667362455194,-0.06744076383703446,4,0.24620020465769926,1,0.16638593556970355,0.12692175643662515,1.8914447995563546,-0.5381382351970498,-1.584178240646517,-0.9320143892374165,-0.41974615540821786,-1.3960855268088614,0.33809616377248186,-0.9835862861474665,-1.1788242504910145,-0.6835058984856107,-0.875379710686409,1.7699991171470477,-1.6166826125211935,-1.3265656924226743,-1.216108852854004,-0.6451239966845644,-0.5810160220117815,-1.1078234188139944,1.9969076815168694,4,1
0.6673178031249152,0,1,-0.2752299527051567,0.0876134841591082,3,1.1697805251007627,1,-1.4216331605749593,1.7855109940078144,-0.9686946078410421,6,1.1532535902386967,0,-1.276828931614511,0.5272972542088118,0.6927795747987061,0.47087095579741883,1.1914379855160337,2.5899937140505074,-0.5487503051991608,0.1557070814399298,1.754054456494842,-0.3287530249895065,-0.06443733845127728,-0.061174730462168335,-0.5951514496435035,0.1427954259612064,-0.1286447642830096,0.4421885641408914,0.8222948115649081,1.5500896031448563,-0.5810160220117815,0.9026709338484401,-0.10962571771513507,2,0
0.8859398603109246,0,1,-0.8904793907778153,-0.8880821348855039,3,-1.5756862740979403,1,-0.043850704976529056,-1.0261667362455194,1.7350669241709809,3,1.1532535902386967,1,0.8641716805857348,2.529174743069745,-0.8255297098943152,1.4798801467918874,1.1914379855160337,0.24198831185855807,1.3863119416649838,-1.3960855268088614,0.33809616377248186,2.1268717043528436,1.04994957358846,2.7393155256433226,1.0862181166139284,1.7699991171470477,-1.7158514048553262,1.3265656924226743,0.8222948115649081,1.5500896031448563,1.7211229331292395,0.9026709338484401,-1.1628924173311372,1,0
0.01145163156688656,2,1,1.4474684738982875,0.0876134841591082,1,-0.6605306743650393,1,-0.043850704976529056,1.7855109940078144,-0.9686946078410421,6,-1.5679065665042957,1,1.2176321334991926,-0.6738292391077482,0.7726905897825493,-0.5381382351970498,-1.584178240646517,0.24198831185855807,-0.41974615540821786,0.1557070814399298,-1.0778621289498782,0.16237192087896354,0.7713528455785257,-0.37234031447388954,0.8059898555710231,0.1427954259612064,0.08487171717109228,-1.3265656924226743,-1.216108852854004,-0.6451239966845644,-0.5810160220117815,-1.1078234188139944,-1.1628924173311372,4,0
-0.20717042561912297,1,1,-0.8904793907778153,0.0876134841591082,3,-0.6605306743650393,0,-1.4216331605749593,0.3796721288811475,-0.06744076383703446,2,-0.6608531809232983,2,0.23511045305466613,0.9276727519809984,-1.2250847848135313,-1.5471474261915186,1.1914379855160337,-0.9320143892374165,-0.1617378558263319,1.707499689688721,0.33809616377248186,-0.16504470970001647,-0.6216307944711459,-0.37234031447388954,-0.5951514496435035,-2.2980101108175557,-0.4281749941901857,-1.3265656924226743,-1.216108852854004,-0.6451239966845644,-0.5810160220117815,-1.1078234188139944,1.9969076815168694,4,0
0.5580067745319104,0,1,1.4474684738982875,-0.8880821348855039,3,0.2546249253678617,0,-1.4708396768463317,0.3796721288811475,-0.06744076383703446,4,0.24620020465769926,0,0.2987754968597542,-0.2734537413355615,0.4530465298471764,0.47087095579741883,-0.6589728319256667,0.24198831185855807,-0.032733706035388915,1.707499689688721,0.33809616377248186,-0.3287530249895065,-0.3430340664612116,-0.6835058984856107,-0.5951514496435035,0.1427954259612064,-0.57642221946519,-1.3265656924226743,-1.216108852854004,-0.6451239966845644,-0.5810160220117815,-1.1078234188139944,-0.10962571771513507,2,0
0.12076266015989133,2,1,-0.8904793907778153,1.0633091032037203,1,1.1697805251007627,1,1.0878991692650386,0.3796721288811475,-0.06744076383703446,4,0.24620020465769926,1,-0.9913902915082552,2.529174743069745,1.4918897246371383,0.47087095579741883,-0.6589728319256667,-0.9320143892374165,0.35427874333744,0.1557070814399298,0.33809616377248186,-0.9835862861474665,-1.1788242504910145,-0.6835058984856107,-1.1556079717293142,-0.6708064196317143,0.18707628886239222,-1.3265656924226743,-1.216108852854004,-0.6451239966845644,-0.5810160220117815,-1.1078234188139944,0.9436409819008672,3,0
0.12076266015989133,2,1,2.4318675748145413,0.0876134841591082,5,1.1697805251007627,1,-0.5851223839616266,0.3796721288811475,-0.06744076383703446,4,1.1532535902386967,1,-1.4234131273953206,0.12692175643662515,1.8914447995563546,-0.5381382351970498,-1.584178240646517,0.24198831185855807,-0.29074200561727487,0.1557070814399298,-2.4938204216722384,-0.001336394410526465,0.7713528455785257,-0.37234031447388954,0.8059898555710231,0.956397271554127,-0.8673510745270587,-1.3265656924226743,-1.216108852854004,-0.6451239966845644,-0.5810160220117815,-1.1078234188139944,1.9969076815168694,4,0
-1.081658654363161,1,1,-1.013529278392347,-1.863777753930116,5,0.2546249253678617,1,-0.2898832863333916,-1.0261667362455194,-0.06744076383703446,4,-1.5679065665042957,1,-0.651281227472244,0.9276727519809984,-1.0652627548458449,1.4798801467918874,0.26623257679518353,0.24198831185855807,-0.6777544549901038,-1.3960855268088614,0.33809616377248186,-0.8198779708579764,-0.6216307944711459,-0.061174730462168335,-1.1556079717293142,-1.4844082652246349,0.33684140381598027,-0.4421885641408914,-1.216108852854004,-0.6451239966845644,-0.5810160220117815,-1.1078234188139944,-1.1628924173311372,2,0
1.3231839746829437,0,1,1.0783188110546924,1.0633091032037203,1,1.1697805251007627,1,1.2847252343505287,0.3796721288811475,-0.06744076383703446,4,1.1532535902386967,0,1.3323135369096823,-0.6738292391077482,-0.5857966649427855,0.47087095579741883,-1.584178240646517,1.4159910129545328,-0.5487503051991608,-2.171981830933257,0.33809616377248186,-0.001336394410526465,0.7713528455785257,-0.37234031447388954,0.8059898555710231,1.7699991171470477,-0.659400188561097,-0.4421885641408914,0.8222948115649081,1.5500896031448563,-0.5810160220117815,0.9026709338484401,-1.1628924173311372,1,0
-0.3164814542121277,1,1,0.09391971013843849,1.0633091032037203,3,1.1697805251007627,1,-1.1263940629467242,0.3796721288811475,-0.9686946078410421,6,0.24620020465769926,0,-1.1722664755637702,-0.6738292391077482,1.0124236347340791,0.47087095579741883,1.1914379855160337,0.24198831185855807,-0.8067586047810468,0.9316033855643254,1.754054456494842,-0.3287530249895065,-0.3430340664612116,-0.061174730462168335,-1.1556079717293142,0.1427954259612064,1.7692232971727633,0.4421885641408914,-1.216108852854004,-0.6451239966845644,-0.5810160220117815,-1.1078234188139944,-0.10962571771513507,2,0
-0.0978593970261182,2,1,0.832219035825629,0.0876134841591082,3,0.2546249253678617,1,1.6291708482501361,0.3796721288811475,-0.06744076383703446,2,1.1532535902386967,1,0.31058093544612814,-1.0742047368799348,-1.0652627548458449,-0.5381382351970498,0.26623257679518353,0.24198831185855807,-0.5487503051991608,-0.6201892226844657,1.754054456494842,-0.16504470970001647,0.21415938955865704,-0.37234031447388954,-0.03469492755769292,0.956397271554127,0.7122661176523395,1.3265656924226743,0.8222948115649081,1.5500896031448563,1.7211229331292395,0.9026709338484401,-0.10962571771513507,2,0
0.12076266015989133,2,1,2.4318675748145413,-1.863777753930116,3,-0.6605306743650393,1,0.20218187638033347,0.3796721288811475,-0.06744076383703446,0,-1.5679065665042957,1,-0.41587516042252554,1.7284237475253719,-1.2250847848135313,1.4798801467918874,-0.6589728319256667,-0.9320143892374165,0.741291192710269,-0.6201892226844657,0.33809616377248186,-0.9835862861474665,-1.1788242504910145,-0.6835058984856107,-1.1556079717293142,-2.2980101108175557,-0.7115144008591361,-1.3265656924226743,-1.216108852854004,-0.6451239966845644,-0.5810160220117815,-1.1078234188139944,-0.10962571771513507,4,1
-0.8630365971771515,2,2,2.185767799585478,0.0876134841591082,2,-0.6605306743650393,0,-1.5200461931177043,0.3796721288811475,0.8338130801669732,7,1.1532535902386967,1,1.4351895017337981,-0.6738292391077482,0.6128685598148629,1.4798801467918874,1.1914379855160337,2.5899937140505074,-0.1617378558263319,0.1557070814399298,-1.0778621289498782,0.48978855145794353,-0.06443733845127728,-0.37234031447388954,1.3664463776568336,-2.2980101108175557,-1.607069311223497,0.4421885641408914,-1.216108852854004,-0.6451239966845644,-0.5810160220117815,0.9026709338484401,-0.10962571771513507,4,1
-1.628213797328185,2,1,-0.5213297279342202,0.0876134841591082,1,1.1697805251007627,1,-0.2898832863333916,1.7855109940078144,-0.9686946078410421,6,-0.6608531809232983,0,-0.2699936693194761,-0.6738292391077482,0.5329575448310196,0.47087095579741883,-1.584178240646517,0.24198831185855807,-0.9357627545719898,-0.6201892226844657,-1.0778621289498782,-0.49246134027899646,-0.6216307944711459,-0.061174730462168335,-0.5951514496435035,-0.6708064196317143,-0.5668089181674936,-1.3265656924226743,-1.216108852854004,-0.6451239966845644,-0.5810160220117815,-1.1078234188139944,-0.10962571771513507,3,0
-0.0978593970261182,1,1,1.0783188110546924,-1.863777753930116,3,-0.6605306743650393,0,0.349801425194451,0.3796721288811475,-0.9686946078410421,2,1.1532535902386967,2,-0.9289901161231358,-0.6738292391077482,-0.10633057503972616,-0.5381382351970498,-1.584178240646517,-0.9320143892374165,-0.41974615540821786,-0.6201892226844657,0.33809616377248186,0.16237192087896354,-0.9002275224810803,-0.37234031447388954,0.8059898555710231,0.956397271554127,-0.8850597874438682,-0.4421885641408914,-1.216108852854004,-0.6451239966845644,-0.5810160220117815,-1.1078234188139944,0.9436409819008672,2,0
0.33938471734590087,0,1,-0.02913017747609325,2.0390047222483325,1,1.1697805251007627,1,-0.14226373751927407,-1.0261667362455194,-0.06744076383703446,0,1.1532535902386967,1,-0.009992938548145236,2.529174743069745,-0.9054407248781584,0.47087095579741883,1.1914379855160337,0.24198831185855807,-0.8067586047810468,1.707499689688721,-2.4938204216722384,-0.6561696555684865,-0.6216307944711459,-0.6835058984856107,-0.5951514496435035,0.1427954259612064,0.390473505792603,1.3265656924226743,0.8222948115649081,1.5500896031448563,1.7211229331292395,0.9026709338484401,-0.10962571771513507,2,0
0.9952508889039294,2,1,-1.013529278392347,1.0633091032037203,3,1.1697805251007627,1,1.5307578157073911,0.3796721288811475,0.8338130801669732,0,-1.5679065665042957,0,-0.2733666517727258,1.7284237475253719,2.370910889459414,0.47087095579741883,0.26623257679518353,0.24198831185855807,0.741291192710269,0.1557070814399298,0.33809616377248186,-0.49246134027899646,-0.6216307944711459,-0.6835058984856107,-0.31492318860059826,-1.4844082652246349,-0.9133937281107631,0.4421885641408914,0.8222948115649081,-0.6451239966845644,-0.5810160220117815,0.9026709338484401,-1.1628924173311372,2,0
-0.5351035113981373,2,2,-0.6443796155487519,1.0633091032037203,3,1.1697805251007627,1,-1.6676657419318217,-2.432005601372186,0.8338130801669732,7,1.1532535902386967,1,1.6160656857893132,-0.6738292391077482,-0.8255297098943152,-1.5471474261915186,0.26623257679518353,-0.9320143892374165,0.35427874333744,-0.6201892226844657,-1.0778621289498782,1.1446218126159036,1.04994957358846,2.11698435761988,1.0862181166139284,0.1427954259612064,-0.267784651486512,1.3265656924226743,0.8222948115649081,1.5500896031448563,1.7211229331292395,0.9026709338484401,-0.10962571771513507,2,1
-0.7537255685841467,0,1,-1.013529278392347,-1.863777753930116,1,0.2546249253678617,1,1.0878991692650386,-1.0261667362455194,0.8338130801669732,4,0.24620020465769926,2,0.9292421337463435,-0.6738292391077482,-0.5857966649427855,1.4798801467918874,0.26623257679518353,-0.9320143892374165,0.09627044375555406,-0.6201892226844657,0.33809616377248186,0.6534968667474336,1.04994957358846,0.8723220215729953,1.0862181166139284,0.1427954259612064,0.0034116377537690467,-1.3265656924226743,0.8222948115649081,-0.6451239966845644,-0.5810160220117815,-1.1078234188139944,-0.10962571771513507,2,0
-1.081658654363161,1,2,1.3244185862837559,0.0876134841591082,1,1.1697805251007627,0,1.1863122018077836,0.3796721288811475,-0.06744076383703446,7,0.24620020465769926,2,-0.19635021909019104,-0.6738292391077482,-0.18624159002356938,0.47087095579741883,1.1914379855160337,-0.9320143892374165,-0.5487503051991608,-0.6201892226844657,0.33809616377248186,-0.001336394410526465,0.7713528455785257,-0.6835058984856107,0.8059898555710231,0.956397271554127,-1.3161404561616283,-0.4421885641408914,-1.216108852854004,-0.6451239966845644,-0.5810160220117815,-1.1078234188139944,-1.1628924173311372,2,0
1.5418060318689533,2,1,-0.15218006509062498,1.0633091032037203,1,-0.6605306743650393,1,0.743453555365431,-1.0261667362455194,0.8338130801669732,5,-0.6608531809232983,1,0.19997521916664845,0.9276727519809984,1.3320676946694519,0.47087095579741883,1.1914379855160337,1.4159910129545328,0.612287042919326,1.707499689688721,-2.4938204216722384,0.48978855145794353,1.3285463015983943,0.5611564375612741,0.8059898555710231,-0.6708064196317143,1.496003155027704,-1.3265656924226743,-1.216108852854004,-0.6451239966845644,-0.5810160220117815,-1.1078234188139944,0.9436409819008672,2,0
-0.7537255685841467,2,1,-0.7674295031632836,0.0876134841591082,5,1.1697805251007627,0,1.0878991692650386,0.3796721288811475,-0.9686946078410421,6,-1.5679065665042957,2,-0.8091086980972194,0.9276727519809984,-0.745618694910472,-1.5471474261915186,0.26623257679518353,-0.9320143892374165,-0.41974615540821786,1.707499689688721,0.33809616377248186,-0.3287530249895065,-0.6216307944711459,-0.6835058984856107,-0.03469492755769292,-1.4844082652246349,0.08082401136153584,0.4421885641408914,0.8222948115649081,1.5500896031448563,-0.5810160220117815,0.9026709338484401,-1.1628924173311372,3,1
0.4486957459389056,2,2,-0.39827984031968844,0.0876134841591082,1,1.1697805251007627,0,0.448214457737196,0.3796721288811475,0.8338130801669732,3,1.1532535902386967,2,0.050720745610349324,0.12692175643662515,1.0124236347340791,0.47087095579741883,0.26623257679518353,-0.9320143892374165,0.612287042919326,0.1557070814399298,0.33809616377248186,-0.9835862861474665,-1.1788242504910145,-0.6835058984856107,-1.1556079717293142,0.956397271554127,-0.19441998368830166,-1.3265656924226743,-1.216108852854004,-0.6451239966845644,-0.5810160220117815,-1.1078234188139944,-0.10962571771513507,2,0
-0.7537255685841467,1,2,2.0627179119709464,1.0633091032037203,2,0.2546249253678617,0,-0.6835354165043717,-1.0261667362455194,-0.06744076383703446,7,-1.5679065665042957,2,1.216226724143672,0.9276727519809984,-0.18624159002356938,0.47087095579741883,0.26623257679518353,-0.9320143892374165,-0.29074200561727487,1.707499689688721,-1.0778621289498782,-0.16504470970001647,-0.3430340664612116,-0.6835058984856107,-0.875379710686409,0.1427954259612064,1.2344201670851194,-0.4421885641408914,-1.216108852854004,-0.6451239966845644,-0.5810160220117815,0.9026709338484401,0.9436409819008672,3,1
-0.8630365971771515,2,1,-1.013529278392347,0.0876134841591082,5,0.2546249253678617,1,0.9402796204509211,0.3796721288811475,-0.9686946078410421,6,0.24620020465769926,2,0.7650903210215249,-1.0742047368799348,0.5329575448310196,-0.5381382351970498,1.1914379855160337,-0.9320143892374165,-0.5487503051991608,-1.3960855268088614,-1.0778621289498782,-0.16504470970001647,-0.6216307944711459,-0.37234031447388954,0.24553333348521242,-1.4844082652246349,0.8498881151772583,1.3265656924226743,0.8222948115649081,1.5500896031448563,-0.5810160220117815,0.9026709338484401,-1.1628924173311372,1,1
0.8859398603109246,0,2,-0.39827984031968844,0.0876134841591082,3,1.1697805251007627,0,-0.4375028351475091,-1.0261667362455194,0.8338130801669732,7,1.1532535902386967,2,0.35513241201613455,1.3280482497531851,-0.34606361999125584,-0.5381382351970498,1.1914379855160337,-0.9320143892374165,1.515316091455927,-0.6201892226844657,0.33809616377248186,1.9631633890633533,0.7713528455785257,3.0504811096550437,1.0862181166139284,0.956397271554127,-0.13876402880690067,1.3265656924226743,0.8222948115649081,1.5500896031448563,1.7211229331292395,0.9026709338484401,-1.1628924173311372,1,0
1.8697391176479676,2,2,-0.7674295031632836,0.0876134841591082,2,1.1697805251007627,0,-0.6835354165043717,0.3796721288811475,-0.06744076383703446,7,-1.5679065665042957,1,0.37916491199553864,-0.2734537413355615,-0.10633057503972616,-0.5381382351970498,1.1914379855160337,0.24198831185855807,0.612287042919326,0.9316033855643254,0.33809616377248186,-0.16504470970001647,-0.6216307944711459,-0.6835058984856107,0.24553333348521242,-0.6708064196317143,0.024662093253940323,-0.4421885641408914,0.8222948115649081,-0.6451239966845644,-0.5810160220117815,0.9026709338484401,-1.1628924173311372,3,0
-0.0978593970261182,2,1,-0.5213297279342202,-0.8880821348855039,1,1.1697805251007627,1,-0.19147025379064658,0.3796721288811475,-0.06744076383703446,2,-0.6608531809232983,2,-0.6138973386153932,2.1287992452975586,-1.1451737698296882,0.47087095579741883,1.1914379855160337,-0.9320143892374165,0.612287042919326,0.1557070814399298,1.754054456494842,0.9809134973264135,1.885739757618263,0.24999085354955286,0.8059898555710231,-0.6708064196317143,-0.27739795278420853,1.3265656924226743,0.8222948115649081,1.5500896031448563,-0.5810160220117815,0.9026709338484401,-0.10962571771513507,2,0
-0.4257924828051325,2,1,-0.6443796155487519,1.0633091032037203,3,0.2546249253678617,0,-0.9295679978612341,-1.0261667362455194,-0.9686946078410421,6,-0.6608531809232983,1,-0.14969062848690354,1.3280482497531851,1.6517117546048248,1.4798801467918874,1.1914379855160337,-0.9320143892374165,-0.5487503051991608,0.1557070814399298,0.33809616377248186,-0.6561696555684865,-0.6216307944711459,-0.37234031447388954,-0.875379710686409,-0.6708064196317143,1.5116880150397352,1.3265656924226743,0.8222948115649081,-0.6451239966845644,1.7211229331292395,0.9026709338484401,-1.1628924173311372,2,0
0.01145163156688656,1,1,0.21696959775297023,0.0876134841591082,4,-0.6605306743650393,1,-0.9295679978612341,0.3796721288811475,0.8338130801669732,5,1.1532535902386967,0,-0.5982972947691133,-0.6738292391077482,0.7726905897825493,1.4798801467918874,0.26623257679518353,2.5899937140505074,-0.1617378558263319,-1.3960855268088614,0.33809616377248186,0.48978855145794353,1.04994957358846,-0.6835058984856107,0.8059898555710231,1.7699991171470477,1.603773322207144,-0.4421885641408914,-1.216108852854004,-0.6451239966845644,-0.5810160220117815,-1.1078234188139944,-1.1628924173311372,3,0
0.12076266015989133,2,2,-0.7674295031632836,0.0876134841591082,1,-1.5756862740979403,1,0.4974209740085685,0.3796721288811475,0.8338130801669732,7,0.24620020465769926,0,-0.6557785374099103,-1.0742047368799348,-0.9853517398620016,-0.5381382351970498,0.26623257679518353,1.4159910129545328,0.741291192710269,2.4833959938131165,-1.0778621289498782,1.4720384431948834,1.6071430296083287,0.8723220215729953,2.487359421828455,0.1427954259612064,-1.0095267410877284,1.3265656924226743,0.8222948115649081,1.5500896031448563,-0.5810160220117815,0.9026709338484401,-0.10962571771513507,2,0
-0.6444145399911421,0,1,-1.013529278392347,1.0633091032037203,3,0.2546249253678617,1,1.1863122018077836,-2.432005601372186,-0.06744076383703446,4,0.24620020465769926,1,-1.395867104027115,-1.0742047368799348,-0.8255297098943152,-0.5381382351970498,1.1914379855160337,0.24198831185855807,-0.6777544549901038,-0.6201892226844657,0.33809616377248186,-0.3287530249895065,-0.06443733845127728,-0.37234031447388954,-0.03469492755769292,-0.6708064196317143,1.3173981361810263,-0.4421885641408914,0.8222948115649081,1.5500896031448563,1.7211229331292395,-1.1078234188139944,-1.1628924173311372,2,0
2.4162942606129914,2,1,-0.7674295031632836,0.0876134841591082,1,0.2546249253678617,1,0.20218187638033347,-1.0261667362455194,-0.9686946078410421,6,1.1532535902386967,1,-0.8231627916524266,0.12692175643662515,-1.1451737698296882,-0.5381382351970498,-1.584178240646517,0.24198831185855807,-0.5487503051991608,2.4833959938131165,0.33809616377248186,-0.9835862861474665,-1.1788242504910145,-0.6835058984856107,-1.1556079717293142,-0.6708064196317143,-1.6434986635095048,0.4421885641408914,0.8222948115649081,-0.6451239966845644,1.7211229331292395,0.9026709338484401,-0.10962571771513507,2,0
0.01145163156688656,1,2,-0.6443796155487519,1.0633091032037203,2,-1.5756862740979403,1,-1.2248070954894692,0.3796721288811475,-0.9686946078410421,8,1.1532535902386967,0,-1.654743507314029,0.5272972542088118,0.4530465298471764,0.47087095579741883,0.26623257679518353,0.24198831185855807,0.22527459354649704,-0.6201892226844657,0.33809616377248186,0.32608023616845355,1.04994957358846,0.8723220215729953,1.0862181166139284,1.7699991171470477,1.1969788883467225,0.4421885641408914,-1.216108852854004,-0.6451239966845644,-0.5810160220117815,-1.1078234188139944,-0.10962571771513507,3,0
-0.8630365971771515,1,2,-1.013529278392347,-1.863777753930116,3,-0.6605306743650393,0,-1.1756005792180968,0.3796721288811475,0.8338130801669732,7,1.1532535902386967,1,-1.084147308972622,-0.6738292391077482,-1.2250847848135313,0.47087095579741883,1.1914379855160337,0.24198831185855807,-0.032733706035388915,1.707499689688721,0.33809616377248186,0.6534968667474336,1.6071430296083287,0.5611564375612741,-0.875379710686409,-0.6708064196317143,-0.06742321391346855,0.4421885641408914,-1.216108852854004,-0.6451239966845644,-0.5810160220117815,-1.1078234188139944,0.9436409819008672,3,0
-0.20717042561912297,1,2,-1.013529278392347,0.0876134841591082,2,0.2546249253678617,0,1.2847252343505287,0.3796721288811475,0.8338130801669732,7,0.24620020465769926,2,-0.7332165928991012,-0.6738292391077482,0.21331348489564675,0.47087095579741883,-1.584178240646517,-0.9320143892374165,-0.1617378558263319,0.1557070814399298,1.754054456494842,0.48978855145794353,0.7713528455785257,-0.6835058984856107,1.0862181166139284,0.1427954259612064,-0.38719197286842677,-0.4421885641408914,-1.216108852854004,-0.6451239966845644,-0.5810160220117815,-1.1078234188139944,-1.1628924173311372,3,0
-0.8630365971771515,2,1,1.0783188110546924,-1.863777753930116,3,0.2546249253678617,1,0.9894861367222936,-1.0261667362455194,-0.9686946078410421,6,1.1532535902386967,2,0.09105599411379363,-0.6738292391077482,-1.2250847848135313,-0.5381382351970498,0.26623257679518353,-0.9320143892374165,-0.9357627545719898,0.1557070814399298,-1.0778621289498782,-0.49246134027899646,-0.3430340664612116,-0.6835058984856107,-0.875379710686409,-2.2980101108175557,-0.018850744198791337,1.3265656924226743,0.8222948115649081,1.5500896031448563,1.7211229331292395,0.9026709338484401,-1.1628924173311372,1,0
1.651117060461958,2,1,-0.8904793907778153,0.0876134841591082,1,0.2546249253678617,0,1.137105685536411,-1.0261667362455194,-0.9686946078410421,2,1.1532535902386967,2,-1.5477918553589032,1.7284237475253719,0.9325126197502358,-0.5381382351970498,-0.6589728319256667,-0.9320143892374165,-0.6777544549901038,0.1557070814399298,-1.0778621289498782,-0.8198779708579764,-0.6216307944711459,-0.061174730462168335,-0.5951514496435035,0.956397271554127,1.058850927595609,0.4421885641408914,0.8222948115649081,1.5500896031448563,1.7211229331292395,0.9026709338484401,-1.1628924173311372,2,0
0.5580067745319104,2,1,-0.6443796155487519,-0.8880821348855039,5,0.2546249253678617,1,-0.3882963188761366,0.3796721288811475,2.6363207681749885,3,1.1532535902386967,1,-1.3182885076023718,-0.6738292391077482,-0.5857966649427855,-1.5471474261915186,1.1914379855160337,-0.9320143892374165,1.3863119416649838,0.1557070814399298,0.33809616377248186,2.454288334931823,3.557320125677869,2.7393155256433226,3.047815943914266,-0.6708064196317143,0.2832093018393575,1.3265656924226743,0.8222948115649081,-0.6451239966845644,1.7211229331292395,0.9026709338484401,-0.10962571771513507,2,0
2.4162942606129914,2,0,-0.39827984031968844,-0.8880821348855039,3,-0.6605306743650393,1,-0.6835354165043717,0.3796721288811475,-0.9686946078410421,1,0.24620020465769926,1,1.5942818407787422,2.1287992452975586,0.5329575448310196,0.47087095579741883,1.1914379855160337,-0.9320143892374165,-0.5487503051991608,-0.6201892226844657,-1.0778621289498782,-0.8198779708579764,-0.6216307944711459,-0.061174730462168335,-0.5951514496435035,0.956397271554127,0.11118180493320909,-1.3265656924226743,-1.216108852854004,-0.6451239966845644,-0.5810160220117815,-1.1078234188139944,-0.10962571771513507,4,0
1.4324950032759485,2,2,-1.013529278392347,1.0633091032037203,3,1.1697805251007627,0,0.10376884383758846,0.3796721288811475,2.6363207681749885,3,1.1532535902386967,0,1.3779893409641053,0.12692175643662515,-0.4259746349750991,-1.5471474261915186,0.26623257679518353,0.24198831185855807,2.6763534395744135,0.1557070814399298,-1.0778621289498782,-0.001336394410526465,-1.1788242504910145,-0.6835058984856107,0.5257615945281178,0.1427954259612064,0.7046766692594212,-1.3265656924226743,-1.216108852854004,-0.6451239966845644,-0.5810160220117815,-1.1078234188139944,-0.10962571771513507,2,0
-0.4257924828051325,2,1,0.5861192605965654,0.0876134841591082,3,0.2546249253678617,1,-0.3882963188761366,0.3796721288811475,-0.9686946078410421,2,1.1532535902386967,1,1.1012642388620781,0.9276727519809984,-1.1451737698296882,-0.5381382351970498,0.26623257679518353,0.24198831185855807,-0.41974615540821786,-0.6201892226844657,-2.4938204216722384,-0.3287530249895065,-0.06443733845127728,-0.6835058984856107,-0.03469492755769292,0.1427954259612064,-0.1595085210808774,-0.4421885641408914,-1.216108852854004,-0.6451239966845644,-0.5810160220117815,-1.1078234188139944,0.9436409819008672,3,1
0.6673178031249152,2,2,0.832219035825629,0.0876134841591082,2,1.1697805251007627,0,0.6942470390940585,0.3796721288811475,1.7350669241709809,3,1.1532535902386967,1,-0.9232279377655009,0.9276727519809984,2.051266829524041,1.4798801467918874,0.26623257679518353,0.24198831185855807,1.3863119416649838,0.1557070814399298,0.33809616377248186,1.6357467584843735,2.442933213638131,-0.37234031447388954,1.3664463776568336,1.7699991171470477,-0.40743050191620894,1.3265656924226743,0.8222948115649081,1.5500896031448563,1.7211229331292395,0.9026709338484401,-1.1628924173311372,2,0
-0.4257924828051325,2,1,-0.8904793907778153,-0.8880821348855039,1,-1.5756862740979403,0,-1.3232201280322142,0.3796721288811475,-0.9686946078410421,2,-1.5679065665042957,1,1.011318040108753,1.7284237475253719,-0.8255297098943152,1.4798801467918874,-1.584178240646517,-0.9320143892374165,0.22527459354649704,0.1557070814399298,1.754054456494842,0.32608023616845355,0.7713528455785257,-0.37234031447388954,0.8059898555710231,-1.4844082652246349,-0.9245249190870434,-0.4421885641408914,-1.216108852854004,-0.6451239966845644,-0.5810160220117815,-1.1078234188139944,0.9436409819008672,4,1
1.651117060461958,0,2,-0.8904793907778153,1.0633091032037203,1,-1.5756862740979403,1,0.645040522822686,-1.0261667362455194,2.6363207681749885,3,0.24620020465769926,2,0.943998931979311,-0.6738292391077482,-0.745618694910472,0.47087095579741883,1.1914379855160337,-0.9320143892374165,2.805357589365357,-0.6201892226844657,1.754054456494842,4.255079803116214,0.7713528455785257,3.9839778616902075,2.2071311607855497,0.1427954259612064,0.25487536117246246,1.3265656924226743,0.8222948115649081,1.5500896031448563,1.7211229331292395,0.9026709338484401,-0.10962571771513507,2,0
-0.5351035113981373,2,2,-0.6443796155487519,-0.8880821348855039,1,0.2546249253678617,0,-0.4867093514188816,0.3796721288811475,-0.9686946078410421,8,-0.6608531809232983,1,0.9383772945572281,-0.2734537413355615,-1.1451737698296882,-1.5471474261915186,-1.584178240646517,0.24198831185855807,-0.6777544549901038,1.707499689688721,0.33809616377248186,-0.49246134027899646,-0.3430340664612116,-0.37234031447388954,-0.5951514496435035,-0.6708064196317143,-0.5015396619883961,-0.4421885641408914,-1.216108852854004,-0.6451239966845644,-0.5810160220117815,0.9026709338484401,0.9436409819008672,2,0
-0.5351035113981373,2,1,-1.013529278392347,0.0876134841591082,1,1.1697805251007627,1,-0.19147025379064658,-1.0261667362455194,-0.9686946078410421,2,0.24620020465769926,2,-0.6664596485118677,-1.0742047368799348,1.3320676946694519,0.47087095579741883,1.1914379855160337,-0.9320143892374165,-0.9357627545719898,-0.6201892226844657,-2.4938204216722384,-0.6561696555684865,-0.6216307944711459,-0.37234031447388954,-0.5951514496435035,-0.6708064196317143,-0.8531841041936112,-0.4421885641408914,0.8222948115649081,-0.6451239966845644,-0.5810160220117815,-1.1078234188139944,-0.10962571771513507,2,1
0.23007368875289608,2,1,-1.013529278392347,1.0633091032037203,3,0.2546249253678617,0,1.4815512994360187,0.3796721288811475,-0.9686946078410421,2,0.24620020465769926,0,0.1551426607255379,1.7284237475253719,-1.2250847848135313,0.47087095579741883,0.26623257679518353,2.5899937140505074,-0.5487503051991608,-1.3960855268088614,0.33809616377248186,-0.6561696555684865,-0.6216307944711459,-0.37234031447388954,-0.5951514496435035,-1.4844082652246349,-0.3573401425229481,0.4421885641408914,0.8222948115649081,-0.6451239966845644,1.7211229331292395,0.9026709338484401,-0.10962571771513507,3,1
-0.5351035113981373,0,2,2.0627179119709464,1.0633091032037203,2,0.2546249253678617,1,1.6783773645215088,0.3796721288811475,-0.06744076383703446,7,1.1532535902386967,1,-0.31538839150279496,-1.0742047368799348,-0.10633057503972616,0.47087095579741883,-1.584178240646517,-0.9320143892374165,-0.9357627545719898,-0.6201892226844657,0.33809616377248186,-0.6561696555684865,-0.6216307944711459,-0.061174730462168335,-0.5951514496435035,1.7699991171470477,0.5220239446031871,0.4421885641408914,0.8222948115649081,1.5500896031448563,-0.5810160220117815,0.9026709338484401,-1.1628924173311372,2,0
0.4486957459389056,2,1,1.201368698669224,-0.8880821348855039,1,0.2546249253678617,1,-1.4708396768463317,0.3796721288811475,-0.06744076383703446,6,-1.5679065665042957,0,0.7819552332877734,-0.2734537413355615,-0.5857966649427855,0.47087095579741883,-1.584178240646517,1.4159910129545328,0.741291192710269,-0.6201892226844657,-1.0778621289498782,-0.9835862861474665,-1.1788242504910145,-0.6835058984856107,-1.1556079717293142,-0.6708064196317143,-1.1188147979457521,-1.3265656924226743,-1.216108852854004,-0.6451239966845644,-0.5810160220117815,-1.1078234188139944,1.9969076815168694,3,0
0.33938471734590087,2,1,1.8166181367418828,-0.8880821348855039,5,-1.5756862740979403,1,-0.19147025379064658,0.3796721288811475,-0.06744076383703446,6,1.1532535902386967,0,1.4242273087607367,-0.6738292391077482,-1.2250847848135313,0.47087095579741883,-1.584178240646517,1.4159910129545328,-0.29074200561727487,0.1557070814399298,0.33809616377248186,0.32608023616845355,1.04994957358846,0.5611564375612741,0.8059898555710231,1.7699991171470477,0.2801735224821902,-0.4421885641408914,-1.216108852854004,-0.6451239966845644,-0.5810160220117815,-1.1078234188139944,1.9969076815168694,2,0
0.8859398603109246,2,1,-1.013529278392347,0.0876134841591082,4,0.2546249253678617,1,0.20218187638033347,1.7855109940078144,2.6363207681749885,3,1.1532535902386967,1,0.232861798085833,-1.0742047368799348,-0.2661526050074126,-1.5471474261915186,0.26623257679518353,0.24198831185855807,1.773324391037813,-0.6201892226844657,0.33809616377248186,2.7817049655108033,-1.1788242504910145,-0.37234031447388954,0.8059898555710231,-0.6708064196317143,0.45169505616214406,1.3265656924226743,0.8222948115649081,1.5500896031448563,1.7211229331292395,0.9026709338484401,-0.10962571771513507,2,0
-0.6444145399911421,1,1,-0.7674295031632836,1.0633091032037203,3,-0.6605306743650393,1,0.349801425194451,0.3796721288811475,0.8338130801669732,5,0.24620020465769926,0,-0.11104187121008409,2.529174743069745,0.4530465298471764,-0.5381382351970498,-1.584178240646517,0.24198831185855807,-0.29074200561727487,0.1557070814399298,0.33809616377248186,-0.8198779708579764,-0.6216307944711459,-0.061174730462168335,-0.5951514496435035,0.1427954259612064,1.179270175429913,-1.3265656924226743,-1.216108852854004,-0.6451239966845644,-0.5810160220117815,-1.1078234188139944,0.9436409819008672,3,0
-0.4257924828051325,2,1,-0.5213297279342202,1.0633091032037203,1,0.2546249253678617,0,-0.14226373751927407,-1.0261667362455194,-0.9686946078410421,6,1.1532535902386967,1,0.06505592103666054,-0.6738292391077482,1.4918897246371383,-1.5471474261915186,0.26623257679518353,0.24198831185855807,-1.1937710541538757,-0.6201892226844657,-1.0778621289498782,-0.8198779708579764,-0.6216307944711459,-0.6835058984856107,-0.5951514496435035,0.1427954259612064,0.427914784531,1.3265656924226743,0.8222948115649081,1.5500896031448563,1.7211229331292395,0.9026709338484401,-1.1628924173311372,2,0
-0.3164814542121277,2,1,-0.8904793907778153,1.0633091032037203,1,1.1697805251007627,1,0.8910731041795485,-1.0261667362455194,-0.06744076383703446,4,-1.5679065665042957,1,1.317416197741163,1.3280482497531851,-0.5857966649427855,-0.5381382351970498,-0.6589728319256667,0.24198831185855807,0.22527459354649704,0.1557070814399298,0.33809616377248186,0.6534968667474336,1.3285463015983943,0.8723220215729953,1.3664463776568336,-1.4844082652246349,1.1909073296323878,0.4421885641408914,0.8222948115649081,-0.6451239966845644,1.7211229331292395,0.9026709338484401,-0.10962571771513507,2,0
0.01145163156688656,2,1,-1.013529278392347,-0.8880821348855039,3,0.2546249253678617,0,0.841866587908176,-1.0261667362455194,-0.9686946078410421,6,-1.5679065665042957,1,0.6161169293363299,-0.2734537413355615,-1.1451737698296882,0.47087095579741883,-1.584178240646517,0.24198831185855807,0.741291192710269,-0.6201892226844657,-1.0778621289498782,-0.6561696555684865,-0.9002275224810803,-0.6835058984856107,-0.5951514496435035,-1.4844082652246349,0.7583087712360439,1.3265656924226743,0.8222948115649081,1.5500896031448563,1.7211229331292395,0.9026709338484401,-0.10962571771513507,2,0
0.8859398603109246,1,1,-0.2752299527051567,1.0633091032037203,1,-1.5756862740979403,1,0.5466274902799411,1.7855109940078144,-0.06744076383703446,4,0.24620020465769926,1,-1.2922884345252386,0.5272972542088118,0.7726905897825493,0.47087095579741883,1.1914379855160337,0.24198831185855807,-0.29074200561727487,-1.3960855268088614,0.33809616377248186,-0.6561696555684865,-0.6216307944711459,-0.6835058984856107,-0.5951514496435035,0.1427954259612064,0.15722445851691352,-1.3265656924226743,-1.216108852854004,-0.6451239966845644,-0.5810160220117815,-1.1078234188139944,1.9969076815168694,4,0
0.01145163156688656,1,1,0.09391971013843849,0.0876134841591082,3,-1.5756862740979403,1,-0.2406767700620191,0.3796721288811475,0.8338130801669732,4,0.24620020465769926,0,1.160853595536156,1.3280482497531851,-0.026419560055882932,-1.5471474261915186,-0.6589728319256667,1.4159910129545328,0.741291192710269,1.707499689688721,0.33809616377248186,-0.9835862861474665,-1.1788242504910145,-0.6835058984856107,-1.1556079717293142,-0.6708064196317143,1.044177994035967,-1.3265656924226743,-1.216108852854004,-0.6451239966845644,-0.5810160220117815,-1.1078234188139944,-0.10962571771513507,4,1
0.23007368875289608,1,1,-0.8904793907778153,1.0633091032037203,5,0.2546249253678617,0,-0.09305722124790157,0.3796721288811475,0.8338130801669732,0,0.24620020465769926,2,-1.1093041364364427,-1.0742047368799348,-0.6657076799266287,1.4798801467918874,1.1914379855160337,-0.9320143892374165,1.1283036420830979,-1.3960855268088614,0.33809616377248186,1.9631633890633533,0.4927561175685914,2.7393155256433226,1.0862181166139284,0.1427954259612064,1.1428408231439051,1.3265656924226743,0.8222948115649081,1.5500896031448563,1.7211229331292395,0.9026709338484401,-0.10962571771513507,2,0
-0.8630365971771515,2,1,0.7091691482110972,0.0876134841591082,1,0.2546249253678617,1,-0.2898832863333916,0.3796721288811475,-0.9686946078410421,6,1.1532535902386967,2,1.1749076890913632,-0.6738292391077482,-0.18624159002356938,1.4798801467918874,-1.584178240646517,-0.9320143892374165,-0.6777544549901038,-1.3960855268088614,0.33809616377248186,-0.16504470970001647,0.21415938955865704,-0.37234031447388954,0.24553333348521242,1.7699991171470477,-0.04516083196090816,-0.4421885641408914,-1.216108852854004,-0.6451239966845644,-0.5810160220117815,-1.1078234188139944,0.9436409819008672,3,0
0.5580067745319104,2,1,0.9552689234401607,-0.8880821348855039,1,1.1697805251007627,0,0.7926600716368035,1.7855109940078144,-0.06744076383703446,6,-1.5679065665042957,2,1.2231132299857235,0.12692175643662515,-0.8255297098943152,-0.5381382351970498,0.26623257679518353,-0.9320143892374165,-0.1617378558263319,-1.3960855268088614,0.33809616377248186,-0.6561696555684865,-0.6216307944711459,-0.6835058984856107,-0.5951514496435035,0.1427954259612064,-0.47269975809530645,-0.4421885641408914,0.8222948115649081,-0.6451239966845644,-0.5810160220117815,0.9026709338484401,-0.10962571771513507,2,0
-0.8630365971771515,2,2,1.3244185862837559,-0.8880821348855039,2,1.1697805251007627,1,-1.0279810304039791,0.3796721288811475,-0.06744076383703446,7,1.1532535902386967,0,-0.5032916223359135,-0.2734537413355615,1.4119787096532952,0.47087095579741883,1.1914379855160337,0.24198831185855807,-0.1617378558263319,-0.6201892226844657,0.33809616377248186,-0.6561696555684865,-0.6216307944711459,-0.6835058984856107,-0.5951514496435035,1.7699991171470477,-1.1117313127790285,0.4421885641408914,0.8222948115649081,-0.6451239966845644,-0.5810160220117815,0.9026709338484401,-1.1628924173311372,2,0
-1.3002807115491706,2,1,-1.013529278392347,0.0876134841591082,1,-1.5756862740979403,0,-0.19147025379064658,0.3796721288811475,-0.06744076383703446,4,0.24620020465769926,1,-0.9568172213624458,-1.0742047368799348,2.2110888594917273,-1.5471474261915186,1.1914379855160337,1.4159910129545328,-0.8067586047810468,0.1557070814399298,0.33809616377248186,-0.49246134027899646,-0.6216307944711459,-0.37234031447388954,-0.5951514496435035,-1.4844082652246349,1.9928590431507562,-0.4421885641408914,0.8222948115649081,-0.6451239966845644,-0.5810160220117815,-1.1078234188139944,-0.10962571771513507,2,0
0.5580067745319104,2,1,-0.8904793907778153,0.0876134841591082,3,1.1697805251007627,0,-0.4867093514188816,-1.0261667362455194,-0.9686946078410421,2,-1.5679065665042957,0,-0.8862656717153062,-1.0742047368799348,-1.2250847848135313,-1.5471474261915186,0.26623257679518353,0.24198831185855807,-0.1617378558263319,0.9316033855643254,0.33809616377248186,0.32608023616845355,0.4927561175685914,1.4946531895964377,1.0862181166139284,-1.4844082652246349,2.080896644508609,-0.4421885641408914,-1.216108852854004,-0.6451239966845644,-0.5810160220117815,-1.1078234188139944,-1.1628924173311372,2,0
0.33938471734590087,2,1,-0.8904793907778153,-0.8880821348855039,3,-1.5756862740979403,1,-0.8311549653184892,0.3796721288811475,2.6363207681749885,5,0.24620020465769926,0,-1.1754989170814678,-1.0742047368799348,0.21331348489564675,1.4798801467918874,1.1914379855160337,0.24198831185855807,1.3863119416649838,1.707499689688721,0.33809616377248186,2.2905800196423334,0.7713528455785257,0.24999085354955286,1.3664463776568336,-0.6708064196317143,-0.5288616762029019,-1.3265656924226743,-1.216108852854004,-0.6451239966845644,-0.5810160220117815,-1.1078234188139944,-1.1628924173311372,2,0
1.5418060318689533,2,1,-1.013529278392347,0.0876134841591082,1,0.2546249253678617,1,1.4815512994360187,0.3796721288811475,-0.9686946078410421,6,1.1532535902386967,1,1.2533295311294186,-0.6738292391077482,0.4530465298471764,-1.5471474261915186,-0.6589728319256667,-0.9320143892374165,-1.3227752039448188,-2.171981830933257,-1.0778621289498782,-0.9835862861474665,-1.1788242504910145,-0.6835058984856107,-1.1556079717293142,0.1427954259612064,-1.6257899505926954,1.3265656924226743,0.8222948115649081,1.5500896031448563,1.7211229331292395,0.9026709338484401,-1.1628924173311372,2,0
-0.6444145399911421,1,1,2.4318675748145413,-0.8880821348855039,3,0.2546249253678617,1,0.251388392651706,-1.0261667362455194,-0.9686946078410421,2,-0.6608531809232983,2,-0.37399396162800846,-1.0742047368799348,-1.0652627548458449,-1.5471474261915186,-0.6589728319256667,-0.9320143892374165,-0.6777544549901038,-0.6201892226844657,1.754054456494842,-0.3287530249895065,-0.06443733845127728,-0.37234031447388954,-0.03469492755769292,0.956397271554127,-1.1334877315053942,-0.4421885641408914,-1.216108852854004,-0.6451239966845644,-0.5810160220117815,0.9026709338484401,0.9436409819008672,2,1
-0.5351035113981373,1,1,-0.2752299527051567,0.0876134841591082,1,-0.6605306743650393,1,1.6783773645215088,1.7855109940078144,-0.9686946078410421,2,-0.6608531809232983,1,1.651200919677331,-0.6738292391077482,0.13340246991180352,1.4798801467918874,0.26623257679518353,-0.9320143892374165,-0.8067586047810468,0.1557070814399298,-2.4938204216722384,-0.3287530249895065,-0.9002275224810803,-0.6835058984856107,-0.31492318860059826,-0.6708064196317143,-0.7489556795975331,-1.3265656924226743,-1.216108852854004,-0.6451239966845644,-0.5810160220117815,-1.1078234188139944,1.9969076815168694,4,0
0.12076266015989133,0,2,-0.8904793907778153,-0.8880821348855039,1,1.1697805251007627,1,-1.3232201280322142,-1.0261667362455194,-0.06744076383703446,7,1.1532535902386967,1,0.7545497508551195,0.12692175643662515,0.6128685598148629,0.47087095579741883,1.1914379855160337,0.24198831185855807,0.22527459354649704,-2.171981830933257,0.33809616377248186,0.16237192087896354,0.7713528455785257,1.4946531895964377,0.24553333348521242,0.1427954259612064,-2.8299824289357343,1.3265656924226743,0.8222948115649081,1.5500896031448563,1.7211229331292395,0.9026709338484401,-1.1628924173311372,1,0
-0.5351035113981373,2,1,-0.8904793907778153,-1.863777753930116,5,1.1697805251007627,1,0.8910731041795485,-1.0261667362455194,-0.06744076383703446,2,-1.5679065665042957,2,0.7622795023104835,0.5272972542088118,0.0534914549279603,-0.5381382351970498,1.1914379855160337,-0.9320143892374165,-0.29074200561727487,1.707499689688721,0.33809616377248186,-0.16504470970001647,-0.6216307944711459,-0.6835058984856107,-0.03469492755769292,-1.4844082652246349,-0.2743621734270412,-0.4421885641408914,0.8222948115649081,-0.6451239966845644,-0.5810160220117815,-1.1078234188139944,-0.10962571771513507,3,0
0.9952508889039294,2,2,-0.8904793907778153,0.0876134841591082,5,0.2546249253678617,0,0.448214457737196,-2.432005601372186,1.7350669241709809,3,-0.6608531809232983,1,0.09330464908262676,0.12692175643662515,0.37313551486333324,-0.5381382351970498,-0.6589728319256667,0.24198831185855807,2.160336840410642,-0.6201892226844657,-1.0778621289498782,-0.001336394410526465,0.7713528455785257,1.4946531895964377,0.8059898555710231,-1.4844082652246349,-0.8385111706339692,-1.3265656924226743,-1.216108852854004,-0.6451239966845644,-0.5810160220117815,-1.1078234188139944,0.9436409819008672,3,0
-0.9723476257701563,2,1,-0.8904793907778153,1.0633091032037203,1,-1.5756862740979403,1,0.645040522822686,0.3796721288811475,-0.9686946078410421,2,0.24620020465769926,2,0.08740192978943978,-0.2734537413355615,-0.745618694910472,-1.5471474261915186,0.26623257679518353,-0.9320143892374165,-0.8067586047810468,1.707499689688721,-2.4938204216722384,-1.1472946014369565,-1.1788242504910145,-0.6835058984856107,-1.1556079717293142,-1.4844082652246349,1.4423710530510812,-0.4421885641408914,0.8222948115649081,-0.6451239966845644,-0.5810160220117815,-1.1078234188139944,-1.1628924173311372,2,1
-0.8630365971771515,2,2,-0.8904793907778153,0.0876134841591082,3,-1.5756862740979403,1,0.5958340065513135,-1.0261667362455194,-0.06744076383703446,7,-0.6608531809232983,1,-1.493402513300252,-0.2734537413355615,-1.1451737698296882,1.4798801467918874,-0.6589728319256667,1.4159910129545328,-0.1617378558263319,-0.6201892226844657,0.33809616377248186,-1.1472946014369565,-1.1788242504910145,-0.6835058984856107,-1.1556079717293142,0.1427954259612064,-0.6341020272513692,1.3265656924226743,0.8222948115649081,1.5500896031448563,1.7211229331292395,0.9026709338484401,-0.10962571771513507,1,0
-0.6444145399911421,2,1,1.6935682491273512,0.0876134841591082,3,-0.6605306743650393,1,-0.09305722124790157,-1.0261667362455194,-0.06744076383703446,0,1.1532535902386967,1,0.013336856753498508,-1.0742047368799348,-0.745618694910472,1.4798801467918874,-0.6589728319256667,0.24198831185855807,-0.1617378558263319,-0.6201892226844657,0.33809616377248186,0.32608023616845355,-1.1788242504910145,1.4946531895964377,1.0862181166139284,1.7699991171470477,-1.327777610364103,1.3265656924226743,0.8222948115649081,1.5500896031448563,1.7211229331292395,0.9026709338484401,-1.1628924173311372,1,0
-1.3002807115491706,0,1,-0.5213297279342202,-0.8880821348855039,1,-0.6605306743650393,1,0.9402796204509211,1.7855109940078144,-0.06744076383703446,0,-1.5679065665042957,0,0.5721276165085317,-0.6738292391077482,0.0534914549279603,-1.5471474261915186,1.1914379855160337,1.4159910129545328,-0.6777544549901038,-0.6201892226844657,0.33809616377248186,-0.16504470970001647,-0.3430340664612116,-0.37234031447388954,0.24553333348521242,-2.2980101108175557,1.048731663071718,-0.4421885641408914,0.8222948115649081,-0.6451239966845644,-0.5810160220117815,-1.1078234188139944,0.9436409819008672,2,0
0.8859398603109246,2,1,1.3244185862837559,-0.8880821348855039,3,0.2546249253678617,1,0.645040522822686,0.3796721288811475,1.7350669241709809,0,1.1532535902386967,1,-0.957379385104654,-1.0742047368799348,-1.0652627548458449,0.47087095579741883,-0.6589728319256667,-0.9320143892374165,1.257307791874041,-0.6201892226844657,0.33809616377248186,2.1268717043528436,0.7713528455785257,0.5611564375612741,1.646674638699739,1.7699991171470477,1.1489123818582399,1.3265656924226743,0.8222948115649081,1.5500896031448563,-0.5810160220117815,0.9026709338484401,0.9436409819008672,3,0
-0.0978593970261182,2,1,-0.39827984031968844,0.0876134841591082,1,1.1697805251007627,1,-0.9295679978612341,0.3796721288811475,-0.9686946078410421,2,1.1532535902386967,1,0.8345175431842479,-1.0742047368799348,1.3320676946694519,-1.5471474261915186,0.26623257679518353,0.24198831185855807,0.612287042919326,0.9316033855643254,0.33809616377248186,1.3083301279053936,2.442933213638131,2.4281499416316015,1.9269028997426445,-0.6708064196317143,0.9156633345825502,1.3265656924226743,0.8222948115649081,-0.6451239966845644,-0.5810160220117815,0.9026709338484401,-0.10962571771513507,2,0
1.9790501462409722,2,1,-1.013529278392347,0.0876134841591082,3,1.1697805251007627,1,0.743453555365431,0.3796721288811475,2.6363207681749885,3,-1.5679065665042957,2,0.649987294804379,-1.0742047368799348,-0.4259746349750991,0.47087095579741883,0.26623257679518353,-0.9320143892374165,3.321374188529129,-0.6201892226844657,0.33809616377248186,4.746204748984684,1.6071430296083287,0.5611564375612741,2.487359421828455,-1.4844082652246349,0.1531767527073571,-0.4421885641408914,0.8222948115649081,-0.6451239966845644,-0.5810160220117815,-1.1078234188139944,-0.10962571771513507,3,0
1.104561917496934,0,1,2.4318675748145413,1.0633091032037203,1,-1.5756862740979403,1,1.0878991692650386,0.3796721288811475,0.8338130801669732,3,-0.6608531809232983,1,-0.5685026164320743,-0.6738292391077482,0.4530465298471764,-0.5381382351970498,1.1914379855160337,0.24198831185855807,-0.1617378558263319,-0.6201892226844657,-1.0778621289498782,0.48978855145794353,0.7713528455785257,2.11698435761988,1.3664463776568336,0.956397271554127,0.49925559942443215,-1.3265656924226743,-1.216108852854004,-0.6451239966845644,-0.5810160220117815,-1.1078234188139944,0.9436409819008672,3,0
-0.9723476257701563,2,1,-0.02913017747609325,0.0876134841591082,3,1.1697805251007627,1,1.3831382668932737,0.3796721288811475,-0.9686946078410421,6,1.1532535902386967,1,-1.6443434780831758,-0.6738292391077482,-0.6657076799266287,1.4798801467918874,1.1914379855160337,0.24198831185855807,-0.8067586047810468,0.1557070814399298,-1.0778621289498782,-0.3287530249895065,-0.6216307944711459,-0.6835058984856107,-0.03469492755769292,0.956397271554127,0.6444670453422692,0.4421885641408914,0.8222948115649081,-0.6451239966845644,-0.5810160220117815,0.9026709338484401,0.9436409819008672,3,0
0.01145163156688656,2,2,-0.39827984031968844,1.0633091032037203,3,0.2546249253678617,1,1.5799643319787637,0.3796721288811475,-0.06744076383703446,7,1.1532535902386967,1,1.196269911295278,0.5272972542088118,1.4119787096532952,0.47087095579741883,-0.6589728319256667,0.24198831185855807,-0.5487503051991608,1.707499689688721,1.754054456494842,-0.3287530249895065,-0.06443733845127728,-0.6835058984856107,-0.875379710686409,0.956397271554127,0.37377671932818274,0.4421885641408914,0.8222948115649081,-0.6451239966845644,-0.5810160220117815,0.9026709338484401,0.9436409819008672,3,0
-1.7375248259211897,2,1,-0.7674295031632836,-0.8880821348855039,3,1.1697805251007627,1,1.6783773645215088,-1.0261667362455194,-0.9686946078410421,6,0.24620020465769926,2,-0.5315403503818797,-0.6738292391077482,1.0124236347340791,0.47087095579741883,-1.584178240646517,-0.9320143892374165,-1.0647669043629329,0.9316033855643254,1.754054456494842,-0.6561696555684865,-0.6216307944711459,-0.37234031447388954,-1.1556079717293142,0.1427954259612064,-1.2361982664228888,0.4421885641408914,0.8222948115649081,1.5500896031448563,-0.5810160220117815,0.9026709338484401,-0.10962571771513507,2,1
0.01145163156688656,0,1,-1.013529278392347,1.0633091032037203,3,-1.5756862740979403,0,0.6942470390940585,0.3796721288811475,0.8338130801669732,5,1.1532535902386967,0,-0.3704804382392067,-0.2734537413355615,-0.5058856499589423,0.47087095579741883,-1.584178240646517,1.4159910129545328,0.483282893128383,-0.6201892226844657,0.33809616377248186,-0.3287530249895065,-0.6216307944711459,-0.6835058984856107,-0.5951514496435035,0.1427954259612064,-0.8278859428838835,-1.3265656924226743,-1.216108852854004,-0.6451239966845644,-0.5810160220117815,-1.1078234188139944,-1.1628924173311372,3,0
-0.20717042561912297,2,1,1.5705183615128193,0.0876134841591082,1,-0.6605306743650393,0,0.251388392651706,1.7855109940078144,0.8338130801669732,3,-0.6608531809232983,0,0.6727549263638144,1.7284237475253719,-0.9054407248781584,0.47087095579741883,-0.6589728319256667,0.24198831185855807,-0.1617378558263319,2.4833959938131165,-1.0778621289498782,-0.001336394410526465,0.7713528455785257,1.1834876055847166,-0.5951514496435035,0.956397271554127,-0.6315722111203965,-1.3265656924226743,-1.216108852854004,-0.6451239966845644,-0.5810160220117815,-1.1078234188139944,-1.1628924173311372,3,0
0.12076266015989133,2,2,-0.2752299527051567,-0.8880821348855039,3,-1.5756862740979403,0,-1.0771875466753518,1.7855109940078144,-0.06744076383703446,7,-1.5679065665042957,0,0.6855441514990529,-0.6738292391077482,-0.6657076799266287,1.4798801467918874,0.26623257679518353,0.24198831185855807,-0.41974615540821786,0.1557070814399298,0.33809616377248186,0.16237192087896354,-1.1788242504910145,1.4946531895964377,0.8059898555710231,0.1427954259612064,-1.6779041628907345,-0.4421885641408914,-1.216108852854004,-0.6451239966845644,-0.5810160220117815,-1.1078234188139944,0.9436409819008672,3,0
-1.1909696829561658,1,1,-1.013529278392347,0.0876134841591082,1,0.2546249253678617,0,0.8910731041795485,0.3796721288811475,-0.06744076383703446,4,-0.6608531809232983,0,1.7502822792415407,-0.6738292391077482,-0.18624159002356938,1.4798801467918874,-1.584178240646517,0.24198831185855807,-0.6777544549901038,2.4833959938131165,-2.4938204216722384,-0.16504470970001647,0.21415938955865704,-0.37234031447388954,-0.03469492755769292,-0.6708064196317143,1.1443587128224888,-1.3265656924226743,-1.216108852854004,-0.6451239966845644,-0.5810160220117815,-1.1078234188139944,0.9436409819008672,3,0
1.4324950032759485,2,1,-0.6443796155487519,-1.863777753930116,1,-1.5756862740979403,1,1.4815512994360187,0.3796721288811475,2.6363207681749885,5,-0.6608531809232983,0,0.21107795307526203,0.12692175643662515,-1.1451737698296882,0.47087095579741883,-1.584178240646517,1.4159910129545328,2.160336840410642,0.9316033855643254,-1.0778621289498782,0.48978855145794353,-0.06443733845127728,-0.37234031447388954,0.5257615945281178,-0.6708064196317143,-0.0046837738653438205,-1.3265656924226743,-1.216108852854004,-0.6451239966845644,-0.5810160220117815,-1.1078234188139944,0.9436409819008672,3,0
1.7604280890549628,2,1,-0.7674295031632836,1.0633091032037203,3,0.2546249253678617,1,-1.0279810304039791,0.3796721288811475,1.7350669241709809,5,0.24620020465769926,1,0.942031358881582,0.12692175643662515,-0.026419560055882932,0.47087095579741883,1.1914379855160337,2.5899937140505074,1.257307791874041,1.707499689688721,-1.0778621289498782,-0.3287530249895065,-0.3430340664612116,-0.37234031447388954,-0.31492318860059826,0.1427954259612064,0.9490569075113908,-1.3265656924226743,-1.216108852854004,-0.6451239966845644,-0.5810160220117815,-1.1078234188139944,-0.10962571771513507,2,0
0.5580067745319104,2,2,-1.013529278392347,-1.863777753930116,1,-0.6605306743650393,1,1.6291708482501361,0.3796721288811475,-0.06744076383703446,7,0.24620020465769926,1,1.4361732882826628,-0.6738292391077482,-1.2250847848135313,1.4798801467918874,0.26623257679518353,-0.9320143892374165,1.1283036420830979,0.1557070814399298,0.33809616377248186,2.1268717043528436,3.2787233976679344,2.7393155256433226,0.5257615945281178,0.1427954259612064,-0.19037227787874522,1.3265656924226743,0.8222948115649081,1.5500896031448563,1.7211229331292395,0.9026709338484401,-1.1628924173311372,2,0
-0.8630365971771515,1,2,-0.8904793907778153,-0.8880821348855039,1,-0.6605306743650393,1,-1.0771875466753518,0.3796721288811475,-0.06744076383703446,7,1.1532535902386967,2,0.8357824116042165,-0.6738292391077482,0.0534914549279603,-0.5381382351970498,-1.584178240646517,-0.9320143892374165,-0.1617378558263319,0.1557070814399298,-1.0778621289498782,0.48978855145794353,0.7713528455785257,-0.6835058984856107,1.3664463776568336,0.1427954259612064,-1.103129937933721,-0.4421885641408914,-1.216108852854004,-0.6451239966845644,-0.5810160220117815,-1.1078234188139944,0.9436409819008672,3,0
1.9790501462409722,2,1,1.3244185862837559,-0.8880821348855039,5,-0.6605306743650393,1,-1.4216331605749593,0.3796721288811475,-0.06744076383703446,2,1.1532535902386967,1,0.23314287995693714,0.12692175643662515,-0.18624159002356938,0.47087095579741883,1.1914379855160337,0.24198831185855807,0.09627044375555406,0.9316033855643254,0.33809616377248186,0.48978855145794353,0.7713528455785257,-0.6835058984856107,1.0862181166139284,0.956397271554127,-0.38263830383267583,0.4421885641408914,-1.216108852854004,-0.6451239966845644,-0.5810160220117815,0.9026709338484401,0.9436409819008672,3,0
-1.1909696829561658,1,1,0.21696959775297023,-0.8880821348855039,3,-1.5756862740979403,1,-0.2898832863333916,0.3796721288811475,-0.06744076383703446,0,-1.5679065665042957,1,1.1817941949334145,-0.6738292391077482,-0.18624159002356938,-0.5381382351970498,0.26623257679518353,0.24198831185855807,-0.8067586047810468,0.1557070814399298,0.33809616377248186,-0.3287530249895065,-0.3430340664612116,0.24999085354955286,-0.31492318860059826,-1.4844082652246349,0.9622119513924492,-1.3265656924226743,-1.216108852854004,-0.6451239966845644,-0.5810160220117815,-1.1078234188139944,1.9969076815168694,4,0
0.01145163156688656,2,1,-1.013529278392347,0.0876134841591082,1,1.1697805251007627,0,-1.1756005792180968,0.3796721288811475,-0.9686946078410421,6,1.1532535902386967,2,0.22035365482169872,-0.6738292391077482,-0.9853517398620016,-0.5381382351970498,-0.6589728319256667,-0.9320143892374165,0.741291192710269,0.1557070814399298,0.33809616377248186,1.6357467584843735,2.1643364856281972,0.8723220215729953,0.8059898555710231,0.956397271554127,1.8683920895068957,1.3265656924226743,0.8222948115649081,1.5500896031448563,-0.5810160220117815,0.9026709338484401,-0.10962571771513507,2,0
0.7766288317179199,1,1,1.8166181367418828,0.0876134841591082,1,1.1697805251007627,1,-1.1263940629467242,0.3796721288811475,-0.9686946078410421,2,0.24620020465769926,0,0.7879984935165124,0.12692175643662515,-0.34606361999125584,1.4798801467918874,1.1914379855160337,0.24198831185855807,0.999299492292155,-2.171981830933257,-2.4938204216722384,-0.9835862861474665,-1.1788242504910145,-0.6835058984856107,-1.1556079717293142,0.956397271554127,-1.8352587262372408,-1.3265656924226743,-1.216108852854004,-0.6451239966845644,-0.5810160220117815,-1.1078234188139944,1.9969076815168694,4,1
0.12076266015989133,2,1,1.6935682491273512,1.0633091032037203,1,1.1697805251007627,1,0.7926600716368035,0.3796721288811475,-0.06744076383703446,0,1.1532535902386967,0,0.6445061983178482,2.529174743069745,-1.2250847848135313,-0.5381382351970498,-0.6589728319256667,0.24198831185855807,-0.1617378558263319,-0.6201892226844657,0.33809616377248186,-0.8198779708579764,-0.6216307944711459,-0.37234031447388954,-0.5951514496435035,1.7699991171470477,0.3990748806379104,1.3265656924226743,0.8222948115649081,1.5500896031448563,-0.5810160220117815,0.9026709338484401,-1.1628924173311372,1,0
-1.1909696829561658,2,1,0.832219035825629,1.0633091032037203,3,-1.5756862740979403,1,-1.0279810304039791,0.3796721288811475,-0.9686946078410421,2,-0.6608531809232983,0,-0.018706476552373622,-0.2734537413355615,2.131177844507884,-0.5381382351970498,1.1914379855160337,0.24198831185855807,-0.8067586047810468,-0.6201892226844657,0.33809616377248186,-0.6561696555684865,-0.6216307944711459,-0.6835058984856107,-0.5951514496435035,0.1427954259612064,1.0300110237025195,-1.3265656924226743,-1.216108852854004,-0.6451239966845644,-0.5810160220117815,-1.1078234188139944,0.9436409819008672,5,1
-0.9723476257701563,2,1,-0.15218006509062498,-0.8880821348855039,1,1.1697805251007627,0,0.005355811294843447,0.3796721288811475,-0.9686946078410421,6,1.1532535902386967,2,-1.3808292239230433,-0.6738292391077482,-0.5857966649427855,0.47087095579741883,1.1914379855160337,-0.9320143892374165,-0.8067586047810468,0.1557070814399298,0.33809616377248186,-0.3287530249895065,-0.3430340664612116,-0.6835058984856107,-0.5951514496435035,0.1427954259612064,-1.0950345263146082,0.4421885641408914,0.8222948115649081,1.5500896031448563,-0.5810160220117815,0.9026709338484401,-0.10962571771513507,2,0
1.3231839746829437,1,1,0.09391971013843849,1.0633091032037203,1,0.2546249253678617,0,-1.5200461931177043,0.3796721288811475,2.6363207681749885,5,-1.5679065665042957,2,1.5854277618389618,2.529174743069745,-1.0652627548458449,-1.5471474261915186,1.1914379855160337,-0.9320143892374165,1.3863119416649838,0.9316033855643254,0.33809616377248186,-0.6561696555684865,-0.6216307944711459,-0.37234031447388954,-0.5951514496435035,-1.4844082652246349,1.3411784078121702,-1.3265656924226743,-1.216108852854004,-0.6451239966845644,-0.5810160220117815,-1.1078234188139944,0.9436409819008672,3,0
-0.0978593970261182,2,1,-0.7674295031632836,0.0876134841591082,5,0.2546249253678617,1,-1.7660787744745667,0.3796721288811475,-0.06744076383703446,6,-0.6608531809232983,2,1.6825415483054427,0.5272972542088118,-0.5857966649427855,-0.5381382351970498,1.1914379855160337,-0.9320143892374165,-0.1617378558263319,-0.6201892226844657,0.33809616377248186,0.16237192087896354,-1.1788242504910145,1.4946531895964377,0.8059898555710231,-0.6708064196317143,-2.3032747104672033,0.4421885641408914,0.8222948115649081,-0.6451239966845644,-0.5810160220117815,-1.1078234188139944,-0.10962571771513507,2,0
-0.6444145399911421,1,2,-0.5213297279342202,0.0876134841591082,2,1.1697805251007627,0,0.8910731041795485,0.3796721288811475,-0.9686946078410421,8,-0.6608531809232983,0,-1.4622024256076922,-0.6738292391077482,0.5329575448310196,-1.5471474261915186,0.26623257679518353,0.24198831185855807,-1.1937710541538757,1.707499689688721,-1.0778621289498782,-0.8198779708579764,-0.6216307944711459,-0.061174730462168335,-0.5951514496435035,-0.6708064196317143,1.694340739695969,-1.3265656924226743,-1.216108852854004,-0.6451239966845644,-0.5810160220117815,-1.1078234188139944,0.9436409819008672,3,0
-1.1909696829561658,2,2,-0.6443796155487519,1.0633091032037203,2,1.1697805251007627,1,-0.8803614815898617,-1.0261667362455194,-0.06744076383703446,7,1.1532535902386967,2,-0.824006037265739,-0.6738292391077482,0.29322449987949,-0.5381382351970498,-0.6589728319256667,-0.9320143892374165,-0.41974615540821786,-2.171981830933257,0.33809616377248186,0.16237192087896354,0.7713528455785257,1.4946531895964377,-0.03469492755769292,0.1427954259612064,-2.1175862064538022,0.4421885641408914,0.8222948115649081,-0.6451239966845644,-0.5810160220117815,-1.1078234188139944,-1.1628924173311372,2,1
0.01145163156688656,1,1,-0.02913017747609325,0.0876134841591082,3,-0.6605306743650393,1,-0.6343289002329991,0.3796721288811475,-0.9686946078410421,6,1.1532535902386967,1,-0.4078643270960575,-0.6738292391077482,-0.34606361999125584,-0.5381382351970498,0.26623257679518353,2.5899937140505074,-0.9357627545719898,0.1557070814399298,-1.0778621289498782,-0.49246134027899646,-0.6216307944711459,-0.37234031447388954,-0.5951514496435035,0.1427954259612064,0.27764370635121743,-0.4421885641408914,-1.216108852854004,-0.6451239966845644,-0.5810160220117815,-1.1078234188139944,0.9436409819008672,3,0
0.5580067745319104,1,2,2.0627179119709464,0.0876134841591082,2,0.2546249253678617,0,0.5466274902799411,0.3796721288811475,1.7350669241709809,7,-0.6608531809232983,1,0.07742352336524276,0.9276727519809984,-0.745618694910472,0.47087095579741883,1.1914379855160337,0.24198831185855807,1.515316091455927,-0.6201892226844657,1.754054456494842,2.1268717043528436,-0.06443733845127728,0.5611564375612741,1.0862181166139284,0.956397271554127,-0.6017203807749177,1.3265656924226743,0.8222948115649081,-0.6451239966845644,-0.5810160220117815,0.9026709338484401,0.9436409819008672,3,0
-2.065457911700204,2,1,-0.7674295031632836,0.0876134841591082,1,0.2546249253678617,1,-0.5851223839616266,0.3796721288811475,-0.9686946078410421,2,0.24620020465769926,2,1.5346924841046643,-0.6738292391077482,-0.18624159002356938,-0.5381382351970498,0.26623257679518353,-0.9320143892374165,-1.4517793537357617,-0.6201892226844657,0.33809616377248186,-1.1472946014369565,-1.1788242504910145,-0.6835058984856107,-1.1556079717293142,-0.6708064196317143,2.5428410700242368,0.4421885641408914,0.8222948115649081,1.5500896031448563,-0.5810160220117815,0.9026709338484401,-1.1628924173311372,5,1
-0.20717042561912297,2,2,0.832219035825629,0.0876134841591082,2,0.2546249253678617,1,1.4815512994360187,0.3796721288811475,0.8338130801669732,7,-0.6608531809232983,1,-1.2948181713651759,-1.0742047368799348,-1.2250847848135313,0.47087095579741883,0.26623257679518353,1.4159910129545328,0.09627044375555406,0.1557070814399298,-1.0778621289498782,0.6534968667474336,1.3285463015983943,1.1834876055847166,1.3664463776568336,0.1427954259612064,0.936407826856527,0.4421885641408914,-1.216108852854004,-0.6451239966845644,-0.5810160220117815,0.9026709338484401,0.9436409819008672,4,0
-0.0978593970261182,1,1,1.0783188110546924,1.0633091032037203,1,0.2546249253678617,1,0.743453555365431,1.7855109940078144,-0.9686946078410421,2,1.1532535902386967,1,-1.010644399678889,0.5272972542088118,-1.2250847848135313,-0.5381382351970498,1.1914379855160337,1.4159910129545328,-0.9357627545719898,-0.6201892226844657,0.33809616377248186,-0.9835862861474665,-1.1788242504910145,-0.6835058984856107,-1.1556079717293142,1.7699991171470477,-0.22275392435519667,-0.4421885641408914,-1.216108852854004,-0.6451239966845644,-0.5810160220117815,-1.1078234188139944,-1.1628924173311372,3,1
1.5418060318689533,2,1,-0.8904793907778153,0.0876134841591082,3,1.1697805251007627,1,0.8910731041795485,-2.432005601372186,-0.06744076383703446,4,-0.6608531809232983,0,0.28219166646460986,0.9276727519809984,-1.0652627548458449,0.47087095579741883,1.1914379855160337,0.24198831185855807,0.22527459354649704,0.1557070814399298,0.33809616377248186,-0.49246134027899646,-0.9002275224810803,-0.37234031447388954,-0.5951514496435035,-1.4844082652246349,1.4226384872294935,-1.3265656924226743,0.8222948115649081,-0.6451239966845644,-0.5810160220117815,-1.1078234188139944,-1.1628924173311372,2,0
0.4486957459389056,2,2,-0.8904793907778153,1.0633091032037203,1,1.1697805251007627,1,1.0878991692650386,0.3796721288811475,1.7350669241709809,3,-0.6608531809232983,2,0.22246176885497976,-0.6738292391077482,-1.1451737698296882,1.4798801467918874,-0.6589728319256667,-0.9320143892374165,1.3863119416649838,-0.6201892226844657,0.33809616377248186,2.454288334931823,1.6071430296083287,-0.6835058984856107,-0.03469492755769292,-0.6708064196317143,-0.267784651486512,0.4421885641408914,0.8222948115649081,-0.6451239966845644,-0.5810160220117815,-1.1078234188139944,-0.10962571771513507,3,0
-2.065457911700204,2,2,0.09391971013843849,0.0876134841591082,3,1.1697805251007627,0,0.15297536010896096,-1.0261667362455194,-0.9686946078410421,8,0.24620020465769926,2,-0.6449568853724008,-0.6738292391077482,-0.026419560055882932,-0.5381382351970498,-1.584178240646517,-0.9320143892374165,-1.4517793537357617,-0.6201892226844657,0.33809616377248186,-1.1472946014369565,-1.1788242504910145,-0.6835058984856107,-1.1556079717293142,0.1427954259612064,-0.4701699419643337,-0.4421885641408914,0.8222948115649081,-0.6451239966845644,-0.5810160220117815,0.9026709338484401,-0.10962571771513507,2,0
-0.9723476257701563,2,1,0.832219035825629,-0.8880821348855039,3,-0.6605306743650393,1,0.10376884383758846,1.7855109940078144,-0.06744076383703446,0,-1.5679065665042957,2,-1.3336074695775475,-1.0742047368799348,-1.2250847848135313,1.4798801467918874,0.26623257679518353,-0.9320143892374165,-0.29074200561727487,-0.6201892226844657,0.33809616377248186,0.16237192087896354,-0.3430340664612116,-0.6835058984856107,0.8059898555710231,-0.6708064196317143,-1.1830721276724605,-0.4421885641408914,0.8222948115649081,-0.6451239966845644,-0.5810160220117815,-1.1078234188139944,0.9436409819008672,3,0
-0.6444145399911421,2,2,-0.2752299527051567,0.0876134841591082,5,-0.6605306743650393,1,1.6783773645215088,1.7855109940078144,-0.06744076383703446,7,1.1532535902386967,1,-0.29121535058783876,0.5272972542088118,-0.10633057503972616,-1.5471474261915186,-0.6589728319256667,0.24198831185855807,-0.1617378558263319,0.1557070814399298,-1.0778621289498782,0.16237192087896354,0.7713528455785257,1.4946531895964377,0.8059898555710231,0.1427954259612064,-0.2576653869626209,0.4421885641408914,0.8222948115649081,-0.6451239966845644,-0.5810160220117815,0.9026709338484401,-0.10962571771513507,3,0
-0.4257924828051325,2,1,-1.013529278392347,0.0876134841591082,3,0.2546249253678617,1,-0.8803614815898617,1.7855109940078144,0.8338130801669732,4,1.1532535902386967,0,-0.4737780258699787,-0.6738292391077482,0.7726905897825493,0.47087095579741883,-1.584178240646517,2.5899937140505074,-0.1617378558263319,1.707499689688721,-1.0778621289498782,0.48978855145794353,1.3285463015983943,1.8058187736081588,1.3664463776568336,0.1427954259612064,-0.9715794991231369,0.4421885641408914,-1.216108852854004,-0.6451239966845644,-0.5810160220117815,-1.1078234188139944,0.9436409819008672,3,0
-0.0978593970261182,0,1,1.8166181367418828,1.0633091032037203,1,-0.6605306743650393,0,-0.9295679978612341,0.3796721288811475,-0.06744076383703446,2,-0.6608531809232983,1,-1.0380498821115427,1.7284237475253719,1.0124236347340791,0.47087095579741883,0.26623257679518353,0.24198831185855807,-0.032733706035388915,0.1557070814399298,0.33809616377248186,0.32608023616845355,1.04994957358846,-0.6835058984856107,1.0862181166139284,0.1427954259612064,0.6227106266159034,-0.4421885641408914,-1.216108852854004,-0.6451239966845644,-0.5810160220117815,0.9026709338484401,1.9969076815168694,4,0
-0.5351035113981373,2,2,-0.2752299527051567,0.0876134841591082,1,1.1697805251007627,1,1.235518718079156,-1.0261667362455194,-0.06744076383703446,7,0.24620020465769926,1,0.3755108476711848,-0.6738292391077482,0.6128685598148629,0.47087095579741883,0.26623257679518353,0.24198831185855807,0.22527459354649704,0.1557070814399298,-1.0778621289498782,0.9809134973264135,1.04994957358846,0.5611564375612741,1.0862181166139284,0.956397271554127,-0.24956997534350805,1.3265656924226743,0.8222948115649081,1.5500896031448563,1.7211229331292395,0.9026709338484401,-0.10962571771513507,2,0
0.12076266015989133,2,1,1.9396680243564146,-0.8880821348855039,1,-1.5756862740979403,0,0.743453555365431,-1.0261667362455194,0.8338130801669732,5,-0.6608531809232983,1,1.7418498231084165,0.12692175643662515,0.7726905897825493,0.47087095579741883,0.26623257679518353,0.24198831185855807,0.999299492292155,-0.6201892226844657,0.33809616377248186,0.48978855145794353,1.04994957358846,-0.6835058984856107,-0.875379710686409,0.956397271554127,-1.3500399923166635,-0.4421885641408914,-1.216108852854004,-0.6451239966845644,-0.5810160220117815,0.9026709338484401,0.9436409819008672,3,0
2.3069832320199866,0,1,-1.013529278392347,1.0633091032037203,1,1.1697805251007627,1,-1.6676657419318217,-2.432005601372186,-0.06744076383703446,0,0.24620020465769926,0,0.3854892540953818,-0.2734537413355615,1.0124236347340791,-1.5471474261915186,1.1914379855160337,0.24198831185855807,0.09627044375555406,-0.6201892226844657,0.33809616377248186,-0.3287530249895065,-0.3430340664612116,-0.37234031447388954,-0.5951514496435035,-0.6708064196317143,0.2118684869459254,-0.4421885641408914,-1.216108852854004,-0.6451239966845644,-0.5810160220117815,-1.1078234188139944,0.9436409819008672,3,0
-0.6444145399911421,2,1,-0.5213297279342202,1.0633091032037203,5,0.2546249253678617,1,0.9894861367222936,0.3796721288811475,-0.9686946078410421,6,1.1532535902386967,1,-0.5953459351225199,-1.0742047368799348,-1.2250847848135313,-0.5381382351970498,0.26623257679518353,0.24198831185855807,-0.6777544549901038,0.9316033855643254,0.33809616377248186,-0.3287530249895065,-0.6216307944711459,-0.6835058984856107,-0.31492318860059826,-0.6708064196317143,1.5663320434687469,1.3265656924226743,0.8222948115649081,1.5500896031448563,1.7211229331292395,0.9026709338484401,-1.1628924173311372,2,0
-0.6444145399911421,2,0,-0.8904793907778153,0.0876134841591082,0,-1.5756862740979403,1,-0.19147025379064658,-1.0261667362455194,-0.06744076383703446,1,-1.5679065665042957,1,0.493143610728268,0.12692175643662515,-0.4259746349750991,-0.5381382351970498,1.1914379855160337,-0.9320143892374165,-0.29074200561727487,-1.3960855268088614,0.33809616377248186,-0.8198779708579764,-0.6216307944711459,-0.37234031447388954,-1.1556079717293142,-0.6708064196317143,-0.4554970084046916,-0.4421885641408914,-1.216108852854004,-0.6451239966845644,-0.5810160220117815,-1.1078234188139944,-0.10962571771513507,3,0
0.8859398603109246,1,1,-0.2752299527051567,0.0876134841591082,1,-1.5756862740979403,1,1.5307578157073911,0.3796721288811475,0.8338130801669732,2,-1.5679065665042957,0,0.8425283765107159,-0.6738292391077482,-1.1451737698296882,0.47087095579741883,-1.584178240646517,0.24198831185855807,1.6443202412468698,-0.6201892226844657,0.33809616377248186,2.7817049655108033,1.3285463015983943,2.11698435761988,1.9269028997426445,-0.6708064196317143,1.0284931340239358,0.4421885641408914,0.8222948115649081,-0.6451239966845644,-0.5810160220117815,-1.1078234188139944,-1.1628924173311372,2,0
-0.6444145399911421,2,1,-0.8904793907778153,1.0633091032037203,1,0.2546249253678617,1,-1.6676657419318217,0.3796721288811475,-0.9686946078410421,6,1.1532535902386967,0,-0.9228063149588447,-1.0742047368799348,-0.5857966649427855,-0.5381382351970498,-0.6589728319256667,0.24198831185855807,-1.0647669043629329,-0.6201892226844657,-2.4938204216722384,-0.8198779708579764,-0.6216307944711459,-0.061174730462168335,-0.5951514496435035,0.1427954259612064,0.5625010026987515,-1.3265656924226743,-1.216108852854004,-0.6451239966845644,-0.5810160220117815,-1.1078234188139944,-0.10962571771513507,3,0
-0.4257924828051325,1,1,-0.5213297279342202,1.0633091032037203,1,1.1697805251007627,0,0.3990079414658235,0.3796721288811475,0.8338130801669732,3,-0.6608531809232983,1,1.272021475557844,1.3280482497531851,-0.5857966649427855,-1.5471474261915186,-0.6589728319256667,1.4159910129545328,0.09627044375555406,-0.6201892226844657,0.33809616377248186,0.48978855145794353,0.4927561175685914,1.8058187736081588,1.0862181166139284,-2.2980101108175557,-0.7094905479543578,-1.3265656924226743,-1.216108852854004,-0.6451239966845644,-0.5810160220117815,-1.1078234188139944,-0.10962571771513507,3,0
0.23007368875289608,2,1,0.09391971013843849,-1.863777753930116,3,0.2546249253678617,1,1.6291708482501361,0.3796721288811475,1.7350669241709809,3,-1.5679065665042957,1,-1.258980232799398,-0.6738292391077482,2.850376979362473,0.47087095579741883,1.1914379855160337,-0.9320143892374165,1.257307791874041,0.1557070814399298,0.33809616377248186,2.2905800196423334,1.3285463015983943,2.7393155256433226,1.646674638699739,-0.6708064196317143,0.5564294439844167,0.4421885641408914,0.8222948115649081,-0.6451239966845644,-0.5810160220117815,0.9026709338484401,1.9969076815168694,5,0
0.6673178031249152,1,1,0.09391971013843849,1.0633091032037203,1,0.2546249253678617,0,-1.6184592256604493,0.3796721288811475,-0.9686946078410421,2,1.1532535902386967,2,-0.5113024556623815,-1.0742047368799348,1.8914447995563546,1.4798801467918874,-1.584178240646517,-0.9320143892374165,-0.29074200561727487,1.707499689688721,0.33809616377248186,0.16237192087896354,0.7713528455785257,-0.37234031447388954,0.8059898555710231,0.956397271554127,0.04894832811127892,-0.4421885641408914,-1.216108852854004,-0.6451239966845644,-0.5810160220117815,-1.1078234188139944,-1.1628924173311372,4,0
1.3231839746829437,2,1,-1.013529278392347,-0.8880821348855039,5,0.2546249253678617,0,1.1863122018077836,-1.0261667362455194,1.7350669241709809,0,0.24620020465769926,2,0.49145711950164317,1.7284237475253719,-0.6657076799266287,-0.5381382351970498,1.1914379855160337,-0.9320143892374165,1.773324391037813,-0.6201892226844657,0.33809616377248186,-0.001336394410526465,-0.9002275224810803,-0.6835058984856107,0.8059898555710231,-1.4844082652246349,-0.7747598041334554,0.4421885641408914,0.8222948115649081,1.5500896031448563,1.7211229331292395,0.9026709338484401,-1.1628924173311372,2,1
1.651117060461958,2,1,-0.15218006509062498,1.0633091032037203,3,0.2546249253678617,1,0.9402796204509211,-1.0261667362455194,-0.06744076383703446,6,-0.6608531809232983,1,0.4826030405618627,-0.2734537413355615,-0.9054407248781584,0.47087095579741883,-1.584178240646517,-0.9320143892374165,-0.032733706035388915,0.1557070814399298,-1.0778621289498782,0.16237192087896354,-0.6216307944711459,1.4946531895964377,0.8059898555710231,0.1427954259612064,1.4226384872294935,1.3265656924226743,0.8222948115649081,1.5500896031448563,1.7211229331292395,0.9026709338484401,1.9969076815168694,2,0
-1.081658654363161,2,1,-0.5213297279342202,0.0876134841591082,1,0.2546249253678617,0,0.9402796204509211,0.3796721288811475,-0.9686946078410421,6,-0.6608531809232983,2,0.9310691659085204,-0.6738292391077482,-0.6657076799266287,-0.5381382351970498,-0.6589728319256667,-0.9320143892374165,-0.9357627545719898,-0.6201892226844657,-1.0778621289498782,-0.49246134027899646,-0.3430340664612116,-0.37234031447388954,-0.5951514496435035,-0.6708064196317143,0.9131335184515775,-1.3265656924226743,0.8222948115649081,-0.6451239966845644,-0.5810160220117815,-1.1078234188139944,0.9436409819008672,3,0
-0.5351035113981373,2,2,-0.15218006509062498,-0.8880821348855039,5,0.2546249253678617,0,-0.043850704976529056,-1.0261667362455194,-0.06744076383703446,7,-0.6608531809232983,1,1.449103054353453,-0.6738292391077482,1.7316227695886681,-1.5471474261915186,1.1914379855160337,-0.9320143892374165,0.22527459354649704,-0.6201892226844657,0.33809616377248186,0.9809134973264135,2.1643364856281972,2.7393155256433226,1.3664463776568336,0.1427954259612064,-0.5865414839890811,1.3265656924226743,0.8222948115649081,1.5500896031448563,1.7211229331292395,0.9026709338484401,-1.1628924173311372,1,0
-1.081658654363161,2,2,-0.8904793907778153,0.0876134841591082,1,1.1697805251007627,1,0.3990079414658235,0.3796721288811475,-0.06744076383703446,7,0.24620020465769926,2,-1.2748613585167818,-0.6738292391077482,0.8526016047663926,-1.5471474261915186,-1.584178240646517,-0.9320143892374165,-0.8067586047810468,0.1557070814399298,0.33809616377248186,-0.3287530249895065,-0.06443733845127728,-0.6835058984856107,-0.03469492755769292,-0.6708064196317143,-0.1109360513662002,0.4421885641408914,0.8222948115649081,1.5500896031448563,-0.5810160220117815,0.9026709338484401,-1.1628924173311372,2,0
-1.8468358545141943,2,2,-0.02913017747609325,-0.8880821348855039,1,1.1697805251007627,1,0.349801425194451,0.3796721288811475,-0.06744076383703446,6,1.1532535902386967,2,-1.0076930400322954,-0.6738292391077482,0.5329575448310196,-0.5381382351970498,1.1914379855160337,2.5899937140505074,-1.1937710541538757,0.1557070814399298,0.33809616377248186,-0.8198779708579764,-0.6216307944711459,-0.37234031447388954,-0.875379710686409,-0.6708064196317143,0.763874366724184,0.4421885641408914,0.8222948115649081,-0.6451239966845644,-0.5810160220117815,0.9026709338484401,-0.10962571771513507,2,0
-0.5351035113981373,2,1,-0.8904793907778153,1.0633091032037203,3,-1.5756862740979403,0,0.3990079414658235,1.7855109940078144,-0.06744076383703446,6,1.1532535902386967,2,-0.5278862860575259,1.7284237475253719,0.5329575448310196,0.47087095579741883,0.26623257679518353,-0.9320143892374165,-0.1617378558263319,-2.171981830933257,-1.0778621289498782,-0.001336394410526465,0.7713528455785257,-0.6835058984856107,0.8059898555710231,0.956397271554127,-0.2718323572960684,0.4421885641408914,0.8222948115649081,1.5500896031448563,1.7211229331292395,0.9026709338484401,-1.1628924173311372,2,0
-0.9723476257701563,2,1,-0.8904793907778153,1.0633091032037203,3,-1.5756862740979403,1,0.8910731041795485,-2.432005601372186,-0.9686946078410421,6,1.1532535902386967,1,1.4649841800708372,0.9276727519809984,-0.8255297098943152,-1.5471474261915186,1.1914379855160337,-0.9320143892374165,-0.8067586047810468,0.9316033855643254,-1.0778621289498782,-0.6561696555684865,-0.6216307944711459,-0.061174730462168335,-0.5951514496435035,0.1427954259612064,2.187148922009465,1.3265656924226743,0.8222948115649081,1.5500896031448563,1.7211229331292395,0.9026709338484401,-1.1628924173311372,2,0
-0.7537255685841467,2,1,2.3088176872000097,-0.8880821348855039,3,1.1697805251007627,0,-0.09305722124790157,0.3796721288811475,-0.06744076383703446,6,1.1532535902386967,1,-0.3343614178023245,-0.6738292391077482,1.0923346497179223,-0.5381382351970498,1.1914379855160337,1.4159910129545328,-0.032733706035388915,-0.6201892226844657,0.33809616377248186,0.48978855145794353,1.04994957358846,-0.37234031447388954,1.3664463776568336,1.7699991171470477,-0.5678208446198827,0.4421885641408914,-1.216108852854004,-0.6451239966845644,1.7211229331292395,0.9026709338484401,0.9436409819008672,3,0
-0.6444145399911421,1,1,-0.2752299527051567,-0.8880821348855039,1,0.2546249253678617,0,-0.8803614815898617,-1.0261667362455194,0.8338130801669732,4,0.24620020465769926,1,-0.03922545314297595,-0.6738292391077482,-0.5058856499589423,1.4798801467918874,-1.584178240646517,0.24198831185855807,-0.1617378558263319,-0.6201892226844657,0.33809616377248186,0.48978855145794353,1.3285463015983943,1.8058187736081588,1.3664463776568336,0.1427954259612064,1.5870765357427237,-0.4421885641408914,-1.216108852854004,-0.6451239966845644,-0.5810160220117815,-1.1078234188139944,-1.1628924173311372,2,0
0.23007368875289608,1,1,-0.2752299527051567,-0.8880821348855039,3,0.2546249253678617,1,-0.5851223839616266,-1.0261667362455194,2.6363207681749885,3,1.1532535902386967,1,0.9595989758255908,-0.6738292391077482,-1.2250847848135313,0.47087095579741883,-1.584178240646517,0.24198831185855807,1.257307791874041,-0.6201892226844657,0.33809616377248186,2.2905800196423334,1.3285463015983943,3.361646693666765,-0.31492318860059826,0.956397271554127,0.1663317965884155,1.3265656924226743,0.8222948115649081,1.5500896031448563,1.7211229331292395,0.9026709338484401,-1.1628924173311372,2,0
0.23007368875289608,2,2,-0.7674295031632836,-0.8880821348855039,3,1.1697805251007627,0,-1.2248070954894692,0.3796721288811475,-0.06744076383703446,7,0.24620020465769926,1,0.4869598095639769,0.5272972542088118,-0.9054407248781584,-0.5381382351970498,-1.584178240646517,-0.9320143892374165,0.09627044375555406,0.1557070814399298,-1.0778621289498782,-0.9835862861474665,-1.1788242504910145,-0.6835058984856107,-1.1556079717293142,-0.6708064196317143,-1.6298376564022519,-1.3265656924226743,-1.216108852854004,-0.6451239966845644,-0.5810160220117815,-1.1078234188139944,-0.10962571771513507,4,1
-0.4257924828051325,1,2,0.09391971013843849,0.0876134841591082,2,-0.6605306743650393,1,-0.9787745141326066,-1.0261667362455194,-0.06744076383703446,7,1.1532535902386967,2,-1.4048617239024472,0.12692175643662515,-0.18624159002356938,0.47087095579741883,0.26623257679518353,-0.9320143892374165,-0.29074200561727487,2.4833959938131165,-1.0778621289498782,-0.001336394410526465,0.7713528455785257,-0.6835058984856107,-0.875379710686409,0.956397271554127,-0.22983740952192044,-0.4421885641408914,-1.216108852854004,-0.6451239966845644,-0.5810160220117815,-1.1078234188139944,-0.10962571771513507,3,0
1.104561917496934,2,1,-0.5213297279342202,2.0390047222483325,1,1.1697805251007627,1,-1.1756005792180968,0.3796721288811475,2.6363207681749885,5,0.24620020465769926,1,0.2897808769844217,0.5272972542088118,-0.745618694910472,-1.5471474261915186,-0.6589728319256667,0.24198831185855807,1.257307791874041,-0.6201892226844657,0.33809616377248186,-0.6561696555684865,-0.6216307944711459,-0.37234031447388954,-0.875379710686409,0.1427954259612064,0.3960391012807431,-1.3265656924226743,-1.216108852854004,-0.6451239966845644,-0.5810160220117815,-1.1078234188139944,-0.10962571771513507,2,0
0.6673178031249152,1,1,0.09391971013843849,1.0633091032037203,1,0.2546249253678617,0,0.7926600716368035,-1.0261667362455194,-0.06744076383703446,2,0.24620020465769926,0,-1.1364285369979923,-0.6738292391077482,-0.9054407248781584,-1.5471474261915186,-0.6589728319256667,0.24198831185855807,-0.29074200561727487,0.1557070814399298,1.754054456494842,0.32608023616845355,0.7713528455785257,-0.6835058984856107,-1.1556079717293142,-0.6708064196317143,1.2693316296925437,0.4421885641408914,0.8222948115649081,-0.6451239966845644,1.7211229331292395,0.9026709338484401,-0.10962571771513507,2,0
-1.081658654363161,0,2,-1.013529278392347,-1.863777753930116,2,0.2546249253678617,1,0.349801425194451,0.3796721288811475,-0.06744076383703446,7,-0.6608531809232983,1,1.095361519568891,-1.0742047368799348,-0.9853517398620016,-0.5381382351970498,1.1914379855160337,0.24198831185855807,-0.6777544549901038,-2.171981830933257,0.33809616377248186,-0.3287530249895065,-0.06443733845127728,-0.37234031447388954,-0.03469492755769292,-0.6708064196317143,-0.7489556795975331,1.3265656924226743,0.8222948115649081,1.5500896031448563,1.7211229331292395,0.9026709338484401,-0.10962571771513507,1,0
0.6673178031249152,1,1,0.09391971013843849,0.0876134841591082,0,1.1697805251007627,0,-1.7168722582031943,0.3796721288811475,1.7350669241709809,3,0.24620020465769926,0,0.3614567541159777,-1.0742047368799348,-0.5058856499589423,-1.5471474261915186,1.1914379855160337,-0.9320143892374165,1.3863119416649838,0.9316033855643254,-1.0778621289498782,2.2905800196423334,1.04994957358846,-0.37234031447388954,1.646674638699739,0.956397271554127,-0.3376075767013605,-0.4421885641408914,-1.216108852854004,-0.6451239966845644,-0.5810160220117815,-1.1078234188139944,0.9436409819008672,3,0
0.6673178031249152,2,1,-0.2752299527051567,0.0876134841591082,1,0.2546249253678617,0,-1.1263940629467242,0.3796721288811475,0.8338130801669732,0,-1.5679065665042957,1,-0.7098867975974575,2.1287992452975586,0.5329575448310196,0.47087095579741883,-1.584178240646517,0.24198831185855807,-0.1617378558263319,-1.3960855268088614,-1.0778621289498782,-0.9835862861474665,-1.1788242504910145,-0.6835058984856107,-1.1556079717293142,-0.6708064196317143,-0.9138996913369577,-0.4421885641408914,-1.216108852854004,-0.6451239966845644,-0.5810160220117815,-1.1078234188139944,-0.10962571771513507,3,0
0.8859398603109246,2,1,-0.15218006509062498,1.0633091032037203,4,1.1697805251007627,1,0.448214457737196,0.3796721288811475,-0.06744076383703446,6,1.1532535902386967,1,-0.7076381426286243,2.529174743069745,0.13340246991180352,0.47087095579741883,-1.584178240646517,1.4159910129545328,0.09627044375555406,0.1557070814399298,0.33809616377248186,0.48978855145794353,1.3285463015983943,2.11698435761988,1.0862181166139284,0.956397271554127,0.7421179479978182,1.3265656924226743,0.8222948115649081,1.5500896031448563,-0.5810160220117815,0.9026709338484401,-0.10962571771513507,2,0
0.33938471734590087,2,2,-1.013529278392347,-0.8880821348855039,3,-0.6605306743650393,1,-0.4375028351475091,-2.432005601372186,-0.06744076383703446,7,1.1532535902386967,1,-0.14617710509810178,-0.2734537413355615,-0.4259746349750991,1.4798801467918874,0.26623257679518353,2.5899937140505074,-0.6777544549901038,-0.6201892226844657,-1.0778621289498782,-0.49246134027899646,-0.3430340664612116,-0.6835058984856107,-0.5951514496435035,0.956397271554127,-0.07855440488974873,1.3265656924226743,0.8222948115649081,1.5500896031448563,-0.5810160220117815,0.9026709338484401,-1.1628924173311372,2,0
-0.8630365971771515,2,1,-0.15218006509062498,1.0633091032037203,4,-0.6605306743650393,1,0.5466274902799411,-2.432005601372186,-0.9686946078410421,2,-1.5679065665042957,1,-1.342742630388432,-0.6738292391077482,0.21331348489564675,-1.5471474261915186,1.1914379855160337,-0.9320143892374165,-0.5487503051991608,0.9316033855643254,-1.0778621289498782,-0.001336394410526465,0.7713528455785257,-0.6835058984856107,0.8059898555710231,-1.4844082652246349,-0.07045899327063587,1.3265656924226743,0.8222948115649081,-0.6451239966845644,-0.5810160220117815,0.9026709338484401,-0.10962571771513507,3,1
-0.8630365971771515,2,1,-0.02913017747609325,2.0390047222483325,4,-0.6605306743650393,1,-1.7660787744745667,-1.0261667362455194,-0.9686946078410421,2,1.1532535902386967,2,-0.9405144728384056,-1.0742047368799348,0.6128685598148629,-0.5381382351970498,0.26623257679518353,-0.9320143892374165,-0.9357627545719898,-0.6201892226844657,0.33809616377248186,-0.6561696555684865,-0.6216307944711459,-0.061174730462168335,-0.5951514496435035,0.1427954259612064,-0.07906036811594329,0.4421885641408914,0.8222948115649081,1.5500896031448563,-0.5810160220117815,0.9026709338484401,-0.10962571771513507,2,0
-0.7537255685841467,2,2,-0.5213297279342202,0.0876134841591082,2,1.1697805251007627,0,-1.7660787744745667,-1.0261667362455194,-0.06744076383703446,7,0.24620020465769926,0,-1.2482991216974406,-0.6738292391077482,0.37313551486333324,-0.5381382351970498,0.26623257679518353,2.5899937140505074,-0.1617378558263319,-0.6201892226844657,0.33809616377248186,0.48978855145794353,1.3285463015983943,-0.37234031447388954,-0.5951514496435035,0.1427954259612064,-2.1059490522513276,1.3265656924226743,0.8222948115649081,1.5500896031448563,1.7211229331292395,0.9026709338484401,0.9436409819008672,1,0
-1.081658654363161,2,2,-0.15218006509062498,1.0633091032037203,2,-0.6605306743650393,0,-0.4867093514188816,0.3796721288811475,-0.06744076383703446,7,-0.6608531809232983,1,-1.5316296477704152,-0.6738292391077482,-1.0652627548458449,0.47087095579741883,-1.584178240646517,0.24198831185855807,-0.41974615540821786,0.1557070814399298,0.33809616377248186,0.16237192087896354,0.7713528455785257,-0.6835058984856107,0.8059898555710231,-0.6708064196317143,0.27865563280360656,0.4421885641408914,-1.216108852854004,-0.6451239966845644,-0.5810160220117815,0.9026709338484401,0.9436409819008672,3,0
0.01145163156688656,2,1,-0.5213297279342202,-0.8880821348855039,3,1.1697805251007627,1,-0.2406767700620191,0.3796721288811475,-0.06744076383703446,4,1.1532535902386967,0,1.2457403206096067,1.7284237475253719,0.29322449987949,0.47087095579741883,0.26623257679518353,1.4159910129545328,-0.41974615540821786,-0.6201892226844657,-1.0778621289498782,-0.16504470970001647,-0.6216307944711459,-0.6835058984856107,-0.03469492755769292,0.956397271554127,0.3181207644467818,-1.3265656924226743,-1.216108852854004,-0.6451239966845644,-0.5810160220117815,-1.1078234188139944,-0.10962571771513507,2,0
0.12076266015989133,2,1,0.7091691482110972,-0.8880821348855039,1,0.2546249253678617,1,1.2847252343505287,-1.0261667362455194,0.8338130801669732,5,1.1532535902386967,0,0.19238600864683664,-1.0742047368799348,-0.8255297098943152,0.47087095579741883,-0.6589728319256667,0.24198831185855807,0.09627044375555406,0.1557070814399298,0.33809616377248186,0.6534968667474336,1.6071430296083287,-0.061174730462168335,1.3664463776568336,0.1427954259612064,-0.00013010482959283277,-0.4421885641408914,0.8222948115649081,-0.6451239966845644,-0.5810160220117815,-1.1078234188139944,-0.10962571771513507,2,0
-0.6444145399911421,2,1,-0.2752299527051567,1.0633091032037203,3,0.2546249253678617,0,-1.3232201280322142,0.3796721288811475,0.8338130801669732,4,1.1532535902386967,2,1.6021521331696582,-0.6738292391077482,2.290999874475571,0.47087095579741883,0.26623257679518353,-0.9320143892374165,-0.032733706035388915,-0.6201892226844657,-1.0778621289498782,0.6534968667474336,1.3285463015983943,0.5611564375612741,1.646674638699739,0.1427954259612064,0.1971955533862833,-1.3265656924226743,-1.216108852854004,-0.6451239966845644,-0.5810160220117815,-1.1078234188139944,-0.10962571771513507,3,0
-0.8630365971771515,2,2,0.09391971013843849,-1.863777753930116,2,1.1697805251007627,0,-1.3232201280322142,-1.0261667362455194,-0.06744076383703446,7,-0.6608531809232983,0,-0.3439182014198653,-0.6738292391077482,0.4530465298471764,0.47087095579741883,-1.584178240646517,1.4159910129545328,-0.5487503051991608,-0.6201892226844657,0.33809616377248186,-0.001336394410526465,0.7713528455785257,-0.37234031447388954,0.8059898555710231,-0.6708064196317143,-1.859038997868385,-0.4421885641408914,-1.216108852854004,-0.6451239966845644,-0.5810160220117815,-1.1078234188139944,-1.1628924173311372,3,0
-0.20717042561912297,2,1,-0.5213297279342202,1.0633091032037203,5,0.2546249253678617,1,-0.19147025379064658,0.3796721288811475,0.8338130801669732,4,-0.6608531809232983,2,0.5552627042422833,-1.0742047368799348,-0.5058856499589423,-0.5381382351970498,1.1914379855160337,-0.9320143892374165,0.741291192710269,1.707499689688721,0.33809616377248186,1.4720384431948834,0.4927561175685914,-0.6835058984856107,2.487359421828455,-0.6708064196317143,1.6670187254814632,-0.4421885641408914,0.8222948115649081,-0.6451239966845644,-0.5810160220117815,-1.1078234188139944,-1.1628924173311372,2,0
-1.5189027687351802,2,1,2.0627179119709464,-1.863777753930116,1,0.2546249253678617,1,0.841866587908176,0.3796721288811475,-0.9686946078410421,6,1.1532535902386967,0,0.25000779222318564,-0.6738292391077482,0.9325126197502358,-0.5381382351970498,0.26623257679518353,1.4159910129545328,-0.9357627545719898,-0.6201892226844657,-1.0778621289498782,-0.49246134027899646,-0.6216307944711459,-0.6835058984856107,-0.5951514496435035,1.7699991171470477,0.8686087545464567,-0.4421885641408914,-1.216108852854004,-0.6451239966845644,-0.5810160220117815,0.9026709338484401,0.9436409819008672,2,0
0.4486957459389056,2,1,-0.39827984031968844,0.0876134841591082,3,1.1697805251007627,1,1.432344783164646,-1.0261667362455194,-0.06744076383703446,4,-0.6608531809232983,2,-0.5907080842493015,1.3280482497531851,2.370910889459414,0.47087095579741883,1.1914379855160337,-0.9320143892374165,-0.41974615540821786,0.1557070814399298,0.33809616377248186,-0.3287530249895065,-0.06443733845127728,-0.37234031447388954,-0.5951514496435035,0.1427954259612064,0.04186484294455516,-1.3265656924226743,0.8222948115649081,-0.6451239966845644,-0.5810160220117815,-1.1078234188139944,0.9436409819008672,3,0
1.104561917496934,1,2,-0.6443796155487519,-1.863777753930116,3,-0.6605306743650393,1,1.6291708482501361,0.3796721288811475,-0.06744076383703446,8,0.24620020465769926,2,1.6074926887206369,0.12692175643662515,-1.2250847848135313,1.4798801467918874,-1.584178240646517,-0.9320143892374165,-0.8067586047810468,0.1557070814399298,0.33809616377248186,-1.1472946014369565,-1.1788242504910145,-0.6835058984856107,-1.1556079717293142,-0.6708064196317143,-0.48180709616680845,-1.3265656924226743,-1.216108852854004,-0.6451239966845644,-0.5810160220117815,-1.1078234188139944,0.9436409819008672,3,0
0.5580067745319104,2,1,1.6935682491273512,2.0390047222483325,1,-1.5756862740979403,0,-1.0771875466753518,0.3796721288811475,1.7350669241709809,5,1.1532535902386967,2,0.22316447353274013,-0.2734537413355615,-0.9054407248781584,0.47087095579741883,-0.6589728319256667,-0.9320143892374165,0.612287042919326,-0.6201892226844657,0.33809616377248186,-0.9835862861474665,-1.1788242504910145,-0.6835058984856107,-1.1556079717293142,1.7699991171470477,1.0709940450242783,-1.3265656924226743,-1.216108852854004,-0.6451239966845644,-0.5810160220117815,-1.1078234188139944,-1.1628924173311372,3,0
-0.8630365971771515,0,2,-0.8904793907778153,0.0876134841591082,1,1.1697805251007627,1,-0.2406767700620191,0.3796721288811475,-0.06744076383703446,7,0.24620020465769926,1,0.3675000143447168,-0.6738292391077482,0.21331348489564675,0.47087095579741883,-1.584178240646517,0.24198831185855807,-0.9357627545719898,0.1557070814399298,-1.0778621289498782,-0.49246134027899646,-0.3430340664612116,-0.6835058984856107,-0.5951514496435035,0.1427954259612064,2.3885222860348976,-1.3265656924226743,-1.216108852854004,-0.6451239966845644,-0.5810160220117815,-1.1078234188139944,0.9436409819008672,3,0
0.5580067745319104,2,0,-0.8904793907778153,-1.863777753930116,5,0.2546249253678617,1,-0.6835354165043717,0.3796721288811475,-0.9686946078410421,1,0.24620020465769926,0,1.3637947064733462,-1.0742047368799348,1.0923346497179223,-1.5471474261915186,0.26623257679518353,0.24198831185855807,-0.9357627545719898,1.707499689688721,0.33809616377248186,-0.6561696555684865,-0.6216307944711459,-0.37234031447388954,-1.1556079717293142,-0.6708064196317143,1.6326132261002335,-0.4421885641408914,0.8222948115649081,-0.6451239966845644,-0.5810160220117815,-1.1078234188139944,3.0501743811328716,2,0
-0.5351035113981373,2,1,-0.8904793907778153,0.0876134841591082,3,0.2546249253678617,0,0.448214457737196,0.3796721288811475,-0.9686946078410421,2,-0.6608531809232983,1,-1.4555970016367448,-0.6738292391077482,0.29322449987949,-0.5381382351970498,0.26623257679518353,0.24198831185855807,-0.41974615540821786,0.9316033855643254,0.33809616377248186,0.16237192087896354,-1.1788242504910145,-0.6835058984856107,0.8059898555710231,0.1427954259612064,-0.7003832098828559,1.3265656924226743,0.8222948115649081,1.5500896031448563,1.7211229331292395,0.9026709338484401,-0.10962571771513507,2,0
1.213872946089939,2,2,2.4318675748145413,-1.863777753930116,3,-1.5756862740979403,0,1.235518718079156,0.3796721288811475,0.8338130801669732,3,0.24620020465769926,1,1.3583136099868154,0.12692175643662515,-1.2250847848135313,1.4798801467918874,-0.6589728319256667,0.24198831185855807,0.483282893128383,0.1557070814399298,-2.4938204216722384,-1.1472946014369565,-1.1788242504910145,-0.6835058984856107,-1.1556079717293142,1.7699991171470477,-0.7798194363954009,-1.3265656924226743,-1.216108852854004,-0.6451239966845644,-0.5810160220117815,0.9026709338484401,-0.10962571771513507,3,0
0.01145163156688656,2,1,-0.39827984031968844,0.0876134841591082,3,0.2546249253678617,1,-0.7327419327757442,1.7855109940078144,-0.06744076383703446,6,-1.5679065665042957,0,0.37775950264001795,0.5272972542088118,0.4530465298471764,-1.5471474261915186,-1.584178240646517,1.4159910129545328,0.22527459354649704,-0.6201892226844657,0.33809616377248186,-0.001336394410526465,0.7713528455785257,1.1834876055847166,0.8059898555710231,-1.4844082652246349,2.31768743436766,-1.3265656924226743,-1.216108852854004,-0.6451239966845644,-0.5810160220117815,-1.1078234188139944,3.0501743811328716,4,0
-0.7537255685841467,0,2,1.9396680243564146,-0.8880821348855039,5,1.1697805251007627,0,0.9402796204509211,0.3796721288811475,-0.06744076383703446,7,0.24620020465769926,1,-1.1586340048152193,1.7284237475253719,-0.745618694910472,-0.5381382351970498,-0.6589728319256667,0.24198831185855807,-0.9357627545719898,-0.6201892226844657,1.754054456494842,-0.8198779708579764,-0.6216307944711459,-0.061174730462168335,-0.5951514496435035,0.956397271554127,0.6788725447234989,1.3265656924226743,0.8222948115649081,1.5500896031448563,1.7211229331292395,0.9026709338484401,-1.1628924173311372,2,0
-1.1909696829561658,2,2,-1.013529278392347,0.0876134841591082,1,0.2546249253678617,1,-0.4375028351475091,0.3796721288811475,-0.06744076383703446,7,0.24620020465769926,1,0.8211661543068011,-0.6738292391077482,-0.6657076799266287,0.47087095579741883,-0.6589728319256667,0.24198831185855807,-0.41974615540821786,0.1557070814399298,0.33809616377248186,0.16237192087896354,0.7713528455785257,1.4946531895964377,0.8059898555710231,0.1427954259612064,0.2660065521487427,0.4421885641408914,0.8222948115649081,-0.6451239966845644,-0.5810160220117815,0.9026709338484401,-0.10962571771513507,3,0
0.5580067745319104,2,1,-0.8904793907778153,1.0633091032037203,4,-1.5756862740979403,1,1.5799643319787637,-1.0261667362455194,-0.06744076383703446,0,1.1532535902386967,2,0.3885811546775274,0.12692175643662515,-0.6657076799266287,1.4798801467918874,-0.6589728319256667,-0.9320143892374165,0.35427874333744,2.4833959938131165,0.33809616377248186,-0.9835862861474665,-1.1788242504910145,-0.6835058984856107,-1.1556079717293142,0.956397271554127,1.020397722404823,0.4421885641408914,0.8222948115649081,1.5500896031448563,-0.5810160220117815,0.9026709338484401,-0.10962571771513507,2,0
-1.7375248259211897,1,2,-1.013529278392347,-1.863777753930116,5,-1.5756862740979403,0,1.6291708482501361,-1.0261667362455194,-0.9686946078410421,8,-0.6608531809232983,2,-0.7256273823792895,-0.6738292391077482,1.8914447995563546,-1.5471474261915186,0.26623257679518353,-0.9320143892374165,-1.0647669043629329,0.1557070814399298,0.33809616377248186,-0.6561696555684865,-0.6216307944711459,-0.37234031447388954,-0.5951514496435035,-1.4844082652246349,-1.1248863566600869,-1.3265656924226743,-1.216108852854004,-0.6451239966845644,-0.5810160220117815,-1.1078234188139944,0.9436409819008672,4,1
-0.0978593970261182,0,2,-1.013529278392347,2.0390047222483325,3,1.1697805251007627,0,-1.0279810304039791,0.3796721288811475,-0.06744076383703446,7,1.1532535902386967,2,0.1353263888126959,0.5272972542088118,-0.5857966649427855,0.47087095579741883,-0.6589728319256667,-0.9320143892374165,-0.5487503051991608,2.4833959938131165,0.33809616377248186,-0.9835862861474665,-1.1788242504910145,-0.6835058984856107,-1.1556079717293142,-0.6708064196317143,0.43752808582869657,-0.4421885641408914,0.8222948115649081,-0.6451239966845644,1.7211229331292395,0.9026709338484401,-1.1628924173311372,2,0
-0.0978593970261182,1,2,-0.7674295031632836,1.0633091032037203,3,-1.5756862740979403,1,-0.8803614815898617,-1.0261667362455194,0.8338130801669732,7,1.1532535902386967,1,-0.9932173236704321,0.5272972542088118,1.9713558145401977,-1.5471474261915186,-1.584178240646517,0.24198831185855807,0.612287042919326,-0.6201892226844657,0.33809616377248186,0.9809134973264135,1.3285463015983943,-0.37234031447388954,2.2071311607855497,0.1427954259612064,2.628348855251116,0.4421885641408914,-1.216108852854004,-0.6451239966845644,-0.5810160220117815,-1.1078234188139944,-0.10962571771513507,2,0
2.1976722034269818,2,1,-1.013529278392347,1.0633091032037203,3,1.1697805251007627,1,1.0878991692650386,0.3796721288811475,-0.06744076383703446,0,0.24620020465769926,1,-1.5945919868977427,-0.2734537413355615,-1.0652627548458449,-1.5471474261915186,0.26623257679518353,-0.9320143892374165,0.483282893128383,-0.6201892226844657,0.33809616377248186,-0.6561696555684865,-0.6216307944711459,-0.37234031447388954,-0.5951514496435035,-0.6708064196317143,-0.46612223615477727,1.3265656924226743,0.8222948115649081,1.5500896031448563,1.7211229331292395,0.9026709338484401,-1.1628924173311372,1,0
0.33938471734590087,2,1,0.09391971013843849,1.0633091032037203,1,1.1697805251007627,0,-0.9787745141326066,1.7855109940078144,-0.9686946078410421,2,0.24620020465769926,1,1.1498914025630946,0.12692175643662515,-0.34606361999125584,-0.5381382351970498,0.26623257679518353,0.24198831185855807,-0.1617378558263319,0.1557070814399298,0.33809616377248186,-0.001336394410526465,0.7713528455785257,-0.37234031447388954,0.8059898555710231,0.1427954259612064,0.5695844878654752,1.3265656924226743,0.8222948115649081,-0.6451239966845644,1.7211229331292395,0.9026709338484401,-1.1628924173311372,2,0
-1.7375248259211897,0,2,-0.02913017747609325,-0.8880821348855039,3,-1.5756862740979403,1,-1.3232201280322142,0.3796721288811475,-0.9686946078410421,8,1.1532535902386967,2,-1.610894735421783,-0.6738292391077482,-1.0652627548458449,0.47087095579741883,0.26623257679518353,-0.9320143892374165,-1.0647669043629329,0.1557070814399298,-1.0778621289498782,-0.6561696555684865,-0.6216307944711459,-0.061174730462168335,-0.5951514496435035,0.1427954259612064,-0.6437153285490658,-1.3265656924226743,-1.216108852854004,-0.6451239966845644,-0.5810160220117815,-1.1078234188139944,0.9436409819008672,3,0
-0.4257924828051325,2,2,-0.5213297279342202,0.0876134841591082,2,1.1697805251007627,0,-1.5692527093890767,0.3796721288811475,-0.9686946078410421,8,0.24620020465769926,2,-0.7256273823792895,-0.6738292391077482,0.6128685598148629,-0.5381382351970498,-0.6589728319256667,-0.9320143892374165,-1.3227752039448188,-0.6201892226844657,0.33809616377248186,-0.9835862861474665,-1.1788242504910145,-0.6835058984856107,-1.1556079717293142,0.1427954259612064,-1.1683991941128185,-1.3265656924226743,-1.216108852854004,-0.6451239966845644,-0.5810160220117815,-1.1078234188139944,0.9436409819008672,4,1
0.01145163156688656,2,1,0.09391971013843849,0.0876134841591082,3,0.2546249253678617,0,1.5799643319787637,0.3796721288811475,-0.9686946078410421,2,-1.5679065665042957,1,0.47079760197548876,1.3280482497531851,-0.5058856499589423,0.47087095579741883,-0.6589728319256667,0.24198831185855807,0.741291192710269,0.1557070814399298,0.33809616377248186,-0.3287530249895065,-0.06443733845127728,-0.6835058984856107,-0.31492318860059826,-0.6708064196317143,0.19567766370769965,0.4421885641408914,0.8222948115649081,-0.6451239966845644,1.7211229331292395,0.9026709338484401,0.9436409819008672,3,0
0.9952508889039294,0,1,-0.2752299527051567,1.0633091032037203,3,0.2546249253678617,0,-1.7660787744745667,0.3796721288811475,-0.06744076383703446,4,0.24620020465769926,1,0.24326182731668625,-0.2734537413355615,-0.9054407248781584,0.47087095579741883,0.26623257679518353,-0.9320143892374165,-0.5487503051991608,-0.6201892226844657,1.754054456494842,-0.9835862861474665,-1.1788242504910145,-0.6835058984856107,-1.1556079717293142,0.1427954259612064,-0.9012506106820939,-1.3265656924226743,-1.216108852854004,-0.6451239966845644,-0.5810160220117815,-1.1078234188139944,-1.1628924173311372,2,0
0.4486957459389056,1,2,-0.6443796155487519,0.0876134841591082,2,-1.5756862740979403,1,-0.4867093514188816,0.3796721288811475,-0.06744076383703446,7,-0.6608531809232983,2,-0.6682866806740446,-0.6738292391077482,-0.9853517398620016,0.47087095579741883,0.26623257679518353,-0.9320143892374165,-0.41974615540821786,1.707499689688721,0.33809616377248186,0.16237192087896354,0.7713528455785257,1.4946531895964377,0.8059898555710231,-1.4844082652246349,-0.11599568362814575,-0.4421885641408914,0.8222948115649081,-0.6451239966845644,-0.5810160220117815,-1.1078234188139944,1.9969076815168694,3,1
1.4324950032759485,2,1,0.09391971013843849,0.0876134841591082,5,1.1697805251007627,1,1.6783773645215088,-1.0261667362455194,0.8338130801669732,0,1.1532535902386967,2,-1.6243866652347818,1.3280482497531851,0.7726905897825493,-0.5381382351970498,1.1914379855160337,-0.9320143892374165,1.1283036420830979,-0.6201892226844657,0.33809616377248186,-0.49246134027899646,-0.3430340664612116,-0.37234031447388954,-0.31492318860059826,0.1427954259612064,0.5159523858888524,-0.4421885641408914,0.8222948115649081,-0.6451239966845644,-0.5810160220117815,-1.1078234188139944,0.9436409819008672,3,0
0.33938471734590087,2,2,1.5705183615128193,-0.8880821348855039,2,0.2546249253678617,1,0.10376884383758846,-1.0261667362455194,-0.06744076383703446,7,0.24620020465769926,1,-1.1528718264575846,-0.2734537413355615,1.7316227695886681,-0.5381382351970498,-1.584178240646517,1.4159910129545328,-0.41974615540821786,2.4833959938131165,0.33809616377248186,-0.16504470970001647,-0.06443733845127728,-0.37234031447388954,-1.1556079717293142,0.1427954259612064,0.7492014331645419,1.3265656924226743,0.8222948115649081,1.5500896031448563,-0.5810160220117815,0.9026709338484401,-1.1628924173311372,2,1
-0.6444145399911421,2,1,-0.02913017747609325,1.0633091032037203,1,0.2546249253678617,1,-1.1756005792180968,-1.0261667362455194,-0.9686946078410421,6,-0.6608531809232983,2,-0.9503523383270506,-1.0742047368799348,1.4918897246371383,0.47087095579741883,1.1914379855160337,-0.9320143892374165,-1.0647669043629329,1.707499689688721,0.33809616377248186,-0.8198779708579764,-0.6216307944711459,-0.061174730462168335,-0.5951514496435035,0.1427954259612064,1.4661513246822253,-1.3265656924226743,-1.216108852854004,-0.6451239966845644,-0.5810160220117815,-1.1078234188139944,-1.1628924173311372,3,0
-1.7375248259211897,2,2,0.340019485367502,0.0876134841591082,1,0.2546249253678617,0,1.1863122018077836,1.7855109940078144,-0.9686946078410421,8,-0.6608531809232983,2,1.5612547209240055,-0.6738292391077482,-1.0652627548458449,0.47087095579741883,1.1914379855160337,-0.9320143892374165,-1.3227752039448188,-2.171981830933257,0.33809616377248186,-0.9835862861474665,-1.1788242504910145,-0.6835058984856107,-1.1556079717293142,-0.6708064196317143,-1.3545936613524143,-0.4421885641408914,0.8222948115649081,-0.6451239966845644,-0.5810160220117815,0.9026709338484401,-1.1628924173311372,2,1
-0.8630365971771515,2,1,1.6935682491273512,0.0876134841591082,1,1.1697805251007627,1,-0.5851223839616266,0.3796721288811475,-0.9686946078410421,6,1.1532535902386967,2,0.5417707744292845,2.529174743069745,0.13340246991180352,0.47087095579741883,1.1914379855160337,-0.9320143892374165,-0.6777544549901038,0.9316033855643254,0.33809616377248186,-0.6561696555684865,-0.6216307944711459,-0.37234031447388954,-0.5951514496435035,1.7699991171470477,0.6996170369974756,1.3265656924226743,0.8222948115649081,1.5500896031448563,-0.5810160220117815,0.9026709338484401,-1.1628924173311372,1,0
-0.20717042561912297,2,1,-0.02913017747609325,1.0633091032037203,1,0.2546249253678617,1,1.5307578157073911,-1.0261667362455194,-0.06744076383703446,0,-0.6608531809232983,2,0.7140739614161232,2.529174743069745,0.37313551486333324,1.4798801467918874,0.26623257679518353,-0.9320143892374165,-0.1617378558263319,1.707499689688721,0.33809616377248186,-0.9835862861474665,-0.9002275224810803,-0.6835058984856107,-1.1556079717293142,0.1427954259612064,-0.38314426705887034,0.4421885641408914,0.8222948115649081,1.5500896031448563,-0.5810160220117815,0.9026709338484401,-1.1628924173311372,2,0
-1.081658654363161,2,1,-1.013529278392347,-0.8880821348855039,3,1.1697805251007627,1,0.7926600716368035,0.3796721288811475,-0.9686946078410421,2,-0.6608531809232983,0,0.5014355259258402,-0.6738292391077482,0.13340246991180352,-1.5471474261915186,-0.6589728319256667,0.24198831185855807,-0.8067586047810468,-0.6201892226844657,0.33809616377248186,-0.3287530249895065,-0.6216307944711459,-0.6835058984856107,-0.03469492755769292,-1.4844082652246349,0.3257102128397001,-0.4421885641408914,0.8222948115649081,-0.6451239966845644,-0.5810160220117815,-1.1078234188139944,0.9436409819008672,3,0
-0.9723476257701563,2,2,-0.02913017747609325,1.0633091032037203,1,-0.6605306743650393,1,1.2847252343505287,0.3796721288811475,-0.06744076383703446,7,1.1532535902386967,2,0.9046474700247311,-0.6738292391077482,-1.0652627548458449,0.47087095579741883,1.1914379855160337,-0.9320143892374165,-0.5487503051991608,-1.3960855268088614,0.33809616377248186,-0.001336394410526465,0.21415938955865704,-0.6835058984856107,0.8059898555710231,0.956397271554127,-0.05780991261577201,0.4421885641408914,0.8222948115649081,1.5500896031448563,-0.5810160220117815,0.9026709338484401,-1.1628924173311372,1,0
1.3231839746829437,2,1,-0.2752299527051567,0.0876134841591082,4,-0.6605306743650393,1,-1.7168722582031943,-1.0261667362455194,0.8338130801669732,0,0.24620020465769926,2,-0.31581001430945116,2.1287992452975586,1.9713558145401977,1.4798801467918874,0.26623257679518353,-0.9320143892374165,1.9023285408287558,-0.6201892226844657,0.33809616377248186,-0.3287530249895065,-0.6216307944711459,-0.6835058984856107,-1.1556079717293142,0.956397271554127,-1.8023711165345948,1.3265656924226743,0.8222948115649081,1.5500896031448563,1.7211229331292395,0.9026709338484401,-1.1628924173311372,1,0
1.5418060318689533,2,2,0.5861192605965654,-0.8880821348855039,1,0.2546249253678617,0,1.038692652993666,0.3796721288811475,-0.06744076383703446,7,1.1532535902386967,1,0.07714244149413862,0.5272972542088118,-1.2250847848135313,-1.5471474261915186,0.26623257679518353,0.24198831185855807,0.870295342501212,-0.6201892226844657,-1.0778621289498782,-0.001336394410526465,0.7713528455785257,-0.6835058984856107,0.8059898555710231,0.956397271554127,0.7193496028190632,0.4421885641408914,0.8222948115649081,-0.6451239966845644,-0.5810160220117815,0.9026709338484401,-1.1628924173311372,2,0
-0.0978593970261182,2,1,-0.8904793907778153,0.0876134841591082,1,1.1697805251007627,0,1.4815512994360187,0.3796721288811475,-0.9686946078410421,6,0.24620020465769926,1,-0.3436371195487612,0.5272972542088118,-0.745618694910472,-0.5381382351970498,-0.6589728319256667,0.24198831185855807,-0.6777544549901038,0.1557070814399298,0.33809616377248186,-0.8198779708579764,-0.6216307944711459,-0.061174730462168335,-0.5951514496435035,0.1427954259612064,0.025168056480134877,0.4421885641408914,0.8222948115649081,-0.6451239966845644,1.7211229331292395,0.9026709338484401,0.9436409819008672,3,0
-0.3164814542121277,0,2,1.201368698669224,0.0876134841591082,2,-1.5756862740979403,1,0.05456232756621595,1.7855109940078144,-0.06744076383703446,7,1.1532535902386967,2,-1.3577805104925036,2.1287992452975586,1.3320676946694519,-0.5381382351970498,-0.6589728319256667,-0.9320143892374165,-0.29074200561727487,0.1557070814399298,-1.0778621289498782,-0.3287530249895065,-0.6216307944711459,-0.6835058984856107,-0.03469492755769292,0.956397271554127,-0.1539429255927373,-0.4421885641408914,0.8222948115649081,-0.6451239966845644,-0.5810160220117815,-1.1078234188139944,-1.1628924173311372,3,1
1.9790501462409722,2,1,-0.8904793907778153,0.0876134841591082,1,0.2546249253678617,0,1.5307578157073911,0.3796721288811475,1.7350669241709809,3,1.1532535902386967,2,1.2571241363893246,-0.2734537413355615,-1.2250847848135313,-0.5381382351970498,0.26623257679518353,-0.9320143892374165,2.4183451399925278,-0.6201892226844657,0.33809616377248186,-0.3287530249895065,-0.06443733845127728,-0.37234031447388954,-0.5951514496435035,0.1427954259612064,-0.40388875933284707,0.4421885641408914,0.8222948115649081,1.5500896031448563,1.7211229331292395,-1.1078234188139944,-1.1628924173311372,2,0
-1.4095917401421754,2,2,0.09391971013843849,1.0633091032037203,2,1.1697805251007627,0,0.5466274902799411,0.3796721288811475,-0.06744076383703446,7,0.24620020465769926,0,-1.1802773088902383,-0.6738292391077482,1.6517117546048248,-0.5381382351970498,1.1914379855160337,0.24198831185855807,-0.8067586047810468,-0.6201892226844657,1.754054456494842,-0.3287530249895065,-0.6216307944711459,-0.6835058984856107,-0.31492318860059826,0.1427954259612064,1.244033468382816,0.4421885641408914,0.8222948115649081,-0.6451239966845644,-0.5810160220117815,0.9026709338484401,-1.1628924173311372,2,0
-0.7537255685841467,2,2,-0.8904793907778153,-1.863777753930116,5,0.2546249253678617,1,0.3005949089230785,0.3796721288811475,-0.9686946078410421,8,-0.6608531809232983,1,0.43861372773406454,-0.6738292391077482,-1.0652627548458449,0.47087095579741883,-1.584178240646517,0.24198831185855807,-1.3227752039448188,0.1557070814399298,0.33809616377248186,-0.9835862861474665,-1.1788242504910145,-0.6835058984856107,-1.1556079717293142,-0.6708064196317143,-0.5566896536436025,0.4421885641408914,0.8222948115649081,-0.6451239966845644,1.7211229331292395,0.9026709338484401,-1.1628924173311372,2,0
-1.1909696829561658,1,1,-0.7674295031632836,-1.863777753930116,5,0.2546249253678617,1,0.349801425194451,0.3796721288811475,-0.9686946078410421,6,-1.5679065665042957,2,-1.086536504877007,-1.0742047368799348,1.7316227695886681,0.47087095579741883,0.26623257679518353,-0.9320143892374165,-0.5487503051991608,-0.6201892226844657,0.33809616377248186,-0.16504470970001647,-0.06443733845127728,-0.6835058984856107,-0.03469492755769292,-0.6708064196317143,-0.22073007145041845,-0.4421885641408914,0.8222948115649081,-0.6451239966845644,-0.5810160220117815,-1.1078234188139944,1.9969076815168694,4,1
-1.628213797328185,2,1,0.21696959775297023,0.0876134841591082,3,-1.5756862740979403,0,-1.1263940629467242,0.3796721288811475,-0.9686946078410421,6,-0.6608531809232983,1,1.4232435222118722,-0.6738292391077482,-1.1451737698296882,-0.5381382351970498,1.1914379855160337,0.24198831185855807,-1.1937710541538757,-1.3960855268088614,0.33809616377248186,-0.8198779708579764,-0.9002275224810803,-0.37234031447388954,-0.5951514496435035,-1.4844082652246349,-2.2172609620141293,-0.4421885641408914,-1.216108852854004,-0.6451239966845644,-0.5810160220117815,0.9026709338484401,-0.10962571771513507,3,0
-0.0978593970261182,2,2,-0.8904793907778153,-0.8880821348855039,3,-0.6605306743650393,1,-0.2406767700620191,-1.0261667362455194,0.8338130801669732,7,0.24620020465769926,1,-1.4762565191628993,-0.6738292391077482,-0.6657076799266287,-0.5381382351970498,-0.6589728319256667,1.4159910129545328,-0.1617378558263319,-0.6201892226844657,0.33809616377248186,0.48978855145794353,1.3285463015983943,2.11698435761988,-1.1556079717293142,-0.6708064196317143,2.2428048768908657,0.4421885641408914,0.8222948115649081,-0.6451239966845644,1.7211229331292395,0.9026709338484401,0.9436409819008672,3,0
-0.7537255685841467,1,1,-0.6443796155487519,0.0876134841591082,5,0.2546249253678617,1,-1.2740136117608418,0.3796721288811475,-0.9686946078410421,6,1.1532535902386967,2,-1.5299431565437902,2.529174743069745,-0.4259746349750991,1.4798801467918874,0.26623257679518353,-0.9320143892374165,-1.0647669043629329,0.9316033855643254,0.33809616377248186,-0.9835862861474665,-1.1788242504910145,-0.6835058984856107,-1.1556079717293142,0.1427954259612064,-0.0800722945683324,-0.4421885641408914,0.8222948115649081,-0.6451239966845644,-0.5810160220117815,-1.1078234188139944,-1.1628924173311372,2,1
0.01145163156688656,2,1,0.5861192605965654,0.0876134841591082,1,1.1697805251007627,0,1.432344783164646,0.3796721288811475,-0.9686946078410421,2,-1.5679065665042957,0,1.7709417967676953,-0.6738292391077482,-1.0652627548458449,-0.5381382351970498,0.26623257679518353,0.24198831185855807,0.870295342501212,-0.6201892226844657,-1.0778621289498782,1.7994550737738635,0.7713528455785257,3.0504811096550437,3.6082724660000762,-1.4844082652246349,0.6854500666640281,0.4421885641408914,0.8222948115649081,-0.6451239966845644,1.7211229331292395,0.9026709338484401,0.9436409819008672,2,0
0.33938471734590087,2,2,-0.8904793907778153,-0.8880821348855039,2,1.1697805251007627,0,-0.9787745141326066,0.3796721288811475,-0.06744076383703446,7,-0.6608531809232983,0,1.1580427768251147,1.7284237475253719,-0.34606361999125584,-0.5381382351970498,0.26623257679518353,1.4159910129545328,-0.41974615540821786,1.707499689688721,0.33809616377248186,-0.3287530249895065,-0.06443733845127728,-0.37234031447388954,-0.31492318860059826,-1.4844082652246349,-0.9381859261942963,-0.4421885641408914,0.8222948115649081,-0.6451239966845644,-0.5810160220117815,-1.1078234188139944,-0.10962571771513507,2,0
0.5580067745319104,2,1,-1.013529278392347,1.0633091032037203,1,-0.6605306743650393,0,1.432344783164646,0.3796721288811475,-0.9686946078410421,2,-1.5679065665042957,0,0.8681068267811928,0.12692175643662515,-0.9853517398620016,0.47087095579741883,-0.6589728319256667,0.24198831185855807,-0.41974615540821786,1.707499689688721,0.33809616377248186,-0.3287530249895065,-0.6216307944711459,-0.37234031447388954,-0.5951514496435035,-0.6708064196317143,-0.6214529465965054,-0.4421885641408914,0.8222948115649081,-0.6451239966845644,-0.5810160220117815,-1.1078234188139944,0.9436409819008672,3,0
0.01145163156688656,2,1,0.09391971013843849,1.0633091032037203,1,0.2546249253678617,1,-0.8311549653184892,0.3796721288811475,-0.06744076383703446,4,-0.6608531809232983,2,0.9570692389856535,-0.2734537413355615,-1.1451737698296882,-0.5381382351970498,1.1914379855160337,-0.9320143892374165,0.870295342501212,-0.6201892226844657,-1.0778621289498782,-0.9835862861474665,-1.1788242504910145,-0.6835058984856107,-0.875379710686409,-0.6708064196317143,0.9723312159163403,-1.3265656924226743,-1.216108852854004,-0.6451239966845644,1.7211229331292395,-1.1078234188139944,0.9436409819008672,3,0
0.8859398603109246,2,1,0.9552689234401607,0.0876134841591082,1,-1.5756862740979403,1,-0.3390898026047641,-1.0261667362455194,1.7350669241709809,6,-0.6608531809232983,2,-1.4009265777069893,-0.2734537413355615,0.6128685598148629,-1.5471474261915186,0.26623257679518353,0.24198831185855807,-0.5487503051991608,0.1557070814399298,0.33809616377248186,-0.9835862861474665,-0.9002275224810803,-0.37234031447388954,-0.875379710686409,0.1427954259612064,-0.30320207732013077,0.4421885641408914,0.8222948115649081,-0.6451239966845644,-0.5810160220117815,-1.1078234188139944,-0.10962571771513507,3,0
0.33938471734590087,2,1,-0.8904793907778153,0.0876134841591082,3,-0.6605306743650393,0,0.5958340065513135,-1.0261667362455194,-0.06744076383703446,2,0.24620020465769926,1,-0.12326893260311425,1.3280482497531851,-0.4259746349750991,1.4798801467918874,-0.6589728319256667,0.24198831185855807,1.1283036420830979,0.1557070814399298,0.33809616377248186,-0.9835862861474665,-1.1788242504910145,-0.6835058984856107,-1.1556079717293142,-0.6708064196317143,1.547105440873354,-0.4421885641408914,-1.216108852854004,-0.6451239966845644,-0.5810160220117815,0.9026709338484401,-0.10962571771513507,3,0
1.8697391176479676,2,1,-0.5213297279342202,-0.8880821348855039,3,-1.5756862740979403,1,0.9894861367222936,0.3796721288811475,2.6363207681749885,5,-1.5679065665042957,1,-0.8157141220681667,0.5272972542088118,1.1722456647017656,-1.5471474261915186,0.26623257679518353,0.24198831185855807,1.6443202412468698,0.9316033855643254,-1.0778621289498782,-0.49246134027899646,-0.6216307944711459,-0.37234031447388954,-0.5951514496435035,-1.4844082652246349,0.0580556661827809,-1.3265656924226743,-1.216108852854004,-0.6451239966845644,-0.5810160220117815,-1.1078234188139944,-1.1628924173311372,3,0
-0.3164814542121277,0,2,-0.6443796155487519,1.0633091032037203,2,0.2546249253678617,0,0.3005949089230785,0.3796721288811475,-0.06744076383703446,7,0.24620020465769926,1,-0.2210854237473555,2.529174743069745,0.0534914549279603,0.47087095579741883,-1.584178240646517,0.24198831185855807,-0.6777544549901038,0.1557070814399298,0.33809616377248186,-0.6561696555684865,-0.6216307944711459,-0.37234031447388954,-0.5951514496435035,0.1427954259612064,0.2629707727915753,1.3265656924226743,0.8222948115649081,1.5500896031448563,1.7211229331292395,0.9026709338484401,-1.1628924173311372,1,0
-0.6444145399911421,2,1,-0.2752299527051567,-0.8880821348855039,3,-0.6605306743650393,0,-1.7168722582031943,0.3796721288811475,-0.06744076383703446,4,-1.5679065665042957,1,-1.4274888145263307,-0.6738292391077482,-1.1451737698296882,-0.5381382351970498,-0.6589728319256667,0.24198831185855807,0.22527459354649704,1.707499689688721,-2.4938204216722384,0.9809134973264135,1.6071430296083287,0.24999085354955286,2.2071311607855497,-1.4844082652246349,-1.7097798461409914,-1.3265656924226743,-1.216108852854004,-0.6451239966845644,1.7211229331292395,-1.1078234188139944,0.9436409819008672,3,0
0.6673178031249152,1,1,1.4474684738982875,0.0876134841591082,3,1.1697805251007627,1,-0.2406767700620191,0.3796721288811475,-0.9686946078410421,2,1.1532535902386967,1,0.12998583326171723,1.7284237475253719,-0.9054407248781584,1.4798801467918874,-1.584178240646517,0.24198831185855807,-0.41974615540821786,-1.3960855268088614,0.33809616377248186,-0.6561696555684865,-0.6216307944711459,-0.37234031447388954,-0.5951514496435035,1.7699991171470477,0.10814602557604176,-1.3265656924226743,-1.216108852854004,-0.6451239966845644,-0.5810160220117815,-1.1078234188139944,0.9436409819008672,4,0
0.6673178031249152,2,1,-0.15218006509062498,1.0633091032037203,4,0.2546249253678617,0,0.3990079414658235,0.3796721288811475,-0.06744076383703446,0,0.24620020465769926,0,-1.698592279206275,0.5272972542088118,-0.9853517398620016,0.47087095579741883,1.1914379855160337,-0.9320143892374165,-0.41974615540821786,0.1557070814399298,0.33809616377248186,-0.3287530249895065,-0.6216307944711459,-0.6835058984856107,-0.5951514496435035,-0.6708064196317143,-0.9614602345992458,0.4421885641408914,0.8222948115649081,-0.6451239966845644,-0.5810160220117815,0.9026709338484401,-0.10962571771513507,2,0
-1.3002807115491706,2,2,-0.6443796155487519,-0.8880821348855039,1,-0.6605306743650393,0,1.6291708482501361,-1.0261667362455194,-0.06744076383703446,7,1.1532535902386967,2,-0.3124370318562015,-0.6738292391077482,-1.2250847848135313,-1.5471474261915186,-0.6589728319256667,-0.9320143892374165,-0.8067586047810468,0.1557070814399298,0.33809616377248186,-0.3287530249895065,-0.06443733845127728,-0.37234031447388954,-0.31492318860059826,0.1427954259612064,-0.37656674511834115,0.4421885641408914,0.8222948115649081,1.5500896031448563,1.7211229331292395,0.9026709338484401,-0.10962571771513507,1,0
0.01145163156688656,0,1,1.9396680243564146,2.0390047222483325,3,-0.6605306743650393,0,0.3005949089230785,0.3796721288811475,-0.06744076383703446,6,0.24620020465769926,1,1.3425730252049835,0.12692175643662515,0.6927795747987061,0.47087095579741883,-1.584178240646517,1.4159910129545328,0.483282893128383,-0.6201892226844657,0.33809616377248186,0.9809134973264135,1.885739757618263,2.4281499416316015,0.8059898555710231,1.7699991171470477,0.772981704795686,1.3265656924226743,0.8222948115649081,1.5500896031448563,-0.5810160220117815,0.9026709338484401,0.9436409819008672,3,0
-0.6444145399911421,2,1,-1.013529278392347,-0.8880821348855039,1,1.1697805251007627,1,1.5799643319787637,-1.0261667362455194,-0.9686946078410421,2,-1.5679065665042957,1,0.2642024267139448,-0.6738292391077482,0.0534914549279603,-0.5381382351970498,0.26623257679518353,0.24198831185855807,-0.9357627545719898,0.1557070814399298,0.33809616377248186,-0.49246134027899646,-0.6216307944711459,0.24999085354955286,-0.5951514496435035,-0.6708064196317143,0.717325749914285,1.3265656924226743,0.8222948115649081,1.5500896031448563,1.7211229331292395,0.9026709338484401,-1.1628924173311372,2,0
0.23007368875289608,1,1,-1.013529278392347,-1.863777753930116,1,-0.6605306743650393,1,-0.6835354165043717,0.3796721288811475,2.6363207681749885,3,0.24620020465769926,0,-0.8573142389915798,-0.6738292391077482,-0.2661526050074126,0.47087095579741883,0.26623257679518353,0.24198831185855807,1.257307791874041,0.1557070814399298,0.33809616377248186,2.2905800196423334,1.04994957358846,-0.37234031447388954,0.5257615945281178,-0.6708064196317143,-0.16102641075946106,-0.4421885641408914,-1.216108852854004,-0.6451239966845644,-0.5810160220117815,-1.1078234188139944,-1.1628924173311372,3,0
2.088361174833977,1,2,-0.39827984031968844,0.0876134841591082,1,0.2546249253678617,0,0.9894861367222936,1.7855109940078144,1.7350669241709809,7,-1.5679065665042957,1,0.5541383767578667,2.529174743069745,-0.9054407248781584,-1.5471474261915186,1.1914379855160337,2.5899937140505074,3.1923700387381855,-2.171981830933257,-1.0778621289498782,-0.001336394410526465,0.7713528455785257,1.4946531895964377,0.8059898555710231,-0.6708064196317143,-1.547871613758734,0.4421885641408914,0.8222948115649081,-0.6451239966845644,-0.5810160220117815,0.9026709338484401,0.9436409819008672,3,0
-0.7537255685841467,2,2,0.340019485367502,0.0876134841591082,5,-0.6605306743650393,0,0.841866587908176,0.3796721288811475,-0.06744076383703446,7,0.24620020465769926,2,0.7371226748466628,-1.0742047368799348,0.5329575448310196,-1.5471474261915186,-0.6589728319256667,-0.9320143892374165,-0.6777544549901038,2.4833959938131165,0.33809616377248186,-0.3287530249895065,-0.06443733845127728,0.5611564375612741,-0.03469492755769292,-0.6708064196317143,1.2946297910022713,-0.4421885641408914,0.8222948115649081,-0.6451239966845644,-0.5810160220117815,0.9026709338484401,-1.1628924173311372,3,0
0.4486957459389056,2,2,-1.013529278392347,0.0876134841591082,2,-0.6605306743650393,1,-0.8311549653184892,1.7855109940078144,0.8338130801669732,7,-1.5679065665042957,1,0.7382470023310794,-0.6738292391077482,-0.6657076799266287,-0.5381382351970498,0.26623257679518353,0.24198831185855807,-0.1617378558263319,-0.6201892226844657,0.33809616377248186,0.48978855145794353,0.7713528455785257,-0.6835058984856107,0.8059898555710231,-2.2980101108175557,-1.3303074264950758,0.4421885641408914,0.8222948115649081,-0.6451239966845644,-0.5810160220117815,0.9026709338484401,0.9436409819008672,3,0
-0.9723476257701563,2,1,0.9552689234401607,-0.8880821348855039,3,0.2546249253678617,1,0.645040522822686,0.3796721288811475,-0.06744076383703446,2,-1.5679065665042957,0,-0.10935537998345925,-0.6738292391077482,1.1722456647017656,-0.5381382351970498,1.1914379855160337,0.24198831185855807,-0.1617378558263319,-0.6201892226844657,0.33809616377248186,0.48978855145794353,-1.1788242504910145,-0.37234031447388954,1.0862181166139284,-0.6708064196317143,-0.4433538909760223,-0.4421885641408914,-1.216108852854004,-0.6451239966845644,-0.5810160220117815,0.9026709338484401,1.9969076815168694,3,0
-1.3002807115491706,2,1,-0.7674295031632836,0.0876134841591082,3,-1.5756862740979403,1,1.235518718079156,0.3796721288811475,-0.9686946078410421,2,-1.5679065665042957,1,-0.69105431223348,0.9276727519809984,-0.5857966649427855,-0.5381382351970498,0.26623257679518353,0.24198831185855807,-0.6777544549901038,1.707499689688721,0.33809616377248186,-0.8198779708579764,-0.6216307944711459,-0.6835058984856107,-0.5951514496435035,-0.6708064196317143,1.4590678395155015,-0.4421885641408914,0.8222948115649081,-0.6451239966845644,-0.5810160220117815,0.9026709338484401,-0.10962571771513507,3,1
1.651117060461958,2,1,-0.7674295031632836,0.0876134841591082,3,1.1697805251007627,1,-1.3232201280322142,-1.0261667362455194,0.8338130801669732,4,0.24620020465769926,1,0.7442902625598184,-0.2734537413355615,-0.2661526050074126,0.47087095579741883,0.26623257679518353,-0.9320143892374165,2.160336840410642,0.9316033855643254,0.33809616377248186,-0.3287530249895065,-0.06443733845127728,-0.6835058984856107,-0.03469492755769292,-0.6708064196317143,-0.4600506774404426,-1.3265656924226743,-1.216108852854004,-0.6451239966845644,-0.5810160220117815,-1.1078234188139944,0.9436409819008672,2,0
0.8859398603109246,2,1,0.09391971013843849,-0.8880821348855039,1,-1.5756862740979403,1,0.15297536010896096,0.3796721288811475,-0.9686946078410421,6,1.1532535902386967,1,-0.6546542099254937,0.12692175643662515,1.0923346497179223,1.4798801467918874,1.1914379855160337,1.4159910129545328,-0.41974615540821786,0.1557070814399298,-1.0778621289498782,-0.8198779708579764,-0.6216307944711459,-0.6835058984856107,-0.5951514496435035,1.7699991171470477,1.0967981695602007,-1.3265656924226743,-1.216108852854004,-0.6451239966845644,-0.5810160220117815,-1.1078234188139944,-0.10962571771513507,4,0
1.651117060461958,2,1,-0.6443796155487519,-0.8880821348855039,1,1.1697805251007627,0,-1.7660787744745667,0.3796721288811475,1.7350669241709809,3,1.1532535902386967,1,-0.5625998971388874,-0.2734537413355615,-0.10633057503972616,-0.5381382351970498,1.1914379855160337,-0.9320143892374165,2.5473492897834706,-0.6201892226844657,-2.4938204216722384,-0.3287530249895065,-0.6216307944711459,-0.37234031447388954,-0.03469492755769292,0.1427954259612064,-1.4269464026982357,-0.4421885641408914,-1.216108852854004,-0.6451239966845644,-0.5810160220117815,0.9026709338484401,-1.1628924173311372,2,0
0.5580067745319104,1,1,2.4318675748145413,-0.8880821348855039,1,-1.5756862740979403,0,1.2847252343505287,0.3796721288811475,-0.06744076383703446,6,0.24620020465769926,0,-0.1941015641213579,-0.2734537413355615,0.8526016047663926,-1.5471474261915186,-0.6589728319256667,0.24198831185855807,0.999299492292155,0.1557070814399298,0.33809616377248186,-0.3287530249895065,-0.06443733845127728,-0.6835058984856107,-0.5951514496435035,1.7699991171470477,0.5619950394725569,-0.4421885641408914,-1.216108852854004,-0.6451239966845644,1.7211229331292395,0.9026709338484401,0.9436409819008672,3,0
-0.7537255685841467,2,1,-0.8904793907778153,0.0876134841591082,1,0.2546249253678617,0,-1.1263940629467242,-2.432005601372186,-0.06744076383703446,4,1.1532535902386967,2,1.4728544724617532,-0.2734537413355615,0.13340246991180352,1.4798801467918874,0.26623257679518353,-0.9320143892374165,-0.032733706035388915,-0.6201892226844657,0.33809616377248186,-0.3287530249895065,-0.06443733845127728,-0.6835058984856107,-0.5951514496435035,0.956397271554127,-1.1188147979457521,-1.3265656924226743,-1.216108852854004,-0.6451239966845644,-0.5810160220117815,-1.1078234188139944,-0.10962571771513507,2,0
2.525605289205996,2,1,-0.2752299527051567,0.0876134841591082,1,-1.5756862740979403,0,-1.2248070954894692,0.3796721288811475,2.6363207681749885,3,-1.5679065665042957,1,-1.469932177063056,0.9276727519809984,-0.5058856499589423,-1.5471474261915186,1.1914379855160337,-0.9320143892374165,2.805357589365357,1.707499689688721,-2.4938204216722384,3.600246541958253,1.04994957358846,2.7393155256433226,1.646674638699739,-2.2980101108175557,1.5612724112068015,1.3265656924226743,0.8222948115649081,-0.6451239966845644,1.7211229331292395,0.9026709338484401,0.9436409819008672,2,0
0.9952508889039294,2,1,1.0783188110546924,0.0876134841591082,3,0.2546249253678617,0,1.038692652993666,0.3796721288811475,-0.06744076383703446,4,0.24620020465769926,0,1.6866172354364528,-0.2734537413355615,-0.10633057503972616,0.47087095579741883,0.26623257679518353,0.24198831185855807,0.999299492292155,1.707499689688721,-1.0778621289498782,0.48978855145794353,0.7713528455785257,-0.6835058984856107,1.0862181166139284,0.956397271554127,0.6014601711157321,-1.3265656924226743,-1.216108852854004,-0.6451239966845644,-0.5810160220117815,-1.1078234188139944,-0.10962571771513507,3,0
0.5580067745319104,1,1,2.3088176872000097,1.0633091032037203,5,1.1697805251007627,0,1.0878991692650386,-1.0261667362455194,-0.06744076383703446,0,1.1532535902386967,1,-1.3951643993493545,-1.0742047368799348,-1.2250847848135313,-1.5471474261915186,1.1914379855160337,2.5899937140505074,-0.5487503051991608,0.9316033855643254,1.754054456494842,-0.16504470970001647,0.21415938955865704,-0.6835058984856107,-0.03469492755769292,1.7699991171470477,-0.3836502302850649,0.4421885641408914,-1.216108852854004,-0.6451239966845644,-0.5810160220117815,0.9026709338484401,0.9436409819008672,3,0
-1.4095917401421754,2,2,-1.013529278392347,-1.863777753930116,5,-1.5756862740979403,0,-0.19147025379064658,0.3796721288811475,-0.9686946078410421,8,-0.6608531809232983,2,1.0763884932693615,-0.6738292391077482,-0.18624159002356938,0.47087095579741883,-0.6589728319256667,-0.9320143892374165,-0.6777544549901038,0.9316033855643254,0.33809616377248186,-0.3287530249895065,-0.3430340664612116,-0.37234031447388954,-0.03469492755769292,-1.4844082652246349,-0.7524974221808949,-1.3265656924226743,0.8222948115649081,-0.6451239966845644,-0.5810160220117815,-1.1078234188139944,0.9436409819008672,4,1
-0.3164814542121277,1,2,-0.39827984031968844,-0.8880821348855039,2,1.1697805251007627,0,-1.6184592256604493,-2.432005601372186,-0.9686946078410421,8,0.24620020465769926,0,-0.2895288593612139,-1.0742047368799348,0.37313551486333324,0.47087095579741883,1.1914379855160337,0.24198831185855807,-1.0647669043629329,0.1557070814399298,-1.0778621289498782,-0.8198779708579764,-0.6216307944711459,-0.37234031447388954,-1.1556079717293142,0.1427954259612064,-2.0680018102867357,-0.4421885641408914,-1.216108852854004,-0.6451239966845644,-0.5810160220117815,-1.1078234188139944,-0.10962571771513507,3,1
0.12076266015989133,1,1,-0.8904793907778153,-0.8880821348855039,1,1.1697805251007627,1,-1.1756005792180968,0.3796721288811475,-0.9686946078410421,2,1.1532535902386967,1,-0.31018837688736833,-0.6738292391077482,-1.0652627548458449,1.4798801467918874,0.26623257679518353,0.24198831185855807,-1.3227752039448188,0.1557070814399298,0.33809616377248186,-0.9835862861474665,-1.1788242504910145,-0.6835058984856107,-1.1556079717293142,0.956397271554127,-1.1613157089460948,-0.4421885641408914,-1.216108852854004,-0.6451239966845644,-0.5810160220117815,-1.1078234188139944,-0.10962571771513507,2,0
0.33938471734590087,2,2,-0.8904793907778153,1.0633091032037203,1,0.2546249253678617,0,0.645040522822686,0.3796721288811475,2.6363207681749885,3,0.24620020465769926,1,-0.18145287992167153,-1.0742047368799348,2.290999874475571,0.47087095579741883,1.1914379855160337,-0.9320143892374165,1.257307791874041,-0.6201892226844657,0.33809616377248186,2.1268717043528436,3.000126669658,-0.37234031447388954,2.2071311607855497,0.956397271554127,1.137275227655765,1.3265656924226743,0.8222948115649081,1.5500896031448563,1.7211229331292395,0.9026709338484401,-0.10962571771513507,2,0
-1.1909696829561658,2,1,1.6935682491273512,0.0876134841591082,1,-1.5756862740979403,0,1.1863122018077836,0.3796721288811475,-0.9686946078410421,6,1.1532535902386967,0,-1.5854568260868582,-0.6738292391077482,-0.2661526050074126,1.4798801467918874,-0.6589728319256667,1.4159910129545328,-1.0647669043629329,0.1557070814399298,-2.4938204216722384,-0.6561696555684865,-0.6216307944711459,-0.6835058984856107,-0.5951514496435035,1.7699991171470477,0.259934993434408,-1.3265656924226743,-1.216108852854004,-0.6451239966845644,-0.5810160220117815,0.9026709338484401,-0.10962571771513507,3,0
2.4162942606129914,0,1,-1.013529278392347,1.0633091032037203,1,0.2546249253678617,1,-0.6343289002329991,0.3796721288811475,-0.06744076383703446,0,1.1532535902386967,1,0.34023507284761506,-0.2734537413355615,2.131177844507884,0.47087095579741883,0.26623257679518353,0.24198831185855807,0.22527459354649704,0.1557070814399298,-2.4938204216722384,-0.16504470970001647,-0.06443733845127728,-0.061174730462168335,-0.31492318860059826,0.956397271554127,-0.1519190726879591,1.3265656924226743,0.8222948115649081,1.5500896031448563,1.7211229331292395,0.9026709338484401,-0.10962571771513507,2,1
-0.8630365971771515,2,1,-0.7674295031632836,1.0633091032037203,3,-0.6605306743650393,1,1.333931750621901,-1.0261667362455194,0.8338130801669732,5,0.24620020465769926,1,1.013707236013138,-0.6738292391077482,2.051266829524041,0.47087095579741883,0.26623257679518353,-0.9320143892374165,-0.1617378558263319,-0.6201892226844657,0.33809616377248186,0.48978855145794353,-0.6216307944711459,-0.6835058984856107,0.8059898555710231,0.1427954259612064,-0.40844242836859807,-0.4421885641408914,-1.216108852854004,-0.6451239966845644,-0.5810160220117815,-1.1078234188139944,-1.1628924173311372,3,0
-0.8630365971771515,2,1,1.9396680243564146,2.0390047222483325,5,0.2546249253678617,0,0.251388392651706,-1.0261667362455194,-0.9686946078410421,6,-0.6608531809232983,1,0.5603221779221578,0.9276727519809984,-0.5857966649427855,0.47087095579741883,-0.6589728319256667,-0.9320143892374165,-0.6777544549901038,-0.6201892226844657,1.754054456494842,-0.8198779708579764,-0.6216307944711459,-0.37234031447388954,-0.875379710686409,-2.2980101108175557,0.10308639331409622,-1.3265656924226743,-1.216108852854004,-0.6451239966845644,-0.5810160220117815,-1.1078234188139944,-0.10962571771513507,4,1
-1.956146883107199,2,0,-0.8904793907778153,-0.8880821348855039,5,-1.5756862740979403,1,-0.6835354165043717,-1.0261667362455194,-0.9686946078410421,1,1.1532535902386967,2,0.5795762860927915,-0.6738292391077482,-0.9054407248781584,-0.5381382351970498,0.26623257679518353,-0.9320143892374165,-1.3227752039448188,0.1557070814399298,1.754054456494842,-0.9835862861474665,-1.1788242504910145,-0.6835058984856107,-1.1556079717293142,0.1427954259612064,0.2589230669820189,0.4421885641408914,0.8222948115649081,1.5500896031448563,-0.5810160220117815,0.9026709338484401,-1.1628924173311372,2,1
-0.7537255685841467,0,2,1.5705183615128193,1.0633091032037203,4,0.2546249253678617,0,0.15297536010896096,0.3796721288811475,0.8338130801669732,7,-1.5679065665042957,1,-1.6054136389352522,-1.0742047368799348,0.5329575448310196,-1.5471474261915186,0.26623257679518353,-0.9320143892374165,-0.1617378558263319,0.1557070814399298,0.33809616377248186,0.32608023616845355,1.04994957358846,1.4946531895964377,1.0862181166139284,0.1427954259612064,-1.2331624870657214,-0.4421885641408914,-1.216108852854004,-0.6451239966845644,-0.5810160220117815,0.9026709338484401,1.9969076815168694,4,0
2.1976722034269818,2,2,2.4318675748145413,0.0876134841591082,2,-1.5756862740979403,1,-0.4867093514188816,-1.0261667362455194,1.7350669241709809,3,1.1532535902386967,0,1.0946588148911307,0.12692175643662515,-0.5857966649427855,-0.5381382351970498,0.26623257679518353,0.24198831185855807,2.6763534395744135,0.1557070814399298,-1.0778621289498782,-0.9835862861474665,-1.1788242504910145,-0.6835058984856107,-1.1556079717293142,1.7699991171470477,-0.8860717138962573,-1.3265656924226743,-1.216108852854004,-0.6451239966845644,-0.5810160220117815,-1.1078234188139944,-0.10962571771513507,3,0
1.4324950032759485,2,1,2.4318675748145413,1.0633091032037203,1,-0.6605306743650393,1,1.0878991692650386,-1.0261667362455194,1.7350669241709809,3,0.24620020465769926,1,-0.7025786689487499,-1.0742047368799348,-0.34606361999125584,0.47087095579741883,-0.6589728319256667,0.24198831185855807,2.160336840410642,-0.6201892226844657,0.33809616377248186,3.2728299113792736,1.6071430296083287,3.9839778616902075,0.8059898555710231,1.7699991171470477,0.07475245264720119,1.3265656924226743,0.8222948115649081,1.5500896031448563,-0.5810160220117815,0.9026709338484401,0.9436409819008672,3,0
-0.7537255685841467,0,1,-0.8904793907778153,0.0876134841591082,3,0.2546249253678617,0,-0.8311549653184892,0.3796721288811475,-0.9686946078410421,2,1.1532535902386967,2,-1.0023524844813168,-1.0742047368799348,-0.4259746349750991,-0.5381382351970498,0.26623257679518353,-0.9320143892374165,0.09627044375555406,-0.6201892226844657,-1.0778621289498782,0.6534968667474336,0.7713528455785257,1.1834876055847166,0.8059898555710231,0.956397271554127,-0.7454139370141711,0.4421885641408914,0.8222948115649081,1.5500896031448563,-0.5810160220117815,0.9026709338484401,-1.1628924173311372,2,0
2.525605289205996,1,2,2.3088176872000097,0.0876134841591082,2,0.2546249253678617,0,0.6942470390940585,-1.0261667362455194,0.8338130801669732,7,-1.5679065665042957,1,-1.6117379810350954,0.5272972542088118,-0.4259746349750991,1.4798801467918874,1.1914379855160337,-0.9320143892374165,1.3863119416649838,1.707499689688721,1.754054456494842,1.7994550737738635,2.442933213638131,3.361646693666765,1.9269028997426445,0.956397271554127,0.40565240257843965,1.3265656924226743,0.8222948115649081,-0.6451239966845644,-0.5810160220117815,0.9026709338484401,0.9436409819008672,3,0
1.104561917496934,2,1,-0.8904793907778153,-0.8880821348855039,3,-1.5756862740979403,0,-0.043850704976529056,0.3796721288811475,-0.06744076383703446,4,1.1532535902386967,0,-0.973119969886486,0.9276727519809984,-0.2661526050074126,-1.5471474261915186,0.26623257679518353,2.5899937140505074,1.1283036420830979,-0.6201892226844657,0.33809616377248186,-0.3287530249895065,-1.1788242504910145,-0.6835058984856107,-0.03469492755769292,-0.6708064196317143,-2.05737658253665,-1.3265656924226743,-1.216108852854004,-0.6451239966845644,-0.5810160220117815,-1.1078234188139944,-1.1628924173311372,2,0
0.9952508889039294,2,1,-0.8904793907778153,0.0876134841591082,1,-1.5756862740979403,1,-0.7327419327757442,0.3796721288811475,1.7350669241709809,5,0.24620020465769926,1,-1.6900192821375988,1.3280482497531851,-0.745618694910472,-0.5381382351970498,0.26623257679518353,-0.9320143892374165,1.9023285408287558,-0.6201892226844657,-2.4938204216722384,-0.6561696555684865,-0.6216307944711459,-0.6835058984856107,-0.875379710686409,0.1427954259612064,-0.8162487886814087,-0.4421885641408914,0.8222948115649081,-0.6451239966845644,-0.5810160220117815,-1.1078234188139944,-0.10962571771513507,2,0
-0.20717042561912297,2,1,1.5705183615128193,0.0876134841591082,1,1.1697805251007627,1,-0.9787745141326066,-2.432005601372186,-0.9686946078410421,2,0.24620020465769926,2,0.6903225433078233,-1.0742047368799348,-1.2250847848135313,0.47087095579741883,0.26623257679518353,-0.9320143892374165,-0.6777544549901038,-0.6201892226844657,0.33809616377248186,-0.3287530249895065,-0.06443733845127728,0.5611564375612741,-0.31492318860059826,0.956397271554127,-0.6224648730488945,1.3265656924226743,0.8222948115649081,1.5500896031448563,1.7211229331292395,0.9026709338484401,-1.1628924173311372,1,0
1.8697391176479676,2,1,-0.15218006509062498,1.0633091032037203,1,0.2546249253678617,0,-1.1756005792180968,0.3796721288811475,-0.06744076383703446,2,0.24620020465769926,2,1.2810160954331766,1.7284237475253719,-1.2250847848135313,-1.5471474261915186,0.26623257679518353,-0.9320143892374165,0.999299492292155,0.1557070814399298,0.33809616377248186,-0.9835862861474665,-1.1788242504910145,-0.6835058984856107,-1.1556079717293142,0.1427954259612064,0.7117601544261449,-0.4421885641408914,0.8222948115649081,-0.6451239966845644,1.7211229331292395,-1.1078234188139944,-1.1628924173311372,5,0
-0.3164814542121277,2,1,-0.8904793907778153,1.0633091032037203,1,1.1697805251007627,1,-0.19147025379064658,-1.0261667362455194,-0.9686946078410421,6,0.24620020465769926,0,-0.8287844290745093,0.12692175643662515,-0.026419560055882932,-0.5381382351970498,0.26623257679518353,0.24198831185855807,0.35427874333744,0.1557070814399298,0.33809616377248186,-0.001336394410526465,-0.3430340664612116,0.8723220215729953,0.8059898555710231,-0.6708064196317143,1.1286738528104576,0.4421885641408914,0.8222948115649081,-0.6451239966845644,-0.5810160220117815,0.9026709338484401,-1.1628924173311372,2,0
0.9952508889039294,2,2,0.09391971013843849,0.0876134841591082,2,0.2546249253678617,0,1.3831382668932737,-1.0261667362455194,0.8338130801669732,7,1.1532535902386967,1,-0.38650210489214276,-0.2734537413355615,-1.2250847848135313,1.4798801467918874,0.26623257679518353,0.24198831185855807,0.483282893128383,0.1557070814399298,0.33809616377248186,-0.6561696555684865,-0.6216307944711459,-0.37234031447388954,-0.5951514496435035,0.1427954259612064,-0.5126708529646762,0.4421885641408914,0.8222948115649081,-0.6451239966845644,1.7211229331292395,0.9026709338484401,0.9436409819008672,2,0
-0.6444145399911421,2,1,-0.02913017747609325,-1.863777753930116,1,0.2546249253678617,1,-1.6184592256604493,0.3796721288811475,0.8338130801669732,4,-0.6608531809232983,0,0.011369283655769518,-0.6738292391077482,-0.9054407248781584,1.4798801467918874,1.1914379855160337,0.24198831185855807,0.22527459354649704,2.4833959938131165,1.754054456494842,0.9809134973264135,1.04994957358846,-0.6835058984856107,1.0862181166139284,0.1427954259612064,-0.13269247009256604,-1.3265656924226743,-1.216108852854004,-0.6451239966845644,-0.5810160220117815,-1.1078234188139944,0.9436409819008672,3,0
-0.4257924828051325,2,1,0.7091691482110972,-1.863777753930116,3,-0.6605306743650393,1,-0.4867093514188816,0.3796721288811475,0.8338130801669732,3,0.24620020465769926,1,1.4484003496756928,1.7284237475253719,-0.9054407248781584,-0.5381382351970498,1.1914379855160337,-0.9320143892374165,0.483282893128383,-0.6201892226844657,1.754054456494842,-0.001336394410526465,0.4927561175685914,1.4946531895964377,0.8059898555710231,0.956397271554127,-0.34873876767764067,0.4421885641408914,0.8222948115649081,-0.6451239966845644,-0.5810160220117815,0.9026709338484401,-0.10962571771513507,2,1
-0.4257924828051325,2,1,0.09391971013843849,-1.863777753930116,3,-1.5756862740979403,1,-1.3724266443035866,-2.432005601372186,-0.9686946078410421,2,1.1532535902386967,0,-1.0692499698041025,1.7284237475253719,-0.18624159002356938,-1.5471474261915186,-1.584178240646517,2.5899937140505074,-0.41974615540821786,-0.6201892226844657,0.33809616377248186,-0.49246134027899646,-0.3430340664612116,-0.37234031447388954,-0.31492318860059826,0.1427954259612064,-1.566086289901738,0.4421885641408914,0.8222948115649081,-0.6451239966845644,-0.5810160220117815,0.9026709338484401,-0.10962571771513507,2,1
-0.7537255685841467,2,2,-0.2752299527051567,-1.863777753930116,2,1.1697805251007627,1,-0.4375028351475091,0.3796721288811475,-0.9686946078410421,8,-0.6608531809232983,2,0.5740951896062607,-1.0742047368799348,1.1722456647017656,-0.5381382351970498,-1.584178240646517,-0.9320143892374165,-0.9357627545719898,0.1557070814399298,0.33809616377248186,-0.6561696555684865,-0.6216307944711459,-0.37234031447388954,-0.5951514496435035,0.1427954259612064,0.29940012507758323,-1.3265656924226743,-1.216108852854004,-0.6451239966845644,-0.5810160220117815,-1.1078234188139944,-1.1628924173311372,3,0
-0.20717042561912297,2,1,0.832219035825629,0.0876134841591082,1,1.1697805251007627,1,0.3005949089230785,0.3796721288811475,0.8338130801669732,0,0.24620020465769926,1,-0.002544268963885486,0.5272972542088118,0.6128685598148629,-0.5381382351970498,0.26623257679518353,-0.9320143892374165,-0.1617378558263319,-0.6201892226844657,0.33809616377248186,0.16237192087896354,0.7713528455785257,-0.6835058984856107,-1.1556079717293142,0.1427954259612064,-0.1670979694737957,1.3265656924226743,0.8222948115649081,1.5500896031448563,1.7211229331292395,0.9026709338484401,-0.10962571771513507,2,0
-0.6444145399911421,1,1,1.3244185862837559,0.0876134841591082,1,-1.5756862740979403,1,0.005355811294843447,0.3796721288811475,0.8338130801669732,0,0.24620020465769926,1,1.2079348089460997,0.12692175643662515,-0.8255297098943152,-0.5381382351970498,-1.584178240646517,-0.9320143892374165,0.09627044375555406,-0.6201892226844657,0.33809616377248186,-0.9835862861474665,-1.1788242504910145,-0.6835058984856107,-1.1556079717293142,0.1427954259612064,-0.41653783998771093,-1.3265656924226743,-1.216108852854004,-0.6451239966845644,-0.5810160220117815,-1.1078234188139944,-1.1628924173311372,5,1
-0.3164814542121277,1,0,1.6935682491273512,0.0876134841591082,0,-0.6605306743650393,0,-1.1263940629467242,0.3796721288811475,0.8338130801669732,1,-1.5679065665042957,0,-0.39071833295870484,2.529174743069745,-1.2250847848135313,0.47087095579741883,0.26623257679518353,2.5899937140505074,-0.032733706035388915,-0.6201892226844657,0.33809616377248186,-0.6561696555684865,-0.6216307944711459,-0.6835058984856107,-0.5951514496435035,-0.6708064196317143,-1.8484137701182992,-1.3265656924226743,-1.216108852854004,-0.6451239966845644,-0.5810160220117815,-1.1078234188139944,1.9969076815168694,3,1
0.5580067745319104,1,1,-0.5213297279342202,-0.8880821348855039,4,-0.6605306743650393,1,1.5307578157073911,0.3796721288811475,-0.9686946078410421,2,0.24620020465769926,1,-0.7101678794685616,0.5272972542088118,-0.745618694910472,0.47087095579741883,1.1914379855160337,0.24198831185855807,-0.41974615540821786,0.9316033855643254,0.33809616377248186,-0.8198779708579764,-0.6216307944711459,-0.061174730462168335,-1.1556079717293142,-0.6708064196317143,0.23868453793423675,-0.4421885641408914,-1.216108852854004,-0.6451239966845644,-0.5810160220117815,-1.1078234188139944,-0.10962571771513507,3,0
-0.0978593970261182,0,2,0.09391971013843849,1.0633091032037203,3,-0.6605306743650393,1,-1.6676657419318217,0.3796721288811475,0.8338130801669732,7,1.1532535902386967,2,0.14122910810588288,-0.6738292391077482,0.29322449987949,-0.5381382351970498,1.1914379855160337,-0.9320143892374165,-0.1617378558263319,0.1557070814399298,-1.0778621289498782,0.48978855145794353,-0.3430340664612116,2.11698435761988,0.8059898555710231,0.956397271554127,0.3074955366966961,-0.4421885641408914,0.8222948115649081,1.5500896031448563,-0.5810160220117815,-1.1078234188139944,0.9436409819008672,3,0
-1.628213797328185,1,1,-0.6443796155487519,-1.863777753930116,5,0.2546249253678617,1,1.6291708482501361,-1.0261667362455194,-0.9686946078410421,2,0.24620020465769926,2,-0.7285787420258829,0.9276727519809984,0.9325126197502358,0.47087095579741883,0.26623257679518353,-0.9320143892374165,-0.9357627545719898,0.1557070814399298,0.33809616377248186,-0.8198779708579764,-0.6216307944711459,-0.37234031447388954,-0.5951514496435035,0.1427954259612064,-0.2369208946886442,1.3265656924226743,0.8222948115649081,1.5500896031448563,1.7211229331292395,0.9026709338484401,-1.1628924173311372,1,1
1.213872946089939,2,2,-0.8904793907778153,2.0390047222483325,2,-0.6605306743650393,0,-1.4216331605749593,0.3796721288811475,-0.06744076383703446,7,1.1532535902386967,1,0.7511767684018699,-0.2734537413355615,-1.1451737698296882,0.47087095579741883,-1.584178240646517,0.24198831185855807,0.35427874333744,-0.6201892226844657,0.33809616377248186,0.32608023616845355,0.7713528455785257,1.1834876055847166,0.8059898555710231,-0.6708064196317143,-0.19037227787874522,0.4421885641408914,-1.216108852854004,-0.6451239966845644,-0.5810160220117815,0.9026709338484401,-0.10962571771513507,3,0
1.9790501462409722,2,2,1.0783188110546924,2.0390047222483325,1,-1.5756862740979403,0,0.841866587908176,0.3796721288811475,1.7350669241709809,3,-0.6608531809232983,2,-0.6240162859751422,0.12692175643662515,0.37313551486333324,1.4798801467918874,1.1914379855160337,-0.9320143892374165,3.321374188529129,-0.6201892226844657,0.33809616377248186,0.48978855145794353,1.3285463015983943,1.4946531895964377,0.8059898555710231,0.956397271554127,2.766982779228424,-1.3265656924226743,-1.216108852854004,-0.6451239966845644,-0.5810160220117815,-1.1078234188139944,0.9436409819008672,3,0
0.4486957459389056,0,2,0.09391971013843849,-0.8880821348855039,1,1.1697805251007627,1,-0.4867093514188816,0.3796721288811475,-0.06744076383703446,7,1.1532535902386967,2,-0.12411217821642667,1.7284237475253719,0.37313551486333324,0.47087095579741883,1.1914379855160337,-0.9320143892374165,0.612287042919326,0.1557070814399298,0.33809616377248186,1.1446218126159036,-0.3430340664612116,-0.37234031447388954,1.646674638699739,0.956397271554127,-0.3988291270709015,1.3265656924226743,0.8222948115649081,1.5500896031448563,-0.5810160220117815,0.9026709338484401,-0.10962571771513507,3,0
-0.20717042561912297,2,2,-1.013529278392347,0.0876134841591082,2,-0.6605306743650393,1,0.9402796204509211,0.3796721288811475,-0.06744076383703446,7,0.24620020465769926,1,0.6107763737853512,2.529174743069745,-0.9853517398620016,-1.5471474261915186,0.26623257679518353,-0.9320143892374165,0.483282893128383,-0.6201892226844657,0.33809616377248186,0.6534968667474336,1.3285463015983943,1.1834876055847166,1.3664463776568336,-0.6708064196317143,0.4344923064715292,1.3265656924226743,0.8222948115649081,1.5500896031448563,1.7211229331292395,0.9026709338484401,-0.10962571771513507,2,0
0.33938471734590087,2,1,-0.39827984031968844,0.0876134841591082,1,-0.6605306743650393,0,0.448214457737196,0.3796721288811475,1.7350669241709809,4,0.24620020465769926,2,0.8503986689016318,1.7284237475253719,1.3320676946694519,0.47087095579741883,0.26623257679518353,-0.9320143892374165,1.3863119416649838,0.1557070814399298,0.33809616377248186,2.1268717043528436,0.4927561175685914,0.8723220215729953,2.487359421828455,0.1427954259612064,0.6722950227829697,1.3265656924226743,0.8222948115649081,1.5500896031448563,1.7211229331292395,0.9026709338484401,-1.1628924173311372,1,0
-0.7537255685841467,1,1,-0.15218006509062498,-1.863777753930116,3,0.2546249253678617,1,-0.8803614815898617,0.3796721288811475,-0.06744076383703446,4,0.24620020465769926,1,0.5001706575058715,-0.6738292391077482,-0.18624159002356938,-1.5471474261915186,-1.584178240646517,0.24198831185855807,-0.032733706035388915,0.1557070814399298,0.33809616377248186,0.6534968667474336,1.04994957358846,-0.061174730462168335,-0.31492318860059826,-1.4844082652246349,-0.8106831931932686,0.4421885641408914,-1.216108852854004,-0.6451239966845644,-0.5810160220117815,-1.1078234188139944,0.9436409819008672,3,0
-0.6444145399911421,2,2,-0.8904793907778153,-1.863777753930116,1,-0.6605306743650393,1,0.5466274902799411,0.3796721288811475,-0.06744076383703446,7,1.1532535902386967,2,-0.8386222945631543,0.5272972542088118,-0.745618694910472,-0.5381382351970498,0.26623257679518353,-0.9320143892374165,-0.1617378558263319,-0.6201892226844657,1.754054456494842,-0.16504470970001647,0.21415938955865704,-0.6835058984856107,0.24553333348521242,0.1427954259612064,0.5903289801394519,-0.4421885641408914,-1.216108852854004,-0.6451239966845644,-0.5810160220117815,-1.1078234188139944,0.9436409819008672,3,0
0.5580067745319104,2,1,1.8166181367418828,0.0876134841591082,3,1.1697805251007627,1,-0.4867093514188816,0.3796721288811475,0.8338130801669732,4,-1.5679065665042957,1,-1.034817440593845,-0.6738292391077482,-0.4259746349750991,1.4798801467918874,1.1914379855160337,0.24198831185855807,-0.1617378558263319,1.707499689688721,-1.0778621289498782,0.48978855145794353,1.3285463015983943,0.8723220215729953,1.0862181166139284,0.956397271554127,0.13344418688576948,-1.3265656924226743,-1.216108852854004,-0.6451239966845644,-0.5810160220117815,-1.1078234188139944,0.9436409819008672,3,0
0.8859398603109246,2,2,-0.8904793907778153,0.0876134841591082,4,1.1697805251007627,1,-0.2406767700620191,0.3796721288811475,-0.06744076383703446,7,-0.6608531809232983,1,0.26195377174511164,-1.0742047368799348,1.5718007396209817,1.4798801467918874,-0.6589728319256667,0.24198831185855807,-0.29074200561727487,0.1557070814399298,1.754054456494842,0.16237192087896354,0.7713528455785257,0.24999085354955286,0.8059898555710231,-0.6708064196317143,0.8964367319871572,1.3265656924226743,0.8222948115649081,-0.6451239966845644,1.7211229331292395,0.9026709338484401,-0.10962571771513507,2,0
-1.1909696829561658,1,0,0.9552689234401607,1.0633091032037203,1,-0.6605306743650393,0,-0.3882963188761366,0.3796721288811475,-0.9686946078410421,1,0.24620020465769926,0,1.1938807153908928,-1.0742047368799348,-0.8255297098943152,-1.5471474261915186,-0.6589728319256667,0.24198831185855807,-0.41974615540821786,-0.6201892226844657,-1.0778621289498782,-0.001336394410526465,0.7713528455785257,-0.37234031447388954,-1.1556079717293142,-0.6708064196317143,0.787654638355328,-0.4421885641408914,-1.216108852854004,-0.6451239966845644,-0.5810160220117815,-1.1078234188139944,-0.10962571771513507,3,1
-0.8630365971771515,2,1,1.201368698669224,0.0876134841591082,5,1.1697805251007627,1,-1.5692527093890767,0.3796721288811475,-0.06744076383703446,4,1.1532535902386967,0,1.1709725428959052,0.5272972542088118,1.8115337845725112,-0.5381382351970498,-0.6589728319256667,1.4159910129545328,-0.41974615540821786,-0.6201892226844657,1.754054456494842,-0.6561696555684865,-0.6216307944711459,-0.37234031447388954,-0.5951514496435035,1.7699991171470477,-1.8276692778443226,-1.3265656924226743,-1.216108852854004,-0.6451239966845644,-0.5810160220117815,-1.1078234188139944,-1.1628924173311372,2,0
-0.4257924828051325,2,1,-1.013529278392347,2.0390047222483325,3,-1.5756862740979403,0,1.432344783164646,1.7855109940078144,1.7350669241709809,5,0.24620020465769926,0,1.1615563002139164,0.5272972542088118,1.5718007396209817,1.4798801467918874,0.26623257679518353,0.24198831185855807,-0.1617378558263319,-0.6201892226844657,0.33809616377248186,-0.16504470970001647,-0.9002275224810803,-0.6835058984856107,0.24553333348521242,0.1427954259612064,0.2963643457204159,-1.3265656924226743,-1.216108852854004,-0.6451239966845644,-0.5810160220117815,-1.1078234188139944,-0.10962571771513507,2,0
-0.6444145399911421,2,2,-0.2752299527051567,0.0876134841591082,1,0.2546249253678617,1,-1.0771875466753518,-1.0261667362455194,0.8338130801669732,3,1.1532535902386967,0,1.5428438583666844,2.529174743069745,-0.5058856499589423,1.4798801467918874,0.26623257679518353,0.24198831185855807,-0.1617378558263319,0.1557070814399298,-1.0778621289498782,-0.3287530249895065,-0.06443733845127728,-0.6835058984856107,-0.875379710686409,0.956397271554127,2.5023640119286723,-1.3265656924226743,-1.216108852854004,-0.6451239966845644,-0.5810160220117815,-1.1078234188139944,-0.10962571771513507,2,0
-2.065457911700204,1,2,-0.5213297279342202,0.0876134841591082,2,-0.6605306743650393,1,0.15297536010896096,0.3796721288811475,-0.9686946078410421,8,-0.6608531809232983,2,-0.8789575430665986,-0.6738292391077482,-0.5058856499589423,-0.5381382351970498,1.1914379855160337,-0.9320143892374165,-1.4517793537357617,0.1557070814399298,0.33809616377248186,-1.1472946014369565,-1.1788242504910145,-0.6835058984856107,-1.1556079717293142,-0.6708064196317143,-0.8435708028959147,-1.3265656924226743,-1.216108852854004,-0.6451239966845644,-0.5810160220117815,-1.1078234188139944,-1.1628924173311372,4,1
0.33938471734590087,0,2,2.3088176872000097,0.0876134841591082,4,0.2546249253678617,1,-0.3882963188761366,-2.432005601372186,0.8338130801669732,7,-1.5679065665042957,0,-0.4132048826470362,0.12692175643662515,-0.5058856499589423,0.47087095579741883,0.26623257679518353,0.24198831185855807,1.1283036420830979,-0.6201892226844657,0.33809616377248186,-0.9835862861474665,-1.1788242504910145,-0.6835058984856107,-0.875379710686409,0.956397271554127,-0.14584751397362444,-0.4421885641408914,0.8222948115649081,-0.6451239966845644,-0.5810160220117815,0.9026709338484401,-0.10962571771513507,2,0
0.4486957459389056,0,1,-0.8904793907778153,1.0633091032037203,4,-1.5756862740979403,0,-0.19147025379064658,-1.0261667362455194,-0.06744076383703446,0,0.24620020465769926,2,-1.7147544867947633,-0.2734537413355615,1.7316227695886681,-0.5381382351970498,-1.584178240646517,-0.9320143892374165,-0.1617378558263319,0.1557070814399298,0.33809616377248186,0.16237192087896354,0.7713528455785257,-0.6835058984856107,0.8059898555710231,-0.6708064196317143,2.05661040965127,0.4421885641408914,0.8222948115649081,-0.6451239966845644,1.7211229331292395,0.9026709338484401,-0.10962571771513507,2,0
-1.1909696829561658,2,2,2.4318675748145413,-0.8880821348855039,3,-1.5756862740979403,1,-1.0279810304039791,0.3796721288811475,-0.06744076383703446,7,0.24620020465769926,0,-1.411888770680051,0.9276727519809984,1.0124236347340791,-1.5471474261915186,-1.584178240646517,1.4159910129545328,-0.41974615540821786,1.707499689688721,0.33809616377248186,-1.1472946014369565,-1.1788242504910145,-0.6835058984856107,-1.1556079717293142,0.956397271554127,-0.4646043464761936,-1.3265656924226743,-1.216108852854004,-0.6451239966845644,-0.5810160220117815,-1.1078234188139944,0.9436409819008672,3,0
-0.20717042561912297,2,2,-1.013529278392347,0.0876134841591082,3,-1.5756862740979403,0,0.6942470390940585,0.3796721288811475,-0.06744076383703446,7,0.24620020465769926,2,-1.070233756352967,-0.6738292391077482,-0.5058856499589423,-0.5381382351970498,1.1914379855160337,-0.9320143892374165,-0.8067586047810468,0.1557070814399298,0.33809616377248186,-0.3287530249895065,-0.06443733845127728,-0.6835058984856107,-0.31492318860059826,-1.4844082652246349,-0.2809396953675704,0.4421885641408914,0.8222948115649081,1.5500896031448563,1.7211229331292395,0.9026709338484401,-1.1628924173311372,2,0
-0.3164814542121277,2,2,1.4474684738982875,1.0633091032037203,1,1.1697805251007627,1,0.3990079414658235,1.7855109940078144,-0.06744076383703446,7,1.1532535902386967,2,0.7881390344520645,-0.6738292391077482,-0.9054407248781584,-0.5381382351970498,1.1914379855160337,-0.9320143892374165,-0.1617378558263319,0.1557070814399298,0.33809616377248186,0.48978855145794353,0.7713528455785257,0.8723220215729953,0.8059898555710231,0.956397271554127,1.3376366652288085,1.3265656924226743,0.8222948115649081,1.5500896031448563,-0.5810160220117815,0.9026709338484401,-1.1628924173311372,1,0
-1.1909696829561658,2,1,1.8166181367418828,0.0876134841591082,5,0.2546249253678617,1,0.005355811294843447,-2.432005601372186,-0.9686946078410421,2,1.1532535902386967,2,1.2507997942894813,-0.6738292391077482,-1.0652627548458449,0.47087095579741883,-0.6589728319256667,-0.9320143892374165,-1.3227752039448188,0.1557070814399298,-2.4938204216722384,-0.9835862861474665,-1.1788242504910145,-0.6835058984856107,-1.1556079717293142,0.956397271554127,-0.5637731388103262,-1.3265656924226743,-1.216108852854004,-0.6451239966845644,-0.5810160220117815,-1.1078234188139944,0.9436409819008672,4,1
0.01145163156688656,2,1,-1.013529278392347,0.0876134841591082,5,-0.6605306743650393,0,-0.3390898026047641,0.3796721288811475,0.8338130801669732,4,1.1532535902386967,2,1.3400432883650464,0.5272972542088118,-0.9853517398620016,0.47087095579741883,1.1914379855160337,-0.9320143892374165,0.09627044375555406,0.1557070814399298,1.754054456494842,-0.16504470970001647,0.21415938955865704,-0.37234031447388954,-0.5951514496435035,0.956397271554127,0.24273224374379318,-1.3265656924226743,0.8222948115649081,-0.6451239966845644,-0.5810160220117815,-1.1078234188139944,-0.10962571771513507,2,0
0.9952508889039294,1,1,1.0783188110546924,-1.863777753930116,3,-1.5756862740979403,0,0.9894861367222936,0.3796721288811475,0.8338130801669732,0,0.24620020465769926,1,-0.7489571776809332,0.9276727519809984,0.7726905897825493,-1.5471474261915186,1.1914379855160337,-0.9320143892374165,2.160336840410642,0.1557070814399298,-1.0778621289498782,-0.8198779708579764,-0.6216307944711459,-0.37234031447388954,-0.5951514496435035,0.1427954259612064,0.2968703089466105,-0.4421885641408914,-1.216108852854004,-0.6451239966845644,-0.5810160220117815,0.9026709338484401,0.9436409819008672,3,0
0.4486957459389056,2,2,-0.8904793907778153,2.0390047222483325,1,-0.6605306743650393,0,1.235518718079156,0.3796721288811475,1.7350669241709809,3,-1.5679065665042957,1,-1.2208936392647867,1.7284237475253719,1.6517117546048248,0.47087095579741883,-0.6589728319256667,0.24198831185855807,1.3863119416649838,-0.6201892226844657,0.33809616377248186,1.7994550737738635,3.2787233976679344,2.7393155256433226,1.0862181166139284,-1.4844082652246349,-0.09828697071133635,0.4421885641408914,0.8222948115649081,-0.6451239966845644,1.7211229331292395,0.9026709338484401,0.9436409819008672,3,0
0.01145163156688656,0,2,-0.02913017747609325,1.0633091032037203,3,-1.5756862740979403,1,0.15297536010896096,0.3796721288811475,0.8338130801669732,7,-0.6608531809232983,0,1.4550057736466402,-0.6738292391077482,-0.5857966649427855,-1.5471474261915186,1.1914379855160337,0.24198831185855807,-0.29074200561727487,2.4833959938131165,0.33809616377248186,0.32608023616845355,0.21415938955865704,1.4946531895964377,0.8059898555710231,-1.4844082652246349,2.191702591045216,-0.4421885641408914,0.8222948115649081,-0.6451239966845644,-0.5810160220117815,-1.1078234188139944,0.9436409819008672,3,0
1.651117060461958,2,1,-0.39827984031968844,-0.8880821348855039,5,1.1697805251007627,1,0.5958340065513135,0.3796721288811475,-0.06744076383703446,6,-1.5679065665042957,0,1.0925507008578497,0.12692175643662515,0.37313551486333324,-0.5381382351970498,-0.6589728319256667,1.4159910129545328,0.870295342501212,0.1557070814399298,0.33809616377248186,0.48978855145794353,1.3285463015983943,1.1834876055847166,1.3664463776568336,-0.6708064196317143,0.09853272427834524,-0.4421885641408914,-1.216108852854004,-0.6451239966845644,-0.5810160220117815,-1.1078234188139944,0.9436409819008672,2,0
-0.5351035113981373,0,2,0.21696959775297023,1.0633091032037203,4,1.1697805251007627,1,-0.2898832863333916,1.7855109940078144,-0.06744076383703446,7,0.24620020465769926,1,1.349318990111483,2.1287992452975586,-0.4259746349750991,-0.5381382351970498,1.1914379855160337,-0.9320143892374165,-0.6777544549901038,-0.6201892226844657,0.33809616377248186,-0.49246134027899646,-0.6216307944711459,-0.37234031447388954,-0.5951514496435035,0.956397271554127,1.3320710697406684,1.3265656924226743,0.8222948115649081,1.5500896031448563,-0.5810160220117815,0.9026709338484401,-0.10962571771513507,2,1
-1.4095917401421754,1,2,1.8166181367418828,0.0876134841591082,3,1.1697805251007627,1,-1.3724266443035866,0.3796721288811475,-0.9686946078410421,8,1.1532535902386967,1,-1.2343855690777854,-1.0742047368799348,0.13340246991180352,-1.5471474261915186,0.26623257679518353,1.4159910129545328,-1.0647669043629329,0.1557070814399298,0.33809616377248186,-0.8198779708579764,-0.6216307944711459,-0.061174730462168335,-0.875379710686409,0.956397271554127,-1.2878065154947334,1.3265656924226743,0.8222948115649081,1.5500896031448563,1.7211229331292395,0.9026709338484401,-0.10962571771513507,2,0
0.12076266015989133,2,1,0.09391971013843849,0.0876134841591082,3,0.2546249253678617,0,0.4974209740085685,0.3796721288811475,-0.06744076383703446,0,0.24620020465769926,1,1.1047777622508799,0.12692175643662515,-1.2250847848135313,1.4798801467918874,0.26623257679518353,0.24198831185855807,0.870295342501212,0.9316033855643254,0.33809616377248186,-0.9835862861474665,-1.1788242504910145,-0.6835058984856107,-1.1556079717293142,0.1427954259612064,-0.058821839068161116,1.3265656924226743,0.8222948115649081,1.5500896031448563,1.7211229331292395,0.9026709338484401,-1.1628924173311372,1,0
0.01145163156688656,2,1,-1.013529278392347,1.0633091032037203,1,-0.6605306743650393,0,-0.043850704976529056,0.3796721288811475,-0.06744076383703446,4,-0.6608531809232983,1,0.19505628642232598,1.3280482497531851,-1.2250847848135313,-0.5381382351970498,-0.6589728319256667,0.24198831185855807,-0.41974615540821786,-0.6201892226844657,-1.0778621289498782,-0.16504470970001647,0.21415938955865704,0.5611564375612741,-0.31492318860059826,-1.4844082652246349,0.037817137134998735,-1.3265656924226743,-1.216108852854004,-0.6451239966845644,-0.5810160220117815,-1.1078234188139944,-1.1628924173311372,3,0
1.3231839746829437,2,1,1.0783188110546924,1.0633091032037203,1,1.1697805251007627,1,-0.3882963188761366,-1.0261667362455194,2.6363207681749885,5,0.24620020465769926,0,-1.7129274546325863,-0.6738292391077482,-0.5857966649427855,0.47087095579741883,0.26623257679518353,0.24198831185855807,2.5473492897834706,1.707499689688721,0.33809616377248186,3.9276631725372333,1.3285463015983943,-0.6835058984856107,1.3664463776568336,1.7699991171470477,0.7188436395928687,0.4421885641408914,0.8222948115649081,-0.6451239966845644,-0.5810160220117815,-1.1078234188139944,-0.10962571771513507,2,0
-1.4095917401421754,2,1,1.6935682491273512,0.0876134841591082,3,-0.6605306743650393,1,1.137105685536411,1.7855109940078144,-0.9686946078410421,6,1.1532535902386967,1,1.0283234933105534,-0.6738292391077482,-1.2250847848135313,-1.5471474261915186,-0.6589728319256667,1.4159910129545328,-0.6777544549901038,0.1557070814399298,0.33809616377248186,-0.16504470970001647,0.21415938955865704,-0.37234031447388954,-0.03469492755769292,0.956397271554127,1.2435275051566215,0.4421885641408914,0.8222948115649081,-0.6451239966845644,-0.5810160220117815,0.9026709338484401,0.9436409819008672,3,0
-1.1909696829561658,2,2,2.3088176872000097,-0.8880821348855039,2,-1.5756862740979403,1,0.005355811294843447,0.3796721288811475,-0.06744076383703446,7,-0.6608531809232983,1,-0.9676388733999552,-0.6738292391077482,0.4530465298471764,1.4798801467918874,1.1914379855160337,1.4159910129545328,-0.6777544549901038,1.707499689688721,1.754054456494842,-0.3287530249895065,-0.3430340664612116,-0.37234031447388954,-0.03469492755769292,1.7699991171470477,-0.9477992274919929,0.4421885641408914,-1.216108852854004,-0.6451239966845644,-0.5810160220117815,0.9026709338484401,-0.10962571771513507,3,0
-1.4095917401421754,2,1,0.9552689234401607,-0.8880821348855039,4,1.1697805251007627,1,1.3831382668932737,-1.0261667362455194,-0.9686946078410421,2,-0.6608531809232983,1,-0.7326544291568929,-0.6738292391077482,1.5718007396209817,1.4798801467918874,1.1914379855160337,0.24198831185855807,-1.3227752039448188,-0.6201892226844657,0.33809616377248186,-0.9835862861474665,-1.1788242504910145,-0.6835058984856107,-1.1556079717293142,0.956397271554127,-0.13370439654495514,1.3265656924226743,0.8222948115649081,1.5500896031448563,1.7211229331292395,0.9026709338484401,-0.10962571771513507,2,0
1.4324950032759485,1,0,-0.7674295031632836,0.0876134841591082,3,-1.5756862740979403,1,1.6291708482501361,0.3796721288811475,2.6363207681749885,3,-0.6608531809232983,1,-0.8873899991997228,-0.6738292391077482,-1.2250847848135313,-1.5471474261915186,0.26623257679518353,0.24198831185855807,2.6763534395744135,-0.6201892226844657,0.33809616377248186,4.0913714878267236,0.21415938955865704,2.4281499416316015,0.8059898555710231,-1.4844082652246349,0.10764006234984722,0.4421885641408914,0.8222948115649081,-0.6451239966845644,-0.5810160220117815,-1.1078234188139944,0.9436409819008672,2,0
-1.3002807115491706,2,2,0.4630693729820337,-1.863777753930116,3,-0.6605306743650393,1,-1.2740136117608418,0.3796721288811475,-0.9686946078410421,8,0.24620020465769926,1,1.695330773440681,-0.6738292391077482,1.4918897246371383,-1.5471474261915186,0.26623257679518353,-0.9320143892374165,-0.5487503051991608,-1.3960855268088614,0.33809616377248186,-0.001336394410526465,-0.06443733845127728,-0.6835058984856107,0.5257615945281178,-0.6708064196317143,-1.3530757716738309,0.4421885641408914,-1.216108852854004,-0.6451239966845644,-0.5810160220117815,0.9026709338484401,-0.10962571771513507,3,0
-1.4095917401421754,1,1,-0.2752299527051567,0.0876134841591082,1,-1.5756862740979403,0,-0.5359158676902541,0.3796721288811475,-0.9686946078410421,2,0.24620020465769926,1,-0.020392967778998468,-0.6738292391077482,0.7726905897825493,-0.5381382351970498,1.1914379855160337,0.24198831185855807,-0.6777544549901038,0.9316033855643254,0.33809616377248186,-0.16504470970001647,-0.3430340664612116,-0.37234031447388954,-0.5951514496435035,0.1427954259612064,-0.9619661978254404,1.3265656924226743,0.8222948115649081,-0.6451239966845644,-0.5810160220117815,0.9026709338484401,-1.1628924173311372,2,1
-0.7537255685841467,1,2,0.340019485367502,1.0633091032037203,1,-0.6605306743650393,1,0.3990079414658235,-1.0261667362455194,-0.9686946078410421,8,-1.5679065665042957,1,0.022050394757726893,-0.6738292391077482,-0.4259746349750991,0.47087095579741883,0.26623257679518353,0.24198831185855807,-1.3227752039448188,-0.6201892226844657,1.754054456494842,-0.9835862861474665,-1.1788242504910145,-0.6835058984856107,-1.1556079717293142,-0.6708064196317143,0.259934993434408,0.4421885641408914,0.8222948115649081,-0.6451239966845644,-0.5810160220117815,0.9026709338484401,-1.1628924173311372,2,1
-0.3164814542121277,2,1,-1.013529278392347,-0.8880821348855039,1,-0.6605306743650393,1,0.841866587908176,-1.0261667362455194,-0.9686946078410421,6,1.1532535902386967,1,1.1919131422931637,-0.6738292391077482,3.0901100243140025,-0.5381382351970498,1.1914379855160337,0.24198831185855807,-0.6777544549901038,0.1557070814399298,0.33809616377248186,-0.16504470970001647,0.21415938955865704,-0.37234031447388954,-0.31492318860059826,-0.6708064196317143,1.4701990304917816,1.3265656924226743,0.8222948115649081,1.5500896031448563,1.7211229331292395,0.9026709338484401,0.9436409819008672,3,0
-0.6444145399911421,2,2,0.4630693729820337,1.0633091032037203,3,-0.6605306743650393,1,-0.9787745141326066,0.3796721288811475,-0.06744076383703446,7,-1.5679065665042957,0,-0.3936696926052983,-0.2734537413355615,0.21331348489564675,0.47087095579741883,0.26623257679518353,-0.9320143892374165,-0.29074200561727487,-0.6201892226844657,-2.4938204216722384,-0.6561696555684865,-0.9002275224810803,-0.37234031447388954,-0.5951514496435035,-0.6708064196317143,1.6189522189929806,-1.3265656924226743,-1.216108852854004,-0.6451239966845644,-0.5810160220117815,-1.1078234188139944,0.9436409819008672,5,1
-0.20717042561912297,2,1,1.9396680243564146,-0.8880821348855039,4,-1.5756862740979403,1,-0.5851223839616266,-1.0261667362455194,-0.06744076383703446,2,1.1532535902386967,2,-0.04344168120953807,0.5272972542088118,0.6128685598148629,0.47087095579741883,1.1914379855160337,-0.9320143892374165,-0.29074200561727487,0.1557070814399298,0.33809616377248186,-0.6561696555684865,-0.6216307944711459,-0.6835058984856107,-0.5951514496435035,1.7699991171470477,0.32368635993492184,0.4421885641408914,0.8222948115649081,1.5500896031448563,-0.5810160220117815,0.9026709338484401,-0.10962571771513507,2,0
-0.6444145399911421,2,2,-0.39827984031968844,1.0633091032037203,3,-1.5756862740979403,1,0.005355811294843447,1.7855109940078144,-0.06744076383703446,7,1.1532535902386967,0,-1.1375528644824087,0.5272972542088118,-0.9054407248781584,1.4798801467918874,1.1914379855160337,1.4159910129545328,0.22527459354649704,0.9316033855643254,1.754054456494842,-0.001336394410526465,0.7713528455785257,0.8723220215729953,0.8059898555710231,0.956397271554127,0.24526205987476596,0.4421885641408914,0.8222948115649081,-0.6451239966845644,-0.5810160220117815,0.9026709338484401,0.9436409819008672,2,0
-1.081658654363161,2,1,-0.39827984031968844,1.0633091032037203,3,-1.5756862740979403,0,0.005355811294843447,-1.0261667362455194,-0.9686946078410421,6,0.24620020465769926,0,-1.307045232758206,-1.0742047368799348,1.4119787096532952,0.47087095579741883,0.26623257679518353,1.4159910129545328,-0.6777544549901038,1.707499689688721,-1.0778621289498782,-0.3287530249895065,-0.3430340664612116,-0.6835058984856107,-0.31492318860059826,0.1427954259612064,0.10156850363551256,1.3265656924226743,0.8222948115649081,1.5500896031448563,1.7211229331292395,0.9026709338484401,1.9969076815168694,1,0
0.01145163156688656,2,2,-0.8904793907778153,0.0876134841591082,2,1.1697805251007627,1,0.448214457737196,0.3796721288811475,-0.06744076383703446,7,0.24620020465769926,1,-1.5885487266690037,0.5272972542088118,-0.6657076799266287,-1.5471474261915186,0.26623257679518353,0.24198831185855807,0.741291192710269,0.1557070814399298,-1.0778621289498782,-0.6561696555684865,-1.1788242504910145,-0.37234031447388954,-1.1556079717293142,-0.6708064196317143,1.1858476973704422,1.3265656924226743,0.8222948115649081,1.5500896031448563,1.7211229331292395,0.9026709338484401,-0.10962571771513507,2,0
-1.8468358545141943,2,1,-1.013529278392347,0.0876134841591082,1,1.1697805251007627,0,0.841866587908176,-1.0261667362455194,-0.9686946078410421,6,-0.6608531809232983,2,-0.359237163395041,-0.6738292391077482,0.6128685598148629,-0.5381382351970498,1.1914379855160337,-0.9320143892374165,-1.3227752039448188,-2.171981830933257,1.754054456494842,-0.9835862861474665,-1.1788242504910145,-0.6835058984856107,-1.1556079717293142,-0.6708064196317143,-0.28195162181995953,0.4421885641408914,0.8222948115649081,1.5500896031448563,1.7211229331292395,0.9026709338484401,-0.10962571771513507,2,0
0.5580067745319104,2,1,-0.8904793907778153,1.0633091032037203,1,0.2546249253678617,0,0.743453555365431,0.3796721288811475,-0.06744076383703446,0,1.1532535902386967,1,-1.2079638731939961,-0.6738292391077482,-0.34606361999125584,-1.5471474261915186,-0.6589728319256667,1.4159910129545328,-0.1617378558263319,0.9316033855643254,0.33809616377248186,0.48978855145794353,-0.6216307944711459,-0.061174730462168335,-0.5951514496435035,0.1427954259612064,0.801315645462581,0.4421885641408914,0.8222948115649081,-0.6451239966845644,-0.5810160220117815,0.9026709338484401,0.9436409819008672,3,0
0.6673178031249152,2,1,-0.39827984031968844,1.0633091032037203,4,-0.6605306743650393,1,-0.7819484490471167,-1.0261667362455194,1.7350669241709809,5,1.1532535902386967,0,-1.6361921038211558,0.5272972542088118,1.8914447995563546,0.47087095579741883,0.26623257679518353,0.24198831185855807,1.257307791874041,0.1557070814399298,-1.0778621289498782,-0.9835862861474665,-1.1788242504910145,-0.6835058984856107,-1.1556079717293142,0.1427954259612064,1.0436720308097724,-1.3265656924226743,-1.216108852854004,-0.6451239966845644,-0.5810160220117815,-1.1078234188139944,-0.10962571771513507,2,0
0.12076266015989133,2,1,-1.013529278392347,-1.863777753930116,1,0.2546249253678617,0,-1.1263940629467242,0.3796721288811475,-0.9686946078410421,6,-1.5679065665042957,2,0.03483961989296533,0.12692175643662515,-1.0652627548458449,0.47087095579741883,1.1914379855160337,-0.9320143892374165,-0.41974615540821786,0.1557070814399298,-1.0778621289498782,-1.1472946014369565,-1.1788242504910145,-0.6835058984856107,-1.1556079717293142,-1.4844082652246349,-0.6745790853469336,-1.3265656924226743,0.8222948115649081,-0.6451239966845644,-0.5810160220117815,-1.1078234188139944,0.9436409819008672,2,0
0.6673178031249152,1,1,-0.02913017747609325,2.0390047222483325,3,1.1697805251007627,1,0.3005949089230785,0.3796721288811475,-0.06744076383703446,2,0.24620020465769926,0,0.7468199993997557,0.12692175643662515,-0.9054407248781584,-0.5381382351970498,-0.6589728319256667,0.24198831185855807,-0.1617378558263319,0.1557070814399298,0.33809616377248186,0.16237192087896354,0.7713528455785257,0.5611564375612741,0.8059898555710231,0.1427954259612064,1.3163862097286372,-0.4421885641408914,-1.216108852854004,-0.6451239966845644,-0.5810160220117815,-1.1078234188139944,-0.10962571771513507,2,0
1.213872946089939,2,1,-1.013529278392347,1.0633091032037203,1,1.1697805251007627,0,-1.2740136117608418,-1.0261667362455194,1.7350669241709809,3,-1.5679065665042957,1,0.5177382744498804,1.7284237475253719,-1.2250847848135313,-1.5471474261915186,-1.584178240646517,0.24198831185855807,1.257307791874041,0.1557070814399298,-2.4938204216722384,-0.6561696555684865,-0.6216307944711459,-0.6835058984856107,-0.5951514496435035,-2.2980101108175557,0.7289629041167598,-1.3265656924226743,-1.216108852854004,-0.6451239966845644,-0.5810160220117815,-1.1078234188139944,0.9436409819008672,3,0
0.7766288317179199,2,0,-1.013529278392347,1.0633091032037203,1,-1.5756862740979403,0,-0.7819484490471167,-1.0261667362455194,-0.06744076383703446,1,0.24620020465769926,2,1.7681309780566536,0.5272972542088118,1.0923346497179223,-1.5471474261915186,-0.6589728319256667,-0.9320143892374165,-0.1617378558263319,-1.3960855268088614,1.754054456494842,-0.8198779708579764,-0.6216307944711459,-0.6835058984856107,-0.5951514496435035,-0.6708064196317143,0.5432744001033584,1.3265656924226743,0.8222948115649081,1.5500896031448563,1.7211229331292395,0.9026709338484401,-1.1628924173311372,1,0
-0.3164814542121277,2,2,0.5861192605965654,0.0876134841591082,5,0.2546249253678617,0,-1.7168722582031943,0.3796721288811475,-0.9686946078410421,8,0.24620020465769926,0,-1.6023217383531068,-0.6738292391077482,-0.6657076799266287,0.47087095579741883,1.1914379855160337,1.4159910129545328,-0.41974615540821786,0.1557070814399298,0.33809616377248186,0.16237192087896354,-0.6216307944711459,-0.6835058984856107,0.5257615945281178,1.7699991171470477,-0.6219589098227,-0.4421885641408914,-1.216108852854004,-0.6451239966845644,-0.5810160220117815,-1.1078234188139944,-0.10962571771513507,3,0
-1.081658654363161,2,2,-0.8904793907778153,-1.863777753930116,2,0.2546249253678617,1,0.9402796204509211,0.3796721288811475,-0.9686946078410421,8,-1.5679065665042957,0,0.2857051898534116,-1.0742047368799348,1.4918897246371383,-1.5471474261915186,-0.6589728319256667,0.24198831185855807,-0.8067586047810468,0.1557070814399298,0.33809616377248186,-0.49246134027899646,-0.3430340664612116,-0.6835058984856107,-0.5951514496435035,-1.4844082652246349,-0.7469318266927548,-1.3265656924226743,-1.216108852854004,-0.6451239966845644,-0.5810160220117815,-1.1078234188139944,0.9436409819008672,3,0
-1.7375248259211897,2,2,1.5705183615128193,-1.863777753930116,5,0.2546249253678617,1,-0.8311549653184892,0.3796721288811475,-0.9686946078410421,8,0.24620020465769926,2,1.4238056859540804,-0.6738292391077482,0.4530465298471764,-1.5471474261915186,0.26623257679518353,-0.9320143892374165,-1.0647669043629329,-0.6201892226844657,0.33809616377248186,-0.6561696555684865,-0.6216307944711459,-0.37234031447388954,-0.5951514496435035,0.1427954259612064,-0.9088400590750122,1.3265656924226743,0.8222948115649081,1.5500896031448563,1.7211229331292395,0.9026709338484401,-1.1628924173311372,1,0
0.7766288317179199,2,1,-0.7674295031632836,1.0633091032037203,4,1.1697805251007627,1,-1.5200461931177043,0.3796721288811475,2.6363207681749885,3,1.1532535902386967,1,-0.6963948677844587,0.5272972542088118,-1.1451737698296882,-0.5381382351970498,-1.584178240646517,0.24198831185855807,1.9023285408287558,-0.6201892226844657,1.754054456494842,-0.8198779708579764,-0.6216307944711459,-0.6835058984856107,-0.875379710686409,0.1427954259612064,0.432468453566751,-1.3265656924226743,-1.216108852854004,-0.6451239966845644,-0.5810160220117815,-1.1078234188139944,0.9436409819008672,3,0
-1.628213797328185,2,1,-0.39827984031968844,-1.863777753930116,3,-1.5756862740979403,1,0.15297536010896096,0.3796721288811475,-0.9686946078410421,6,0.24620020465769926,1,-0.30470728040083755,-1.0742047368799348,3.569576114217062,1.4798801467918874,1.1914379855160337,-0.9320143892374165,-1.0647669043629329,0.1557070814399298,0.33809616377248186,-0.8198779708579764,-0.6216307944711459,-0.061174730462168335,-0.5951514496435035,0.1427954259612064,-1.3758441168525857,1.3265656924226743,0.8222948115649081,1.5500896031448563,1.7211229331292395,0.9026709338484401,-0.10962571771513507,3,0
0.4486957459389056,2,2,-0.39827984031968844,0.0876134841591082,1,0.2546249253678617,0,-1.3232201280322142,0.3796721288811475,1.7350669241709809,4,0.24620020465769926,2,0.8598149115836206,1.7284237475253719,0.7726905897825493,-0.5381382351970498,1.1914379855160337,-0.9320143892374165,1.515316091455927,0.1557070814399298,0.33809616377248186,2.2905800196423334,0.7713528455785257,1.1834876055847166,2.7675876828713606,-0.6708064196317143,0.8347092183914215,-0.4421885641408914,0.8222948115649081,-0.6451239966845644,-0.5810160220117815,-1.1078234188139944,-1.1628924173311372,2,0
-0.5351035113981373,2,1,-0.02913017747609325,1.0633091032037203,1,-1.5756862740979403,0,1.2847252343505287,0.3796721288811475,-0.06744076383703446,6,1.1532535902386967,1,0.5306680405206708,-0.6738292391077482,-0.10633057503972616,-0.5381382351970498,1.1914379855160337,0.24198831185855807,-0.6777544549901038,-0.6201892226844657,-1.0778621289498782,-0.16504470970001647,-0.06443733845127728,-0.6835058984856107,0.24553333348521242,-0.6708064196317143,0.7289629041167598,-0.4421885641408914,0.8222948115649081,-0.6451239966845644,-0.5810160220117815,0.9026709338484401,0.9436409819008672,3,0
-0.7537255685841467,1,1,-0.7674295031632836,0.0876134841591082,3,0.2546249253678617,0,0.251388392651706,0.3796721288811475,-0.9686946078410421,6,0.24620020465769926,0,1.1720968703803218,-0.6738292391077482,-0.8255297098943152,1.4798801467918874,0.26623257679518353,0.24198831185855807,-1.3227752039448188,-0.6201892226844657,0.33809616377248186,-0.9835862861474665,-1.1788242504910145,-0.6835058984856107,-1.1556079717293142,-0.6708064196317143,0.7481895067121528,0.4421885641408914,0.8222948115649081,-0.6451239966845644,-0.5810160220117815,0.9026709338484401,-1.1628924173311372,2,0
1.7604280890549628,2,2,-1.013529278392347,-1.863777753930116,3,1.1697805251007627,0,-1.5692527093890767,0.3796721288811475,-0.06744076383703446,7,-1.5679065665042957,2,-0.9565361394913416,1.7284237475253719,-0.9054407248781584,0.47087095579741883,1.1914379855160337,-0.9320143892374165,0.870295342501212,-0.6201892226844657,1.754054456494842,1.1446218126159036,0.7713528455785257,1.8058187736081588,1.646674638699739,-0.6708064196317143,-1.6612073764263142,1.3265656924226743,0.8222948115649081,1.5500896031448563,1.7211229331292395,0.9026709338484401,-0.10962571771513507,2,0
-0.3164814542121277,2,1,-1.013529278392347,2.0390047222483325,1,-0.6605306743650393,1,-1.1756005792180968,0.3796721288811475,-0.9686946078410421,6,1.1532535902386967,1,-0.9350333763518749,-0.6738292391077482,-1.0652627548458449,-0.5381382351970498,1.1914379855160337,0.24198831185855807,-0.1617378558263319,0.9316033855643254,-1.0778621289498782,0.48978855145794353,1.3285463015983943,1.8058187736081588,1.0862181166139284,0.1427954259612064,1.264271997430598,-0.4421885641408914,-1.216108852854004,-0.6451239966845644,-0.5810160220117815,-1.1078234188139944,1.9969076815168694,3,0
0.8859398603109246,1,2,2.0627179119709464,1.0633091032037203,1,-1.5756862740979403,0,1.6783773645215088,0.3796721288811475,-0.06744076383703446,7,-1.5679065665042957,1,-1.2203314755225785,-0.2734537413355615,1.3320676946694519,0.47087095579741883,1.1914379855160337,1.4159910129545328,-0.8067586047810468,0.9316033855643254,0.33809616377248186,-0.9835862861474665,-0.9002275224810803,-0.6835058984856107,-1.1556079717293142,0.956397271554127,-1.052027652088071,-1.3265656924226743,-1.216108852854004,-0.6451239966845644,-0.5810160220117815,-1.1078234188139944,1.9969076815168694,4,1
-1.1909696829561658,2,1,-0.39827984031968844,0.0876134841591082,1,0.2546249253678617,0,0.251388392651706,0.3796721288811475,-0.9686946078410421,2,1.1532535902386967,1,0.48428953178848755,-0.6738292391077482,0.9325126197502358,-0.5381382351970498,0.26623257679518353,0.24198831185855807,-1.0647669043629329,-0.6201892226844657,0.33809616377248186,-0.6561696555684865,-0.6216307944711459,-0.6835058984856107,-0.5951514496435035,0.956397271554127,-0.6897579821327702,1.3265656924226743,0.8222948115649081,1.5500896031448563,1.7211229331292395,0.9026709338484401,-1.1628924173311372,2,0
0.01145163156688656,2,1,-0.7674295031632836,0.0876134841591082,4,0.2546249253678617,1,-1.4708396768463317,0.3796721288811475,0.8338130801669732,4,0.24620020465769926,1,-0.6615407157675451,-0.6738292391077482,-0.18624159002356938,0.47087095579741883,0.26623257679518353,0.24198831185855807,-0.1617378558263319,-0.6201892226844657,0.33809616377248186,0.48978855145794353,0.7713528455785257,1.4946531895964377,1.0862181166139284,0.1427954259612064,-2.021453193476837,-0.4421885641408914,-1.216108852854004,-0.6451239966845644,1.7211229331292395,-1.1078234188139944,-0.10962571771513507,2,0
-0.8630365971771515,2,2,-0.7674295031632836,-0.8880821348855039,3,-0.6605306743650393,0,-0.19147025379064658,0.3796721288811475,-0.06744076383703446,7,0.24620020465769926,1,-1.521510700410666,-0.6738292391077482,-0.026419560055882932,0.47087095579741883,-1.584178240646517,0.24198831185855807,-0.6777544549901038,1.707499689688721,-1.0778621289498782,-0.16504470970001647,-1.1788242504910145,-0.37234031447388954,-0.5951514496435035,-0.6708064196317143,0.4203253361380817,-1.3265656924226743,-1.216108852854004,-0.6451239966845644,-0.5810160220117815,-1.1078234188139944,-0.10962571771513507,4,0
-0.20717042561912297,2,1,-0.39827984031968844,1.0633091032037203,1,-0.6605306743650393,1,0.7926600716368035,-2.432005601372186,-0.06744076383703446,6,1.1532535902386967,2,0.7104198970917693,-0.6738292391077482,1.5718007396209817,-0.5381382351970498,-0.6589728319256667,-0.9320143892374165,0.741291192710269,0.1557070814399298,0.33809616377248186,1.6357467584843735,1.885739757618263,2.7393155256433226,1.0862181166139284,0.1427954259612064,0.18151069337425213,1.3265656924226743,0.8222948115649081,1.5500896031448563,1.7211229331292395,0.9026709338484401,-1.1628924173311372,2,0
-0.4257924828051325,1,1,-0.39827984031968844,0.0876134841591082,1,0.2546249253678617,1,-1.7660787744745667,0.3796721288811475,-0.06744076383703446,0,1.1532535902386967,0,-1.2617910515104394,0.12692175643662515,-0.9054407248781584,0.47087095579741883,0.26623257679518353,0.24198831185855807,0.483282893128383,-0.6201892226844657,-2.4938204216722384,0.9809134973264135,1.885739757618263,0.5611564375612741,0.8059898555710231,0.956397271554127,-2.6594728217081696,-1.3265656924226743,-1.216108852854004,-0.6451239966845644,-0.5810160220117815,-1.1078234188139944,0.9436409819008672,4,0
1.8697391176479676,2,0,1.201368698669224,1.0633091032037203,3,0.2546249253678617,1,1.0878991692650386,0.3796721288811475,0.8338130801669732,1,-0.6608531809232983,1,-1.0658769873508527,-0.2734537413355615,-1.0652627548458449,0.47087095579741883,0.26623257679518353,0.24198831185855807,0.612287042919326,-1.3960855268088614,1.754054456494842,0.32608023616845355,0.7713528455785257,1.4946531895964377,-0.875379710686409,0.956397271554127,0.6793785079496935,1.3265656924226743,0.8222948115649081,1.5500896031448563,-0.5810160220117815,0.9026709338484401,-0.10962571771513507,2,0
-0.0978593970261182,2,1,-0.02913017747609325,-0.8880821348855039,3,-0.6605306743650393,1,-0.8803614815898617,-1.0261667362455194,-0.06744076383703446,4,-0.6608531809232983,0,-0.05327954669818302,-0.2734537413355615,-0.745618694910472,-1.5471474261915186,0.26623257679518353,0.24198831185855807,0.22527459354649704,-0.6201892226844657,0.33809616377248186,-0.6561696555684865,-0.6216307944711459,-0.6835058984856107,-0.5951514496435035,-0.6708064196317143,-1.5225734524490064,-0.4421885641408914,0.8222948115649081,-0.6451239966845644,1.7211229331292395,-1.1078234188139944,-1.1628924173311372,1,0
-1.081658654363161,2,1,-0.7674295031632836,1.0633091032037203,3,-1.5756862740979403,1,-0.5851223839616266,-1.0261667362455194,-0.9686946078410421,6,1.1532535902386967,2,0.12099121338638469,-1.0742047368799348,-0.2661526050074126,-1.5471474261915186,1.1914379855160337,-0.9320143892374165,-0.8067586047810468,-2.171981830933257,0.33809616377248186,-0.49246134027899646,-0.6216307944711459,-0.37234031447388954,-0.875379710686409,-0.6708064196317143,0.441575791638253,1.3265656924226743,0.8222948115649081,1.5500896031448563,1.7211229331292395,0.9026709338484401,-1.1628924173311372,1,0
-1.8468358545141943,2,1,0.09391971013843849,-1.863777753930116,3,1.1697805251007627,1,-1.6676657419318217,0.3796721288811475,-0.9686946078410421,6,0.24620020465769926,2,1.7828877762896211,-0.6738292391077482,0.9325126197502358,-1.5471474261915186,1.1914379855160337,-0.9320143892374165,-1.3227752039448188,1.707499689688721,0.33809616377248186,-0.9835862861474665,-1.1788242504910145,-0.37234031447388954,-0.875379710686409,-0.6708064196317143,-0.8395230970863582,-1.3265656924226743,-1.216108852854004,-0.6451239966845644,-0.5810160220117815,-1.1078234188139944,0.9436409819008672,3,1
-0.4257924828051325,1,1,-0.7674295031632836,0.0876134841591082,1,-1.5756862740979403,1,0.20218187638033347,0.3796721288811475,-0.9686946078410421,6,-1.5679065665042957,2,-1.566905422593985,-0.6738292391077482,0.0534914549279603,-1.5471474261915186,-1.584178240646517,-0.9320143892374165,-0.1617378558263319,0.1557070814399298,0.33809616377248186,0.48978855145794353,1.04994957358846,2.11698435761988,0.8059898555710231,-2.2980101108175557,0.2923166399108595,-0.4421885641408914,0.8222948115649081,-0.6451239966845644,-0.5810160220117815,-1.1078234188139944,1.9969076815168694,3,1
-0.20717042561912297,0,1,-0.7674295031632836,0.0876134841591082,1,0.2546249253678617,1,-1.2248070954894692,-1.0261667362455194,-0.9686946078410421,2,0.24620020465769926,1,0.3635648681492588,-0.6738292391077482,-1.0652627548458449,-0.5381382351970498,0.26623257679518353,1.4159910129545328,-1.3227752039448188,0.1557070814399298,0.33809616377248186,-0.9835862861474665,-1.1788242504910145,-0.6835058984856107,-1.1556079717293142,0.1427954259612064,-0.4954681032740614,-0.4421885641408914,-1.216108852854004,-0.6451239966845644,-0.5810160220117815,-1.1078234188139944,-0.10962571771513507,3,0
-1.5189027687351802,2,1,-0.6443796155487519,0.0876134841591082,3,-1.5756862740979403,1,-0.3882963188761366,1.7855109940078144,-0.9686946078410421,6,-1.5679065665042957,1,-0.8107951893238443,-0.2734537413355615,-1.0652627548458449,0.47087095579741883,-1.584178240646517,0.24198831185855807,-0.8067586047810468,0.1557070814399298,1.754054456494842,-0.6561696555684865,-0.6216307944711459,-0.6835058984856107,-0.5951514496435035,-1.4844082652246349,-1.21191203156555,-1.3265656924226743,-1.216108852854004,-0.6451239966845644,-0.5810160220117815,-1.1078234188139944,-0.10962571771513507,4,0
-1.3002807115491706,2,2,-0.15218006509062498,0.0876134841591082,1,1.1697805251007627,1,-0.4375028351475091,1.7855109940078144,-0.06744076383703446,7,-0.6608531809232983,1,0.19182384490462834,-1.0742047368799348,-1.1451737698296882,1.4798801467918874,0.26623257679518353,0.24198831185855807,-0.9357627545719898,0.9316033855643254,0.33809616377248186,-0.6561696555684865,-0.6216307944711459,-0.37234031447388954,-0.5951514496435035,0.1427954259612064,-0.5000217723098124,0.4421885641408914,0.8222948115649081,-0.6451239966845644,-0.5810160220117815,0.9026709338484401,-0.10962571771513507,3,0
0.12076266015989133,2,2,-0.2752299527051567,1.0633091032037203,2,1.1697805251007627,0,-0.9787745141326066,-1.0261667362455194,-0.06744076383703446,7,1.1532535902386967,2,-0.9166225137945536,-1.0742047368799348,-1.0652627548458449,0.47087095579741883,-1.584178240646517,-0.9320143892374165,-0.41974615540821786,-0.6201892226844657,0.33809616377248186,-0.001336394410526465,0.7713528455785257,-0.6835058984856107,0.24553333348521242,-0.6708064196317143,-0.01176725903206758,0.4421885641408914,0.8222948115649081,-0.6451239966845644,-0.5810160220117815,0.9026709338484401,-1.1628924173311372,2,0
-0.8630365971771515,1,1,-1.013529278392347,1.0633091032037203,1,-0.6605306743650393,1,0.4974209740085685,-2.432005601372186,-0.9686946078410421,6,1.1532535902386967,0,0.6529386544509724,-0.6738292391077482,-0.5857966649427855,0.47087095579741883,1.1914379855160337,0.24198831185855807,-0.1617378558263319,1.707499689688721,0.33809616377248186,0.48978855145794353,0.7713528455785257,-0.061174730462168335,1.0862181166139284,0.1427954259612064,0.38794368966163023,1.3265656924226743,0.8222948115649081,-0.6451239966845644,1.7211229331292395,0.9026709338484401,-0.10962571771513507,2,0
1.213872946089939,2,2,-0.8904793907778153,-1.863777753930116,2,-0.6605306743650393,1,-0.4867093514188816,1.7855109940078144,-0.06744076383703446,7,-0.6608531809232983,1,0.6020628357811229,0.12692175643662515,-0.8255297098943152,-0.5381382351970498,1.1914379855160337,-0.9320143892374165,0.09627044375555406,0.1557070814399298,0.33809616377248186,-0.8198779708579764,-0.6216307944711459,-0.061174730462168335,-0.5951514496435035,-0.6708064196317143,-0.2839754747247377,1.3265656924226743,0.8222948115649081,1.5500896031448563,-0.5810160220117815,0.9026709338484401,-1.1628924173311372,1,0
-1.081658654363161,1,2,-0.7674295031632836,-1.863777753930116,3,1.1697805251007627,0,0.251388392651706,1.7855109940078144,-0.06744076383703446,7,1.1532535902386967,0,0.33166207577893875,-0.6738292391077482,0.6128685598148629,1.4798801467918874,-0.6589728319256667,1.4159910129545328,-0.6777544549901038,0.1557070814399298,0.33809616377248186,-0.16504470970001647,0.21415938955865704,-0.6835058984856107,-0.03469492755769292,0.1427954259612064,0.5129166065316851,1.3265656924226743,0.8222948115649081,1.5500896031448563,1.7211229331292395,0.9026709338484401,-1.1628924173311372,1,0
0.01145163156688656,2,1,0.09391971013843849,-0.8880821348855039,1,1.1697805251007627,1,0.6942470390940585,1.7855109940078144,-0.9686946078410421,6,1.1532535902386967,2,0.1291425876484048,0.12692175643662515,1.1722456647017656,-0.5381382351970498,-1.584178240646517,-0.9320143892374165,-0.9357627545719898,-0.6201892226844657,0.33809616377248186,-0.9835862861474665,-1.1788242504910145,-0.6835058984856107,-1.1556079717293142,0.956397271554127,-0.7858909951097355,-1.3265656924226743,-1.216108852854004,-0.6451239966845644,-0.5810160220117815,-1.1078234188139944,1.9969076815168694,4,0
1.4324950032759485,2,1,2.3088176872000097,-1.863777753930116,3,1.1697805251007627,1,0.3990079414658235,1.7855109940078144,-0.9686946078410421,2,0.24620020465769926,1,-1.5482134781655594,-0.6738292391077482,1.0923346497179223,-1.5471474261915186,0.26623257679518353,2.5899937140505074,1.1283036420830979,0.1557070814399298,0.33809616377248186,2.1268717043528436,1.04994957358846,0.24999085354955286,1.0862181166139284,0.1427954259612064,0.25183958181529514,1.3265656924226743,0.8222948115649081,1.5500896031448563,-0.5810160220117815,0.9026709338484401,0.9436409819008672,2,0
-0.3164814542121277,2,1,-0.02913017747609325,0.0876134841591082,3,1.1697805251007627,0,-0.9787745141326066,-1.0261667362455194,0.8338130801669732,0,-0.6608531809232983,2,0.4695327335555201,-0.6738292391077482,0.21331348489564675,-0.5381382351970498,-0.6589728319256667,-0.9320143892374165,-0.29074200561727487,0.1557070814399298,1.754054456494842,0.16237192087896354,0.7713528455785257,1.4946531895964377,0.8059898555710231,0.1427954259612064,-1.1486666282912308,0.4421885641408914,0.8222948115649081,1.5500896031448563,-0.5810160220117815,0.9026709338484401,-0.10962571771513507,2,0
-1.4095917401421754,2,2,-0.7674295031632836,-0.8880821348855039,1,-1.5756862740979403,0,-0.043850704976529056,0.3796721288811475,-0.06744076383703446,7,0.24620020465769926,2,1.4717301449773366,2.529174743069745,0.21331348489564675,0.47087095579741883,-1.584178240646517,-0.9320143892374165,-0.9357627545719898,0.1557070814399298,0.33809616377248186,-0.8198779708579764,-0.6216307944711459,-0.061174730462168335,-1.1556079717293142,0.1427954259612064,0.2680304050535209,-1.3265656924226743,-1.216108852854004,-0.6451239966845644,-0.5810160220117815,-1.1078234188139944,0.9436409819008672,3,1
0.23007368875289608,2,1,-0.8904793907778153,1.0633091032037203,5,1.1697805251007627,0,0.6942470390940585,-1.0261667362455194,-0.06744076383703446,0,0.24620020465769926,2,0.9366908033306033,-0.6738292391077482,0.8526016047663926,-1.5471474261915186,-1.584178240646517,-0.9320143892374165,1.1283036420830979,0.9316033855643254,0.33809616377248186,2.1268717043528436,0.7713528455785257,2.7393155256433226,1.646674638699739,-0.6708064196317143,0.47800514392426086,1.3265656924226743,0.8222948115649081,1.5500896031448563,1.7211229331292395,0.9026709338484401,-1.1628924173311372,2,0
-0.5351035113981373,2,2,0.09391971013843849,0.0876134841591082,2,1.1697805251007627,1,-0.5359158676902541,0.3796721288811475,-0.06744076383703446,7,1.1532535902386967,2,1.0385829816058545,-0.6738292391077482,1.0124236347340791,-0.5381382351970498,1.1914379855160337,-0.9320143892374165,-0.1617378558263319,-0.6201892226844657,-1.0778621289498782,0.48978855145794353,0.7713528455785257,-0.6835058984856107,1.0862181166139284,0.956397271554127,0.7061945589380049,-0.4421885641408914,-1.216108852854004,-0.6451239966845644,-0.5810160220117815,-1.1078234188139944,0.9436409819008672,3,0
1.4324950032759485,1,2,-0.15218006509062498,-0.8880821348855039,5,-0.6605306743650393,1,-0.7819484490471167,0.3796721288811475,-0.06744076383703446,7,0.24620020465769926,1,1.2843890778864262,0.12692175643662515,0.37313551486333324,0.47087095579741883,-1.584178240646517,0.24198831185855807,0.870295342501212,0.9316033855643254,0.33809616377248186,-0.49246134027899646,-0.3430340664612116,-0.37234031447388954,-0.31492318860059826,0.1427954259612064,-0.2505819017958972,-0.4421885641408914,-1.216108852854004,-0.6451239966845644,-0.5810160220117815,-1.1078234188139944,0.9436409819008672,3,1
0.12076266015989133,2,1,-1.013529278392347,1.0633091032037203,1,-0.6605306743650393,0,-1.6184592256604493,1.7855109940078144,-0.06744076383703446,0,1.1532535902386967,2,0.7125280111250505,-1.0742047368799348,2.2110888594917273,-1.5471474261915186,0.26623257679518353,-0.9320143892374165,-0.1617378558263319,0.9316033855643254,-1.0778621289498782,0.32608023616845355,0.7713528455785257,-0.37234031447388954,1.0862181166139284,-0.6708064196317143,-0.9786629842898606,0.4421885641408914,0.8222948115649081,-0.6451239966845644,-0.5810160220117815,0.9026709338484401,-0.10962571771513507,2,0
-1.081658654363161,2,1,-1.013529278392347,-0.8880821348855039,1,0.2546249253678617,0,0.10376884383758846,0.3796721288811475,0.8338130801669732,4,-1.5679065665042957,1,-1.1670664609483437,-0.6738292391077482,1.5718007396209817,-1.5471474261915186,1.1914379855160337,-0.9320143892374165,-0.29074200561727487,0.1557070814399298,0.33809616377248186,0.32608023616845355,0.7713528455785257,-0.6835058984856107,0.8059898555710231,-0.6708064196317143,-0.9923239913971136,-1.3265656924226743,-1.216108852854004,-0.6451239966845644,-0.5810160220117815,-1.1078234188139944,-0.10962571771513507,2,0
-0.5351035113981373,2,1,-0.7674295031632836,-0.8880821348855039,1,0.2546249253678617,0,-1.3232201280322142,0.3796721288811475,0.8338130801669732,5,1.1532535902386967,2,0.7111226017695297,0.12692175643662515,0.7726905897825493,0.47087095579741883,1.1914379855160337,-0.9320143892374165,-0.1617378558263319,2.4833959938131165,0.33809616377248186,-0.001336394410526465,0.7713528455785257,1.4946531895964377,0.8059898555710231,0.956397271554127,0.600448244663343,1.3265656924226743,0.8222948115649081,1.5500896031448563,1.7211229331292395,0.9026709338484401,-1.1628924173311372,1,0
1.104561917496934,2,2,0.5861192605965654,1.0633091032037203,2,1.1697805251007627,1,-1.1756005792180968,0.3796721288811475,-0.06744076383703446,7,-1.5679065665042957,2,-0.3496803797775002,-0.2734537413355615,-0.5857966649427855,-1.5471474261915186,1.1914379855160337,-0.9320143892374165,1.1283036420830979,-0.6201892226844657,0.33809616377248186,-0.001336394410526465,0.7713528455785257,-0.37234031447388954,0.8059898555710231,-0.6708064196317143,-0.13572824944973336,0.4421885641408914,0.8222948115649081,-0.6451239966845644,-0.5810160220117815,0.9026709338484401,-1.1628924173311372,2,0
0.33938471734590087,1,2,-0.5213297279342202,1.0633091032037203,1,1.1697805251007627,1,-0.8803614815898617,-1.0261667362455194,0.8338130801669732,7,-1.5679065665042957,1,1.3293621772630888,0.9276727519809984,-0.5058856499589423,1.4798801467918874,0.26623257679518353,0.24198831185855807,1.1283036420830979,-0.6201892226844657,0.33809616377248186,1.7994550737738635,2.442933213638131,-0.37234031447388954,2.2071311607855497,-0.6708064196317143,0.9520926868685582,1.3265656924226743,-1.216108852854004,-0.6451239966845644,-0.5810160220117815,0.9026709338484401,0.9436409819008672,3,0
1.7604280890549628,2,1,-0.2752299527051567,0.0876134841591082,1,0.2546249253678617,1,-0.3390898026047641,1.7855109940078144,1.7350669241709809,5,0.24620020465769926,1,-0.11230673963005273,0.12692175643662515,1.0124236347340791,1.4798801467918874,0.26623257679518353,-0.9320143892374165,2.6763534395744135,0.1557070814399298,0.33809616377248186,-0.3287530249895065,-0.9002275224810803,-0.37234031447388954,-0.31492318860059826,0.1427954259612064,-0.2703144676174848,1.3265656924226743,0.8222948115649081,1.5500896031448563,1.7211229331292395,0.9026709338484401,-1.1628924173311372,1,0
0.4486957459389056,2,0,0.09391971013843849,1.0633091032037203,0,-0.6605306743650393,1,0.349801425194451,-1.0261667362455194,2.6363207681749885,3,1.1532535902386967,0,-0.7662437127538378,0.12692175643662515,-0.4259746349750991,0.47087095579741883,-0.6589728319256667,2.5899937140505074,1.515316091455927,-0.6201892226844657,-1.0778621289498782,2.2905800196423334,0.4927561175685914,3.0504811096550437,0.5257615945281178,0.956397271554127,-0.7666643925143425,0.4421885641408914,0.8222948115649081,-0.6451239966845644,-0.5810160220117815,-1.1078234188139944,0.9436409819008672,3,0
2.525605289205996,2,2,0.832219035825629,1.0633091032037203,2,-1.5756862740979403,1,0.8910731041795485,0.3796721288811475,-0.06744076383703446,7,-1.5679065665042957,2,-0.3357668271578452,2.1287992452975586,1.3320676946694519,0.47087095579741883,1.1914379855160337,-0.9320143892374165,-0.1617378558263319,-1.3960855268088614,0.33809616377248186,-0.8198779708579764,-0.6216307944711459,-0.061174730462168335,-0.5951514496435035,-1.4844082652246349,0.9025082907014919,-1.3265656924226743,0.8222948115649081,-0.6451239966845644,-0.5810160220117815,-1.1078234188139944,-0.10962571771513507,3,0
-1.081658654363161,1,1,0.09391971013843849,-0.8880821348855039,1,1.1697805251007627,1,-1.6676657419318217,0.3796721288811475,0.8338130801669732,4,-1.5679065665042957,0,-1.3357155836108285,-0.6738292391077482,-0.2661526050074126,1.4798801467918874,0.26623257679518353,1.4159910129545328,-0.29074200561727487,0.9316033855643254,-1.0778621289498782,0.32608023616845355,0.7713528455785257,-0.37234031447388954,0.8059898555710231,0.1427954259612064,-2.027018788964977,-1.3265656924226743,-1.216108852854004,-0.6451239966845644,-0.5810160220117815,-1.1078234188139944,0.9436409819008672,3,0
0.4486957459389056,2,0,-1.013529278392347,0.0876134841591082,0,1.1697805251007627,1,-0.3390898026047641,-1.0261667362455194,2.6363207681749885,3,0.24620020465769926,1,0.7376848385888711,-0.6738292391077482,1.1722456647017656,-0.5381382351970498,-0.6589728319256667,0.24198831185855807,1.3863119416649838,0.1557070814399298,0.33809616377248186,2.454288334931823,0.7713528455785257,-0.061174730462168335,1.646674638699739,0.1427954259612064,1.7697292603989578,1.3265656924226743,0.8222948115649081,1.5500896031448563,1.7211229331292395,0.9026709338484401,-1.1628924173311372,2,0
1.4324950032759485,2,2,-0.15218006509062498,1.0633091032037203,2,1.1697805251007627,1,-0.5851223839616266,0.3796721288811475,-0.9686946078410421,8,-0.6608531809232983,1,-0.6085567830644145,1.7284237475253719,-1.2250847848135313,0.47087095579741883,1.1914379855160337,0.24198831185855807,-0.9357627545719898,-0.6201892226844657,0.33809616377248186,-0.8198779708579764,-0.6216307944711459,-0.061174730462168335,-0.5951514496435035,-0.6708064196317143,1.3725481278362328,-0.4421885641408914,-1.216108852854004,-0.6451239966845644,-0.5810160220117815,-1.1078234188139944,0.9436409819008672,2,0
-0.9723476257701563,2,1,-1.013529278392347,-0.8880821348855039,1,-1.5756862740979403,0,0.05456232756621595,-2.432005601372186,-0.9686946078410421,6,-0.6608531809232983,2,-1.4674024402231187,1.7284237475253719,1.6517117546048248,-1.5471474261915186,1.1914379855160337,-0.9320143892374165,-0.1617378558263319,0.9316033855643254,0.33809616377248186,-0.001336394410526465,0.7713528455785257,0.24999085354955286,0.8059898555710231,-1.4844082652246349,-0.314333268296411,0.4421885641408914,0.8222948115649081,-0.6451239966845644,-0.5810160220117815,0.9026709338484401,-0.10962571771513507,2,1
-0.0978593970261182,0,1,-0.15218006509062498,0.0876134841591082,1,-1.5756862740979403,0,-0.14226373751927407,1.7855109940078144,0.8338130801669732,5,-1.5679065665042957,1,0.8463229817706218,2.529174743069745,0.4530465298471764,0.47087095579741883,-1.584178240646517,0.24198831185855807,-0.1617378558263319,-0.6201892226844657,0.33809616377248186,0.16237192087896354,0.7713528455785257,-0.6835058984856107,0.24553333348521242,0.1427954259612064,-0.38769793609462133,-1.3265656924226743,-1.216108852854004,-0.6451239966845644,-0.5810160220117815,-1.1078234188139944,0.9436409819008672,3,0
0.12076266015989133,2,1,-1.013529278392347,0.0876134841591082,1,0.2546249253678617,0,0.743453555365431,0.3796721288811475,0.8338130801669732,4,0.24620020465769926,2,0.15233184201449645,0.5272972542088118,0.8526016047663926,0.47087095579741883,1.1914379855160337,-0.9320143892374165,-0.1617378558263319,0.9316033855643254,1.754054456494842,-0.9835862861474665,-1.1788242504910145,-0.6835058984856107,-1.1556079717293142,0.1427954259612064,-1.010032704313923,-1.3265656924226743,0.8222948115649081,-0.6451239966845644,-0.5810160220117815,-1.1078234188139944,-1.1628924173311372,2,0
0.7766288317179199,0,1,1.8166181367418828,0.0876134841591082,3,-1.5756862740979403,1,-0.8311549653184892,-2.432005601372186,-0.9686946078410421,2,0.24620020465769926,2,-1.7158788142791799,-0.2734537413355615,-0.5857966649427855,0.47087095579741883,0.26623257679518353,-0.9320143892374165,-0.29074200561727487,1.707499689688721,0.33809616377248186,-0.3287530249895065,-0.6216307944711459,-0.37234031447388954,-0.03469492755769292,1.7699991171470477,-0.10688834555664377,0.4421885641408914,0.8222948115649081,1.5500896031448563,-0.5810160220117815,0.9026709338484401,-0.10962571771513507,2,0
1.104561917496934,1,2,-0.7674295031632836,0.0876134841591082,3,1.1697805251007627,0,-0.8311549653184892,0.3796721288811475,1.7350669241709809,7,0.24620020465769926,0,-0.5745458766608134,2.529174743069745,1.3320676946694519,-0.5381382351970498,1.1914379855160337,1.4159910129545328,2.160336840410642,-0.6201892226844657,-1.0778621289498782,2.454288334931823,-0.6216307944711459,2.7393155256433226,2.487359421828455,0.1427954259612064,-0.9584244552420785,0.4421885641408914,-1.216108852854004,-0.6451239966845644,-0.5810160220117815,-1.1078234188139944,-1.1628924173311372,3,0
-0.7537255685841467,2,2,2.185767799585478,2.0390047222483325,2,0.2546249253678617,1,1.6291708482501361,0.3796721288811475,-0.06744076383703446,7,1.1532535902386967,0,1.5405952033978512,1.7284237475253719,-0.6657076799266287,1.4798801467918874,1.1914379855160337,0.24198831185855807,-0.1617378558263319,-0.6201892226844657,-1.0778621289498782,0.16237192087896354,0.7713528455785257,1.4946531895964377,0.8059898555710231,1.7699991171470477,1.893184287590429,-0.4421885641408914,-1.216108852854004,-0.6451239966845644,-0.5810160220117815,0.9026709338484401,0.9436409819008672,3,0
-0.8630365971771515,2,2,0.09391971013843849,0.0876134841591082,1,0.2546249253678617,1,1.6291708482501361,0.3796721288811475,-0.9686946078410421,8,0.24620020465769926,2,-1.6243866652347818,-0.6738292391077482,0.8526016047663926,-1.5471474261915186,0.26623257679518353,-0.9320143892374165,-1.3227752039448188,2.4833959938131165,0.33809616377248186,-0.9835862861474665,-1.1788242504910145,-0.6835058984856107,-1.1556079717293142,0.1427954259612064,0.231601052767513,0.4421885641408914,0.8222948115649081,1.5500896031448563,-0.5810160220117815,0.9026709338484401,-0.10962571771513507,2,0
0.5580067745319104,1,1,1.201368698669224,0.0876134841591082,3,0.2546249253678617,1,-0.4375028351475091,1.7855109940078144,-0.9686946078410421,6,0.24620020465769926,0,0.8506797507727359,1.3280482497531851,0.29322449987949,-1.5471474261915186,1.1914379855160337,-0.9320143892374165,-0.5487503051991608,-0.6201892226844657,0.33809616377248186,-0.8198779708579764,-0.6216307944711459,-0.061174730462168335,-0.5951514496435035,0.956397271554127,1.4206146343247152,-0.4421885641408914,-1.216108852854004,-0.6451239966845644,-0.5810160220117815,-1.1078234188139944,0.9436409819008672,2,1
0.6673178031249152,1,2,0.7091691482110972,0.0876134841591082,1,1.1697805251007627,1,-0.9295679978612341,-1.0261667362455194,-0.06744076383703446,7,1.1532535902386967,1,1.3168540339989545,0.12692175643662515,2.290999874475571,0.47087095579741883,0.26623257679518353,0.24198831185855807,-0.5487503051991608,1.707499689688721,0.33809616377248186,-0.8198779708579764,-0.6216307944711459,-0.061174730462168335,-0.5951514496435035,0.956397271554127,-0.34772684122525155,-0.4421885641408914,-1.216108852854004,-0.6451239966845644,-0.5810160220117815,-1.1078234188139944,0.9436409819008672,3,0
-0.3164814542121277,2,1,-0.15218006509062498,-0.8880821348855039,3,-0.6605306743650393,0,1.4815512994360187,0.3796721288811475,-0.06744076383703446,0,0.24620020465769926,2,-0.9771956570174961,0.12692175643662515,0.21331348489564675,-1.5471474261915186,1.1914379855160337,-0.9320143892374165,-0.1617378558263319,-0.6201892226844657,0.33809616377248186,-0.3287530249895065,-0.9002275224810803,0.5611564375612741,-0.31492318860059826,-0.6708064196317143,0.34645470511367676,0.4421885641408914,0.8222948115649081,1.5500896031448563,1.7211229331292395,0.9026709338484401,-1.1628924173311372,2,0
-1.5189027687351802,2,1,-0.02913017747609325,-1.863777753930116,3,-0.6605306743650393,1,-1.4216331605749593,0.3796721288811475,-0.9686946078410421,2,-1.5679065665042957,1,-1.4010671186425414,-0.6738292391077482,-0.34606361999125584,-0.5381382351970498,1.1914379855160337,0.24198831185855807,-0.8067586047810468,-0.6201892226844657,1.754054456494842,-0.49246134027899646,-0.3430340664612116,-0.6835058984856107,-0.5951514496435035,-0.6708064196317143,-2.0816628173939886,-0.4421885641408914,-1.216108852854004,-0.6451239966845644,-0.5810160220117815,-1.1078234188139944,-1.1628924173311372,2,0
0.23007368875289608,2,0,-0.7674295031632836,0.0876134841591082,0,0.2546249253678617,0,-1.0771875466753518,1.7855109940078144,-0.06744076383703446,1,-0.6608531809232983,1,0.6259547948249748,2.529174743069745,-0.8255297098943152,0.47087095579741883,0.26623257679518353,0.24198831185855807,0.09627044375555406,0.1557070814399298,-2.4938204216722384,0.16237192087896354,-0.3430340664612116,0.24999085354955286,0.5257615945281178,-0.6708064196317143,-1.5600147311874035,-0.4421885641408914,0.8222948115649081,-0.6451239966845644,-0.5810160220117815,0.9026709338484401,-0.10962571771513507,3,0
2.088361174833977,2,1,-0.02913017747609325,0.0876134841591082,3,0.2546249253678617,1,0.743453555365431,0.3796721288811475,1.7350669241709809,0,1.1532535902386967,1,0.8582689612925478,1.7284237475253719,1.3320676946694519,-1.5471474261915186,0.26623257679518353,-0.9320143892374165,2.4183451399925278,-1.3960855268088614,-1.0778621289498782,0.48978855145794353,0.7713528455785257,-0.37234031447388954,-0.875379710686409,-0.6708064196317143,-0.893155199062981,0.4421885641408914,0.8222948115649081,-0.6451239966845644,-0.5810160220117815,0.9026709338484401,0.9436409819008672,3,0
0.33938471734590087,2,1,-0.8904793907778153,-1.863777753930116,3,1.1697805251007627,0,0.9894861367222936,-1.0261667362455194,-0.9686946078410421,6,1.1532535902386967,2,1.2108861685926933,-1.0742047368799348,0.5329575448310196,1.4798801467918874,1.1914379855160337,-0.9320143892374165,-0.8067586047810468,-0.6201892226844657,-1.0778621289498782,-0.49246134027899646,-0.6216307944711459,-0.061174730462168335,-0.31492318860059826,0.956397271554127,1.022421575309601,0.4421885641408914,0.8222948115649081,1.5500896031448563,-0.5810160220117815,0.9026709338484401,-1.1628924173311372,2,0
-1.081658654363161,2,1,-0.2752299527051567,0.0876134841591082,3,1.1697805251007627,0,-0.5359158676902541,-1.0261667362455194,-0.06744076383703446,0,-1.5679065665042957,2,1.2767998673666145,2.1287992452975586,-0.10633057503972616,1.4798801467918874,-1.584178240646517,-0.9320143892374165,-0.29074200561727487,-0.6201892226844657,-2.4938204216722384,-0.001336394410526465,0.4927561175685914,-0.6835058984856107,0.8059898555710231,-1.4844082652246349,-0.24147456372439519,-1.3265656924226743,0.8222948115649081,-0.6451239966845644,-0.5810160220117815,-1.1078234188139944,0.9436409819008672,3,0
-0.8630365971771515,2,2,0.09391971013843849,0.0876134841591082,2,1.1697805251007627,1,0.841866587908176,0.3796721288811475,-0.9686946078410421,8,-0.6608531809232983,0,0.5135220463833182,-0.6738292391077482,1.6517117546048248,0.47087095579741883,1.1914379855160337,1.4159910129545328,-1.1937710541538757,-0.6201892226844657,0.33809616377248186,-0.8198779708579764,-0.6216307944711459,-0.061174730462168335,-0.5951514496435035,-0.6708064196317143,0.30041205152997236,1.3265656924226743,0.8222948115649081,1.5500896031448563,1.7211229331292395,0.9026709338484401,-1.1628924173311372,1,0
1.7604280890549628,2,1,-0.39827984031968844,0.0876134841591082,1,1.1697805251007627,1,0.9894861367222936,0.3796721288811475,-0.06744076383703446,2,1.1532535902386967,2,-0.4770104673876763,-0.2734537413355615,-1.2250847848135313,0.47087095579741883,1.1914379855160337,-0.9320143892374165,0.999299492292155,0.9316033855643254,0.33809616377248186,-0.8198779708579764,-0.6216307944711459,-0.061174730462168335,-0.5951514496435035,0.956397271554127,0.30344783088713967,0.4421885641408914,0.8222948115649081,1.5500896031448563,-0.5810160220117815,0.9026709338484401,1.9969076815168694,2,0
-0.20717042561912297,0,1,-0.8904793907778153,1.0633091032037203,1,1.1697805251007627,0,-0.2406767700620191,0.3796721288811475,-0.06744076383703446,0,-1.5679065665042957,0,-1.342461548517328,-0.2734537413355615,-1.0652627548458449,-1.5471474261915186,-1.584178240646517,0.24198831185855807,0.612287042919326,-0.6201892226844657,1.754054456494842,-0.9835862861474665,-1.1788242504910145,-0.6835058984856107,-1.1556079717293142,-2.2980101108175557,1.2339142038589248,-0.4421885641408914,0.8222948115649081,-0.6451239966845644,-0.5810160220117815,0.9026709338484401,-0.10962571771513507,2,0
-0.5351035113981373,1,1,1.8166181367418828,1.0633091032037203,1,-1.5756862740979403,1,0.6942470390940585,0.3796721288811475,-0.06744076383703446,2,1.1532535902386967,1,0.9603016805033512,-0.6738292391077482,-1.0652627548458449,0.47087095579741883,1.1914379855160337,1.4159910129545328,-0.1617378558263319,-0.6201892226844657,0.33809616377248186,0.48978855145794353,1.04994957358846,0.5611564375612741,0.8059898555710231,1.7699991171470477,0.30800149992289066,1.3265656924226743,0.8222948115649081,-0.6451239966845644,-0.5810160220117815,0.9026709338484401,0.9436409819008672,2,0
0.12076266015989133,2,1,-0.8904793907778153,2.0390047222483325,3,1.1697805251007627,1,1.2847252343505287,0.3796721288811475,-0.9686946078410421,6,0.24620020465769926,1,0.8654365490057034,1.3280482497531851,-0.8255297098943152,-1.5471474261915186,-0.6589728319256667,0.24198831185855807,-0.6777544549901038,-2.171981830933257,-2.4938204216722384,-0.9835862861474665,-1.1788242504910145,-0.6835058984856107,-0.875379710686409,-0.6708064196317143,1.037600472095438,-0.4421885641408914,0.8222948115649081,-0.6451239966845644,-0.5810160220117815,-1.1078234188139944,0.9436409819008672,2,0
-0.3164814542121277,2,1,-0.15218006509062498,2.0390047222483325,1,-0.6605306743650393,0,-1.6676657419318217,0.3796721288811475,-0.06744076383703446,4,-1.5679065665042957,0,-1.4231320455242165,0.12692175643662515,-0.2661526050074126,0.47087095579741883,0.26623257679518353,0.24198831185855807,-0.5487503051991608,0.1557070814399298,0.33809616377248186,-1.1472946014369565,-1.1788242504910145,-0.6835058984856107,-1.1556079717293142,-0.6708064196317143,0.6581280524495222,-1.3265656924226743,-1.216108852854004,-0.6451239966845644,-0.5810160220117815,-1.1078234188139944,-1.1628924173311372,2,0
1.651117060461958,2,2,-0.7674295031632836,1.0633091032037203,2,0.2546249253678617,1,-1.7168722582031943,-1.0261667362455194,1.7350669241709809,3,-1.5679065665042957,1,-0.5943621485736553,-0.6738292391077482,-1.1451737698296882,-1.5471474261915186,-1.584178240646517,-0.9320143892374165,2.9343617391562997,0.1557070814399298,1.754054456494842,4.418788118405703,0.4927561175685914,-0.37234031447388954,3.328044204957171,-2.2980101108175557,0.1177593268737383,1.3265656924226743,0.8222948115649081,1.5500896031448563,1.7211229331292395,0.9026709338484401,-1.1628924173311372,1,0
-0.4257924828051325,2,1,-1.013529278392347,1.0633091032037203,4,1.1697805251007627,1,-0.14226373751927407,0.3796721288811475,-0.9686946078410421,6,1.1532535902386967,2,-1.2797802912611043,-0.6738292391077482,-0.745618694910472,-0.5381382351970498,0.26623257679518353,-0.9320143892374165,-0.1617378558263319,-0.6201892226844657,-1.0778621289498782,0.48978855145794353,1.3285463015983943,1.4946531895964377,1.0862181166139284,-1.4844082652246349,0.7643803299503785,0.4421885641408914,0.8222948115649081,-0.6451239966845644,-0.5810160220117815,0.9026709338484401,-0.10962571771513507,2,1
-1.3002807115491706,2,2,2.0627179119709464,-1.863777753930116,3,0.2546249253678617,0,-1.6676657419318217,0.3796721288811475,-0.06744076383703446,7,1.1532535902386967,2,1.1937401744553406,-0.6738292391077482,-0.6657076799266287,1.4798801467918874,-0.6589728319256667,-0.9320143892374165,-0.6777544549901038,1.707499689688721,-1.0778621289498782,-0.16504470970001647,0.21415938955865704,-0.37234031447388954,-0.03469492755769292,0.956397271554127,-1.8787715636899727,-0.4421885641408914,-1.216108852854004,-0.6451239966845644,-0.5810160220117815,0.9026709338484401,-0.10962571771513507,3,0
0.8859398603109246,2,2,-0.8904793907778153,-0.8880821348855039,5,-0.6605306743650393,1,-0.9787745141326066,-2.432005601372186,-0.06744076383703446,8,0.24620020465769926,2,-0.2705558330616844,-1.0742047368799348,2.370910889459414,-0.5381382351970498,-1.584178240646517,-0.9320143892374165,-0.29074200561727487,0.1557070814399298,0.33809616377248186,0.16237192087896354,0.7713528455785257,0.24999085354955286,-0.875379710686409,-0.6708064196317143,-1.024705637873565,0.4421885641408914,0.8222948115649081,-0.6451239966845644,-0.5810160220117815,-1.1078234188139944,-0.10962571771513507,2,0
-0.8630365971771515,2,1,-0.8904793907778153,-1.863777753930116,1,-1.5756862740979403,1,0.645040522822686,1.7855109940078144,-0.9686946078410421,6,0.24620020465769926,0,0.7472416222064119,-1.0742047368799348,0.21331348489564675,0.47087095579741883,1.1914379855160337,-0.9320143892374165,-0.5487503051991608,0.1557070814399298,0.33809616377248186,-0.16504470970001647,-0.06443733845127728,-0.37234031447388954,0.24553333348521242,-0.6708064196317143,-0.37960252447550846,-0.4421885641408914,0.8222948115649081,-0.6451239966845644,-0.5810160220117815,-1.1078234188139944,-0.10962571771513507,2,0
1.104561917496934,1,2,2.185767799585478,-0.8880821348855039,1,-0.6605306743650393,0,0.5466274902799411,1.7855109940078144,-0.06744076383703446,7,0.24620020465769926,2,-0.5585242100078773,0.5272972542088118,-0.2661526050074126,-0.5381382351970498,1.1914379855160337,-0.9320143892374165,-0.41974615540821786,-0.6201892226844657,0.33809616377248186,-0.3287530249895065,-0.06443733845127728,-0.37234031447388954,-0.31492318860059826,-2.2980101108175557,0.3196386541253654,-0.4421885641408914,0.8222948115649081,-0.6451239966845644,-0.5810160220117815,0.9026709338484401,-0.10962571771513507,3,1
-0.3164814542121277,2,2,-0.8904793907778153,0.0876134841591082,4,1.1697805251007627,1,-0.2898832863333916,0.3796721288811475,-0.06744076383703446,7,1.1532535902386967,2,0.6145709790452571,-0.6738292391077482,0.5329575448310196,1.4798801467918874,0.26623257679518353,-0.9320143892374165,-0.6777544549901038,1.707499689688721,0.33809616377248186,-0.16504470970001647,0.21415938955865704,-0.37234031447388954,-0.03469492755769292,1.7699991171470477,-0.0922154119970017,1.3265656924226743,0.8222948115649081,1.5500896031448563,-0.5810160220117815,0.9026709338484401,-1.1628924173311372,1,0
1.9790501462409722,2,1,-0.8904793907778153,0.0876134841591082,3,1.1697805251007627,1,0.5958340065513135,0.3796721288811475,2.6363207681749885,3,-1.5679065665042957,1,0.9677503500876109,0.9276727519809984,1.9713558145401977,-0.5381382351970498,1.1914379855160337,0.24198831185855807,1.6443202412468698,-0.6201892226844657,0.33809616377248186,-0.3287530249895065,-0.6216307944711459,-0.37234031447388954,-0.03469492755769292,-0.6708064196317143,0.14356345140966056,0.4421885641408914,0.8222948115649081,1.5500896031448563,1.7211229331292395,0.9026709338484401,-1.1628924173311372,1,1
-0.0978593970261182,0,2,-0.15218006509062498,1.0633091032037203,1,-1.5756862740979403,1,0.4974209740085685,-1.0261667362455194,0.8338130801669732,7,-1.5679065665042957,2,-0.011819970710322154,-0.6738292391077482,-1.2250847848135313,0.47087095579741883,-0.6589728319256667,-0.9320143892374165,-0.1617378558263319,-1.3960855268088614,0.33809616377248186,0.48978855145794353,0.7713528455785257,-0.6835058984856107,1.3664463776568336,-1.4844082652246349,0.4911601878053193,-0.4421885641408914,0.8222948115649081,-0.6451239966845644,-0.5810160220117815,-1.1078234188139944,-0.10962571771513507,3,0
1.651117060461958,0,1,1.201368698669224,1.0633091032037203,3,1.1697805251007627,1,-1.2248070954894692,0.3796721288811475,-0.9686946078410421,6,1.1532535902386967,1,1.725265992713272,-1.0742047368799348,0.0534914549279603,-0.5381382351970498,-1.584178240646517,0.24198831185855807,-0.8067586047810468,0.1557070814399298,0.33809616377248186,-0.49246134027899646,-0.3430340664612116,-0.37234031447388954,-0.5951514496435035,1.7699991171470477,1.0421541411311888,0.4421885641408914,-1.216108852854004,-0.6451239966845644,-0.5810160220117815,0.9026709338484401,0.9436409819008672,3,0
-1.1909696829561658,1,1,-1.013529278392347,-0.8880821348855039,1,-1.5756862740979403,0,0.251388392651706,-2.432005601372186,-0.9686946078410421,2,1.1532535902386967,0,-1.2683964754813866,0.12692175643662515,0.0534914549279603,0.47087095579741883,-1.584178240646517,0.24198831185855807,-0.8067586047810468,-0.6201892226844657,0.33809616377248186,-0.8198779708579764,-0.6216307944711459,-0.061174730462168335,-1.1556079717293142,0.1427954259612064,0.20225518564822884,0.4421885641408914,0.8222948115649081,-0.6451239966845644,1.7211229331292395,0.9026709338484401,-0.10962571771513507,2,0
-0.8630365971771515,2,1,2.185767799585478,0.0876134841591082,3,-0.6605306743650393,0,0.005355811294843447,0.3796721288811475,-0.06744076383703446,0,0.24620020465769926,1,1.5791034197391185,0.5272972542088118,-0.10633057503972616,-0.5381382351970498,-1.584178240646517,0.24198831185855807,-0.032733706035388915,0.1557070814399298,-1.0778621289498782,0.16237192087896354,0.7713528455785257,-0.37234031447388954,-0.875379710686409,1.7699991171470477,-0.7099965111805524,0.4421885641408914,-1.216108852854004,-0.6451239966845644,-0.5810160220117815,0.9026709338484401,-0.10962571771513507,3,0
-1.1909696829561658,2,2,-0.15218006509062498,0.0876134841591082,5,1.1697805251007627,1,-1.3724266443035866,-1.0261667362455194,-0.06744076383703446,7,-1.5679065665042957,2,-1.580959516149192,1.3280482497531851,1.1722456647017656,-0.5381382351970498,0.26623257679518353,-0.9320143892374165,-0.6777544549901038,-0.6201892226844657,-1.0778621289498782,-0.49246134027899646,-0.3430340664612116,-0.37234031447388954,-0.5951514496435035,-1.4844082652246349,-1.0206579320640086,-1.3265656924226743,0.8222948115649081,-0.6451239966845644,-0.5810160220117815,-1.1078234188139944,-0.10962571771513507,3,1
-0.3164814542121277,2,1,-1.013529278392347,1.0633091032037203,1,-0.6605306743650393,0,0.3005949089230785,1.7855109940078144,-0.9686946078410421,6,1.1532535902386967,2,-0.10710672501462612,-0.2734537413355615,0.9325126197502358,0.47087095579741883,0.26623257679518353,-0.9320143892374165,-0.1617378558263319,-0.6201892226844657,0.33809616377248186,-0.49246134027899646,-0.6216307944711459,-0.37234031447388954,-0.31492318860059826,-0.6708064196317143,1.2981715335856332,-0.4421885641408914,0.8222948115649081,-0.6451239966845644,-0.5810160220117815,0.9026709338484401,-0.10962571771513507,2,0
1.8697391176479676,2,1,1.201368698669224,1.0633091032037203,3,1.1697805251007627,0,1.432344783164646,0.3796721288811475,-0.06744076383703446,4,-1.5679065665042957,0,1.174486066284707,2.529174743069745,0.6927795747987061,-1.5471474261915186,-0.6589728319256667,1.4159910129545328,-0.29074200561727487,0.9316033855643254,0.33809616377248186,-0.3287530249895065,-0.3430340664612116,-0.37234031447388954,-0.03469492755769292,-0.6708064196317143,-1.3803977858883367,-1.3265656924226743,-1.216108852854004,-0.6451239966845644,-0.5810160220117815,-1.1078234188139944,-1.1628924173311372,3,0
-1.081658654363161,1,2,-0.15218006509062498,-1.863777753930116,2,0.2546249253678617,1,0.8910731041795485,0.3796721288811475,-0.06744076383703446,7,1.1532535902386967,1,1.3625298380533777,-1.0742047368799348,-0.9853517398620016,1.4798801467918874,-0.6589728319256667,0.24198831185855807,-0.8067586047810468,0.1557070814399298,0.33809616377248186,-0.49246134027899646,-0.6216307944711459,-0.37234031447388954,-0.875379710686409,0.956397271554127,0.8903651732728226,1.3265656924226743,0.8222948115649081,1.5500896031448563,1.7211229331292395,0.9026709338484401,-1.1628924173311372,1,0
0.01145163156688656,2,1,0.09391971013843849,-1.863777753930116,1,1.1697805251007627,0,0.7926600716368035,0.3796721288811475,-0.9686946078410421,6,-1.5679065665042957,0,0.7858903794832314,-1.0742047368799348,-1.2250847848135313,-1.5471474261915186,-0.6589728319256667,1.4159910129545328,-0.6777544549901038,0.1557070814399298,-1.0778621289498782,-0.3287530249895065,-0.3430340664612116,0.5611564375612741,-0.31492318860059826,-1.4844082652246349,0.0823419010401195,-1.3265656924226743,-1.216108852854004,-0.6451239966845644,-0.5810160220117815,-1.1078234188139944,0.9436409819008672,3,0
0.12076266015989133,1,1,-0.8904793907778153,1.0633091032037203,1,-1.5756862740979403,0,0.448214457737196,1.7855109940078144,-0.06744076383703446,4,-1.5679065665042957,2,1.6544333611950286,1.3280482497531851,-0.18624159002356938,-1.5471474261915186,1.1914379855160337,-0.9320143892374165,0.741291192710269,-0.6201892226844657,0.33809616377248186,1.3083301279053936,0.7713528455785257,0.5611564375612741,2.2071311607855497,-1.4844082652246349,1.155489903798769,-0.4421885641408914,0.8222948115649081,-0.6451239966845644,-0.5810160220117815,-1.1078234188139944,0.9436409819008672,3,0
-0.3164814542121277,2,1,-0.8904793907778153,1.0633091032037203,3,0.2546249253678617,0,0.9894861367222936,-1.0261667362455194,-0.9686946078410421,6,-1.5679065665042957,2,-0.953303697973644,-0.6738292391077482,0.6927795747987061,-1.5471474261915186,0.26623257679518353,-0.9320143892374165,-0.6777544549901038,0.1557070814399298,0.33809616377248186,-0.16504470970001647,0.21415938955865704,-0.37234031447388954,-0.31492318860059826,-0.6708064196317143,1.6280595570644825,0.4421885641408914,0.8222948115649081,1.5500896031448563,1.7211229331292395,0.9026709338484401,-0.10962571771513507,2,0
-0.20717042561912297,2,2,-0.15218006509062498,1.0633091032037203,1,-1.5756862740979403,0,0.3005949089230785,0.3796721288811475,-0.9686946078410421,8,1.1532535902386967,1,0.8437932449306845,-0.6738292391077482,-0.10633057503972616,0.47087095579741883,-0.6589728319256667,0.24198831185855807,-1.0647669043629329,-1.3960855268088614,-1.0778621289498782,-0.6561696555684865,-0.6216307944711459,-0.6835058984856107,-0.5951514496435035,0.1427954259612064,0.8119408732126666,-0.4421885641408914,-1.216108852854004,-0.6451239966845644,-0.5810160220117815,0.9026709338484401,0.9436409819008672,3,0
-0.7537255685841467,2,1,-1.013529278392347,0.0876134841591082,1,1.1697805251007627,1,-1.3724266443035866,-2.432005601372186,-0.9686946078410421,2,0.24620020465769926,1,1.4141083614009875,0.12692175643662515,-1.2250847848135313,1.4798801467918874,0.26623257679518353,1.4159910129545328,-0.5487503051991608,-0.6201892226844657,0.33809616377248186,-0.8198779708579764,-0.6216307944711459,-0.6835058984856107,-0.5951514496435035,0.1427954259612064,1.8633324572449503,0.4421885641408914,0.8222948115649081,-0.6451239966845644,-0.5810160220117815,0.9026709338484401,-0.10962571771513507,2,0
0.33938471734590087,1,1,-0.8904793907778153,-0.8880821348855039,3,0.2546249253678617,0,-1.3724266443035866,1.7855109940078144,-0.06744076383703446,0,-0.6608531809232983,1,-0.6158649117131222,-0.6738292391077482,-0.18624159002356938,1.4798801467918874,1.1914379855160337,0.24198831185855807,-0.41974615540821786,-0.6201892226844657,0.33809616377248186,0.16237192087896354,0.7713528455785257,0.24999085354955286,0.8059898555710231,0.1427954259612064,-1.3019734858281808,1.3265656924226743,0.8222948115649081,1.5500896031448563,1.7211229331292395,0.9026709338484401,1.9969076815168694,1,0
-0.3164814542121277,2,2,-0.15218006509062498,-0.8880821348855039,1,0.2546249253678617,0,1.333931750621901,0.3796721288811475,-0.06744076383703446,7,-1.5679065665042957,1,-0.14167979516043552,0.9276727519809984,-0.9054407248781584,0.47087095579741883,-0.6589728319256667,0.24198831185855807,-0.6777544549901038,-1.3960855268088614,0.33809616377248186,-0.6561696555684865,-0.6216307944711459,-0.37234031447388954,-0.5951514496435035,0.1427954259612064,0.04490062230172249,0.4421885641408914,0.8222948115649081,-0.6451239966845644,-0.5810160220117815,0.9026709338484401,0.9436409819008672,3,1
0.5580067745319104,1,1,-0.15218006509062498,0.0876134841591082,1,-0.6605306743650393,1,0.005355811294843447,0.3796721288811475,2.6363207681749885,3,1.1532535902386967,0,0.26869973665161107,-0.6738292391077482,-0.18624159002356938,-0.5381382351970498,-0.6589728319256667,0.24198831185855807,1.6443202412468698,0.9316033855643254,-1.0778621289498782,2.7817049655108033,0.7713528455785257,3.672812277678486,1.3664463776568336,0.956397271554127,-0.43171673677354755,-1.3265656924226743,-1.216108852854004,-0.6451239966845644,-0.5810160220117815,-1.1078234188139944,1.9969076815168694,4,0
-1.5189027687351802,2,1,-0.39827984031968844,0.0876134841591082,1,0.2546249253678617,1,-0.14226373751927407,1.7855109940078144,-0.9686946078410421,2,-1.5679065665042957,1,-1.527413419703853,-0.6738292391077482,-1.2250847848135313,1.4798801467918874,0.26623257679518353,1.4159910129545328,-1.3227752039448188,-0.6201892226844657,0.33809616377248186,-1.1472946014369565,-1.1788242504910145,-0.6835058984856107,-1.1556079717293142,0.1427954259612064,-1.0004194030162266,0.4421885641408914,0.8222948115649081,-0.6451239966845644,-0.5810160220117815,0.9026709338484401,-1.1628924173311372,2,1
-1.4095917401421754,0,1,-0.02913017747609325,0.0876134841591082,1,0.2546249253678617,1,-0.2898832863333916,-1.0261667362455194,-0.9686946078410421,2,-0.6608531809232983,0,1.7199254371622934,-0.6738292391077482,0.6128685598148629,-1.5471474261915186,0.26623257679518353,2.5899937140505074,-1.3227752039448188,0.9316033855643254,0.33809616377248186,-0.9835862861474665,-1.1788242504910145,-0.6835058984856107,-1.1556079717293142,-0.6708064196317143,2.1502136064972626,-0.4421885641408914,0.8222948115649081,-0.6451239966845644,-0.5810160220117815,0.9026709338484401,-0.10962571771513507,2,0
1.651117060461958,2,1,0.21696959775297023,1.0633091032037203,1,1.1697805251007627,0,0.7926600716368035,0.3796721288811475,-0.06744076383703446,2,0.24620020465769926,1,1.055166812000999,2.1287992452975586,0.6927795747987061,1.4798801467918874,-0.6589728319256667,0.24198831185855807,-0.29074200561727487,0.1557070814399298,0.33809616377248186,-0.3287530249895065,-0.6216307944711459,-0.37234031447388954,-0.03469492755769292,0.956397271554127,0.35707993286376244,0.4421885641408914,0.8222948115649081,-0.6451239966845644,-0.5810160220117815,0.9026709338484401,0.9436409819008672,3,0
1.4324950032759485,2,1,-0.8904793907778153,0.0876134841591082,3,0.2546249253678617,1,-0.09305722124790157,0.3796721288811475,1.7350669241709809,5,0.24620020465769926,1,-1.044514765146938,0.9276727519809984,-0.026419560055882932,0.47087095579741883,1.1914379855160337,-0.9320143892374165,2.4183451399925278,0.1557070814399298,0.33809616377248186,-0.49246134027899646,-0.3430340664612116,-0.6835058984856107,-0.31492318860059826,0.1427954259612064,0.005435490658547263,-1.3265656924226743,0.8222948115649081,-0.6451239966845644,-0.5810160220117815,-1.1078234188139944,-1.1628924173311372,2,0
-0.8630365971771515,2,1,-1.013529278392347,-0.8880821348855039,1,-0.6605306743650393,0,-1.4708396768463317,-1.0261667362455194,-0.9686946078410421,2,-1.5679065665042957,1,-1.0714986247729354,-0.6738292391077482,0.7726905897825493,-1.5471474261915186,1.1914379855160337,0.24198831185855807,-1.3227752039448188,-1.3960855268088614,0.33809616377248186,-0.9835862861474665,-1.1788242504910145,-0.6835058984856107,-1.1556079717293142,-1.4844082652246349,-1.7876981829749528,-0.4421885641408914,-1.216108852854004,-0.6451239966845644,-0.5810160220117815,-1.1078234188139944,-0.10962571771513507,3,1
-0.4257924828051325,2,1,-0.2752299527051567,0.0876134841591082,3,0.2546249253678617,1,-0.8311549653184892,0.3796721288811475,0.8338130801669732,5,0.24620020465769926,1,1.6417846769953421,-1.0742047368799348,-1.2250847848135313,-1.5471474261915186,1.1914379855160337,-0.9320143892374165,0.35427874333744,0.1557070814399298,1.754054456494842,0.9809134973264135,1.3285463015983943,0.24999085354955286,0.8059898555710231,0.1427954259612064,0.0701987836114502,0.4421885641408914,0.8222948115649081,-0.6451239966845644,-0.5810160220117815,0.9026709338484401,0.9436409819008672,2,0
-0.4257924828051325,2,2,0.832219035825629,0.0876134841591082,2,-1.5756862740979403,0,0.15297536010896096,0.3796721288811475,-0.06744076383703446,7,-1.5679065665042957,2,1.7137416359980024,0.9276727519809984,1.4119787096532952,0.47087095579741883,0.26623257679518353,-0.9320143892374165,-0.6777544549901038,0.1557070814399298,0.33809616377248186,-0.6561696555684865,-0.6216307944711459,-0.6835058984856107,-0.5951514496435035,-2.2980101108175557,-0.03757138356798984,-1.3265656924226743,0.8222948115649081,-0.6451239966845644,-0.5810160220117815,-1.1078234188139944,0.9436409819008672,4,1
1.104561917496934,2,1,-0.8904793907778153,-0.8880821348855039,4,0.2546249253678617,0,-1.6184592256604493,0.3796721288811475,1.7350669241709809,3,1.1532535902386967,1,-0.18707451734375435,-0.6738292391077482,-0.9054407248781584,-1.5471474261915186,0.26623257679518353,0.24198831185855807,1.9023285408287558,0.1557070814399298,-1.0778621289498782,3.1091215960897833,2.7215299416480656,0.24999085354955286,-1.1556079717293142,0.1427954259612064,-1.7188871842124935,1.3265656924226743,-1.216108852854004,-0.6451239966845644,-0.5810160220117815,0.9026709338484401,-1.1628924173311372,3,0
-0.0978593970261182,2,1,-1.013529278392347,0.0876134841591082,4,0.2546249253678617,0,-1.5200461931177043,0.3796721288811475,-0.06744076383703446,4,-0.6608531809232983,1,1.2715998527511878,-1.0742047368799348,2.6106439344109433,0.47087095579741883,-1.584178240646517,0.24198831185855807,-0.1617378558263319,-0.6201892226844657,0.33809616377248186,0.32608023616845355,0.7713528455785257,-0.6835058984856107,0.24553333348521242,-1.4844082652246349,-2.2830361814194213,-1.3265656924226743,-1.216108852854004,-0.6451239966845644,-0.5810160220117815,-1.1078234188139944,3.0501743811328716,5,0
-0.8630365971771515,2,1,1.6935682491273512,-0.8880821348855039,1,0.2546249253678617,1,0.743453555365431,1.7855109940078144,-0.9686946078410421,6,0.24620020465769926,1,1.3303459638119535,-0.6738292391077482,0.37313551486333324,1.4798801467918874,0.26623257679518353,0.24198831185855807,-0.1617378558263319,0.1557070814399298,0.33809616377248186,0.48978855145794353,0.7713528455785257,-0.6835058984856107,0.8059898555710231,1.7699991171470477,0.23969646438662587,1.3265656924226743,0.8222948115649081,1.5500896031448563,-0.5810160220117815,0.9026709338484401,-1.1628924173311372,2,0
2.3069832320199866,2,1,-0.8904793907778153,1.0633091032037203,1,1.1697805251007627,1,-1.7168722582031943,0.3796721288811475,2.6363207681749885,5,-0.6608531809232983,2,1.6088980980761576,1.7284237475253719,1.6517117546048248,-0.5381382351970498,1.1914379855160337,-0.9320143892374165,3.7083866379019574,-0.6201892226844657,0.33809616377248186,3.9276631725372333,3.000126669658,3.361646693666765,1.0862181166139284,-0.6708064196317143,0.31154324250625254,1.3265656924226743,0.8222948115649081,1.5500896031448563,-0.5810160220117815,0.9026709338484401,-1.1628924173311372,2,1
-0.20717042561912297,2,1,-1.013529278392347,1.0633091032037203,1,1.1697805251007627,0,-1.2740136117608418,1.7855109940078144,-0.9686946078410421,6,0.24620020465769926,2,-0.1422419589026438,0.12692175643662515,0.0534914549279603,-0.5381382351970498,0.26623257679518353,-0.9320143892374165,-0.5487503051991608,-2.171981830933257,0.33809616377248186,-0.8198779708579764,-0.6216307944711459,-0.061174730462168335,-0.5951514496435035,-0.6708064196317143,1.0209036856310176,-0.4421885641408914,0.8222948115649081,-0.6451239966845644,-0.5810160220117815,0.9026709338484401,-0.10962571771513507,2,0
0.5580067745319104,2,1,-1.013529278392347,-0.8880821348855039,1,1.1697805251007627,0,-1.1263940629467242,-1.0261667362455194,-0.06744076383703446,4,1.1532535902386967,1,-1.4422456127592982,2.529174743069745,-0.5058856499589423,-0.5381382351970498,1.1914379855160337,0.24198831185855807,-0.41974615540821786,0.9316033855643254,0.33809616377248186,-0.49246134027899646,-0.3430340664612116,-0.6835058984856107,-0.5951514496435035,0.1427954259612064,-1.377867969757364,-0.4421885641408914,-1.216108852854004,-0.6451239966845644,-0.5810160220117815,-1.1078234188139944,-0.10962571771513507,2,0
-0.9723476257701563,2,1,-0.8904793907778153,1.0633091032037203,3,0.2546249253678617,1,-0.9787745141326066,0.3796721288811475,-0.9686946078410421,6,0.24620020465769926,2,0.2896403360488696,1.3280482497531851,0.13340246991180352,0.47087095579741883,1.1914379855160337,-0.9320143892374165,-0.8067586047810468,0.1557070814399298,-1.0778621289498782,-0.8198779708579764,-0.6216307944711459,-0.061174730462168335,-0.875379710686409,0.1427954259612064,0.8498881151772583,-0.4421885641408914,0.8222948115649081,-0.6451239966845644,-0.5810160220117815,-1.1078234188139944,-0.10962571771513507,2,1
-0.0978593970261182,2,0,0.4630693729820337,0.0876134841591082,0,0.2546249253678617,1,-1.4708396768463317,0.3796721288811475,-0.9686946078410421,1,-0.6608531809232983,1,1.576011519156973,0.5272972542088118,-0.2661526050074126,-0.5381382351970498,-0.6589728319256667,0.24198831185855807,-0.41974615540821786,-0.6201892226844657,0.33809616377248186,-0.3287530249895065,-0.6216307944711459,-0.6835058984856107,-0.03469492755769292,0.956397271554127,-1.1183088347195576,-1.3265656924226743,-1.216108852854004,-0.6451239966845644,-0.5810160220117815,-1.1078234188139944,1.9969076815168694,4,0
-0.5351035113981373,2,1,-0.6443796155487519,0.0876134841591082,1,0.2546249253678617,0,1.5799643319787637,-1.0261667362455194,-0.06744076383703446,4,0.24620020465769926,1,0.6761279088170641,-0.6738292391077482,-0.5058856499589423,-0.5381382351970498,0.26623257679518353,0.24198831185855807,0.35427874333744,0.1557070814399298,0.33809616377248186,1.1446218126159036,2.442933213638131,1.1834876055847166,1.0862181166139284,0.1427954259612064,-0.12712687460442593,-1.3265656924226743,-1.216108852854004,-0.6451239966845644,-0.5810160220117815,0.9026709338484401,0.9436409819008672,3,0
0.33938471734590087,1,1,0.832219035825629,1.0633091032037203,3,-1.5756862740979403,1,-0.7327419327757442,-1.0261667362455194,-0.06744076383703446,2,0.24620020465769926,2,-0.327474911960273,1.3280482497531851,-0.2661526050074126,0.47087095579741883,1.1914379855160337,-0.9320143892374165,-0.1617378558263319,2.4833959938131165,0.33809616377248186,-0.9835862861474665,-1.1788242504910145,-0.6835058984856107,-1.1556079717293142,0.956397271554127,1.2222770496564501,-0.4421885641408914,0.8222948115649081,-0.6451239966845644,-0.5810160220117815,-1.1078234188139944,-1.1628924173311372,2,0
-0.7537255685841467,2,1,-0.8904793907778153,0.0876134841591082,3,0.2546249253678617,0,-0.6835354165043717,-1.0261667362455194,-0.06744076383703446,4,1.1532535902386967,2,0.8321283472798626,0.9276727519809984,-0.5058856499589423,1.4798801467918874,-0.6589728319256667,-0.9320143892374165,0.09627044375555406,0.9316033855643254,-1.0778621289498782,-1.1472946014369565,-1.1788242504910145,-0.6835058984856107,-1.1556079717293142,0.1427954259612064,-0.4843369122977812,-1.3265656924226743,-1.216108852854004,-0.6451239966845644,-0.5810160220117815,-1.1078234188139944,-0.10962571771513507,3,0
0.8859398603109246,2,1,-0.8904793907778153,0.0876134841591082,1,-0.6605306743650393,0,1.432344783164646,-1.0261667362455194,-0.9686946078410421,6,0.24620020465769926,2,-1.1468285662288455,-0.6738292391077482,-0.026419560055882932,-0.5381382351970498,1.1914379855160337,-0.9320143892374165,-1.3227752039448188,0.1557070814399298,0.33809616377248186,-0.9835862861474665,-1.1788242504910145,-0.6835058984856107,-1.1556079717293142,-0.6708064196317143,-0.4352584793569094,0.4421885641408914,0.8222948115649081,1.5500896031448563,1.7211229331292395,0.9026709338484401,-0.10962571771513507,2,0
0.5580067745319104,2,1,2.4318675748145413,0.0876134841591082,1,-0.6605306743650393,1,1.5799643319787637,0.3796721288811475,-0.06744076383703446,4,-0.6608531809232983,1,-0.35235065755298955,-0.6738292391077482,0.4530465298471764,-0.5381382351970498,1.1914379855160337,0.24198831185855807,-0.1617378558263319,0.1557070814399298,-1.0778621289498782,0.32608023616845355,1.04994957358846,1.4946531895964377,1.0862181166139284,0.956397271554127,-0.7691942086453152,-0.4421885641408914,-1.216108852854004,-0.6451239966845644,-0.5810160220117815,0.9026709338484401,1.9969076815168694,4,0
0.12076266015989133,1,1,0.340019485367502,0.0876134841591082,1,-1.5756862740979403,1,-1.0279810304039791,-1.0261667362455194,-0.06744076383703446,0,-1.5679065665042957,0,-1.4094995747756656,-0.2734537413355615,-1.2250847848135313,0.47087095579741883,0.26623257679518353,0.24198831185855807,0.22527459354649704,0.1557070814399298,-1.0778621289498782,-0.49246134027899646,-0.3430340664612116,-0.37234031447388954,-0.5951514496435035,0.1427954259612064,-0.8066354873837123,-1.3265656924226743,-1.216108852854004,-0.6451239966845644,-0.5810160220117815,-1.1078234188139944,1.9969076815168694,2,0
-0.3164814542121277,1,1,0.832219035825629,1.0633091032037203,1,0.2546249253678617,0,1.6783773645215088,-1.0261667362455194,-0.9686946078410421,6,1.1532535902386967,2,-0.8442439319852372,-0.6738292391077482,0.7726905897825493,0.47087095579741883,0.26623257679518353,-0.9320143892374165,-0.6777544549901038,0.1557070814399298,0.33809616377248186,-0.3287530249895065,-0.6216307944711459,-0.37234031447388954,-0.31492318860059826,0.956397271554127,0.03478135777783141,1.3265656924226743,0.8222948115649081,1.5500896031448563,1.7211229331292395,0.9026709338484401,-1.1628924173311372,1,0
1.3231839746829437,2,2,0.21696959775297023,0.0876134841591082,2,0.2546249253678617,0,-1.1263940629467242,0.3796721288811475,0.8338130801669732,7,1.1532535902386967,1,-1.188007060345602,-0.6738292391077482,-0.9853517398620016,-0.5381382351970498,-1.584178240646517,1.4159910129545328,-0.29074200561727487,0.1557070814399298,1.754054456494842,0.32608023616845355,1.04994957358846,1.4946531895964377,0.8059898555710231,0.956397271554127,-1.9900834734527746,0.4421885641408914,-1.216108852854004,-0.6451239966845644,-0.5810160220117815,0.9026709338484401,-0.10962571771513507,4,1
1.9790501462409722,2,2,-0.8904793907778153,-1.863777753930116,3,0.2546249253678617,1,-1.4216331605749593,0.3796721288811475,-0.06744076383703446,7,1.1532535902386967,2,1.0127234494642736,0.5272972542088118,1.2521566796856087,0.47087095579741883,0.26623257679518353,-0.9320143892374165,0.09627044375555406,0.1557070814399298,-1.0778621289498782,0.32608023616845355,0.7713528455785257,1.4946531895964377,-0.31492318860059826,0.956397271554127,-1.7892160726535364,0.4421885641408914,0.8222948115649081,1.5500896031448563,-0.5810160220117815,0.9026709338484401,-1.1628924173311372,2,1
0.6673178031249152,2,1,0.5861192605965654,-0.8880821348855039,1,-0.6605306743650393,1,1.3831382668932737,0.3796721288811475,1.7350669241709809,5,-1.5679065665042957,1,-1.280764077809969,1.3280482497531851,-0.026419560055882932,1.4798801467918874,0.26623257679518353,0.24198831185855807,1.3863119416649838,0.1557070814399298,0.33809616377248186,-0.49246134027899646,-0.9002275224810803,-0.37234031447388954,-1.1556079717293142,0.956397271554127,0.10156850363551256,0.4421885641408914,0.8222948115649081,-0.6451239966845644,-0.5810160220117815,0.9026709338484401,-0.10962571771513507,2,0
-1.081658654363161,2,1,-0.5213297279342202,-1.863777753930116,5,0.2546249253678617,1,-1.1756005792180968,-1.0261667362455194,0.8338130801669732,5,1.1532535902386967,0,-0.7689139905293272,-0.6738292391077482,0.9325126197502358,0.47087095579741883,-0.6589728319256667,0.24198831185855807,-0.29074200561727487,0.1557070814399298,0.33809616377248186,0.32608023616845355,1.04994957358846,-0.6835058984856107,1.0862181166139284,0.956397271554127,-0.1969497998192744,-1.3265656924226743,-1.216108852854004,-0.6451239966845644,-0.5810160220117815,-1.1078234188139944,-1.1628924173311372,2,0
-0.20717042561912297,2,1,-0.2752299527051567,0.0876134841591082,4,0.2546249253678617,1,-0.3390898026047641,0.3796721288811475,0.8338130801669732,4,0.24620020465769926,2,0.6402899702512861,0.12692175643662515,-1.1451737698296882,1.4798801467918874,-0.6589728319256667,-0.9320143892374165,0.741291192710269,0.1557070814399298,1.754054456494842,0.16237192087896354,0.21415938955865704,-0.37234031447388954,0.5257615945281178,0.1427954259612064,0.15165886302877343,0.4421885641408914,0.8222948115649081,1.5500896031448563,-0.5810160220117815,-1.1078234188139944,-0.10962571771513507,1,0
-0.9723476257701563,2,2,-0.8904793907778153,1.0633091032037203,2,-0.6605306743650393,0,0.743453555365431,0.3796721288811475,-0.06744076383703446,7,-0.6608531809232983,1,-1.4918565630091791,-0.6738292391077482,-1.2250847848135313,0.47087095579741883,-1.584178240646517,-0.9320143892374165,-0.41974615540821786,-0.6201892226844657,0.33809616377248186,0.16237192087896354,0.7713528455785257,1.4946531895964377,0.24553333348521242,0.1427954259612064,0.3778244251377392,0.4421885641408914,0.8222948115649081,-0.6451239966845644,-0.5810160220117815,0.9026709338484401,0.9436409819008672,3,0
-0.3164814542121277,2,0,-0.7674295031632836,-0.8880821348855039,0,0.2546249253678617,1,1.0878991692650386,0.3796721288811475,-0.9686946078410421,1,1.1532535902386967,1,-1.6963436242374421,-1.0742047368799348,-0.8255297098943152,1.4798801467918874,0.26623257679518353,0.24198831185855807,-0.9357627545719898,-1.3960855268088614,-2.4938204216722384,-0.6561696555684865,-0.6216307944711459,-0.6835058984856107,-0.5951514496435035,0.1427954259612064,-0.35986995865392085,1.3265656924226743,0.8222948115649081,1.5500896031448563,1.7211229331292395,0.9026709338484401,0.9436409819008672,1,0
-1.1909696829561658,1,1,-0.5213297279342202,-0.8880821348855039,3,0.2546249253678617,0,1.0878991692650386,-1.0261667362455194,-0.9686946078410421,6,0.24620020465769926,1,0.9254475284864376,-0.6738292391077482,0.6927795747987061,0.47087095579741883,-1.584178240646517,0.24198831185855807,-0.41974615540821786,-0.6201892226844657,0.33809616377248186,0.16237192087896354,0.7713528455785257,-0.37234031447388954,0.8059898555710231,-0.6708064196317143,-1.2281028548037758,-1.3265656924226743,0.8222948115649081,-0.6451239966845644,-0.5810160220117815,-1.1078234188139944,-0.10962571771513507,2,1
-1.081658654363161,0,1,-0.7674295031632836,0.0876134841591082,3,1.1697805251007627,1,-0.7819484490471167,0.3796721288811475,-0.9686946078410421,6,1.1532535902386967,1,0.3173269003526275,-0.6738292391077482,1.4119787096532952,-1.5471474261915186,0.26623257679518353,2.5899937140505074,-1.4517793537357617,2.4833959938131165,-1.0778621289498782,-1.1472946014369565,-1.1788242504910145,-0.6835058984856107,-1.1556079717293142,0.1427954259612064,0.4764872542456772,0.4421885641408914,0.8222948115649081,-0.6451239966845644,-0.5810160220117815,0.9026709338484401,-0.10962571771513507,2,0
1.5418060318689533,2,2,2.0627179119709464,1.0633091032037203,2,-1.5756862740979403,0,0.005355811294843447,0.3796721288811475,1.7350669241709809,3,0.24620020465769926,1,-1.225390949202453,-0.2734537413355615,1.8914447995563546,0.47087095579741883,0.26623257679518353,0.24198831185855807,2.289340990201585,-0.6201892226844657,-1.0778621289498782,2.1268717043528436,0.4927561175685914,0.5611564375612741,3.6082724660000762,1.7699991171470477,-0.3882038993208159,1.3265656924226743,0.8222948115649081,1.5500896031448563,-0.5810160220117815,0.9026709338484401,0.9436409819008672,3,0
0.7766288317179199,2,1,-0.6443796155487519,0.0876134841591082,3,1.1697805251007627,1,-0.7819484490471167,0.3796721288811475,-0.06744076383703446,0,-0.6608531809232983,2,-1.281185700616625,2.529174743069745,0.4530465298471764,-0.5381382351970498,1.1914379855160337,-0.9320143892374165,-0.1617378558263319,-0.6201892226844657,-1.0778621289498782,-0.3287530249895065,-0.6216307944711459,-0.061174730462168335,-0.31492318860059826,-0.6708064196317143,-1.0889629676002734,-1.3265656924226743,-1.216108852854004,-0.6451239966845644,-0.5810160220117815,-1.1078234188139944,0.9436409819008672,2,0
-1.3002807115491706,2,1,-0.8904793907778153,-1.863777753930116,3,-1.5756862740979403,1,-0.043850704976529056,1.7855109940078144,-0.9686946078410421,6,-1.5679065665042957,2,1.0286045751816575,1.7284237475253719,1.4918897246371383,-0.5381382351970498,0.26623257679518353,-0.9320143892374165,-0.6777544549901038,0.1557070814399298,-1.0778621289498782,-0.49246134027899646,-0.3430340664612116,-0.6835058984856107,-0.875379710686409,-2.2980101108175557,-0.26070116631978824,-1.3265656924226743,0.8222948115649081,-0.6451239966845644,-0.5810160220117815,-1.1078234188139944,0.9436409819008672,3,0
-0.4257924828051325,2,2,-1.013529278392347,0.0876134841591082,3,-1.5756862740979403,1,-0.8803614815898617,1.7855109940078144,-0.06744076383703446,7,-1.5679065665042957,0,1.0544641073232386,-0.6738292391077482,1.5718007396209817,1.4798801467918874,-1.584178240646517,0.24198831185855807,-0.29074200561727487,1.707499689688721,0.33809616377248186,0.32608023616845355,1.04994957358846,-0.6835058984856107,1.0862181166139284,-1.4844082652246349,0.024662093253940323,-0.4421885641408914,0.8222948115649081,-0.6451239966845644,-0.5810160220117815,-1.1078234188139944,-0.10962571771513507,3,0
-0.20717042561912297,2,1,2.185767799585478,-1.863777753930116,3,0.2546249253678617,0,-0.6343289002329991,-1.0261667362455194,-0.9686946078410421,6,-1.5679065665042957,2,0.49735983879483014,-0.6738292391077482,1.0923346497179223,-1.5471474261915186,1.1914379855160337,-0.9320143892374165,-0.6777544549901038,0.1557070814399298,-1.0778621289498782,-0.16504470970001647,0.21415938955865704,-0.37234031447388954,-0.875379710686409,0.956397271554127,-0.8015758551217667,-0.4421885641408914,0.8222948115649081,-0.6451239966845644,-0.5810160220117815,0.9026709338484401,-0.10962571771513507,3,0
-0.0978593970261182,2,2,-1.013529278392347,-0.8880821348855039,1,-0.6605306743650393,1,-0.4867093514188816,0.3796721288811475,-0.06744076383703446,7,1.1532535902386967,1,-1.614829881617241,-0.6738292391077482,-0.8255297098943152,0.47087095579741883,1.1914379855160337,0.24198831185855807,0.870295342501212,-1.3960855268088614,-1.0778621289498782,1.7994550737738635,2.7215299416480656,0.5611564375612741,1.9269028997426445,0.1427954259612064,-0.7479437531451439,1.3265656924226743,0.8222948115649081,-0.6451239966845644,-0.5810160220117815,0.9026709338484401,-0.10962571771513507,2,0
-0.5351035113981373,2,2,0.4630693729820337,1.0633091032037203,1,-0.6605306743650393,1,0.349801425194451,0.3796721288811475,-0.06744076383703446,7,1.1532535902386967,0,-0.7115732888240823,-0.2734537413355615,0.21331348489564675,-1.5471474261915186,0.26623257679518353,0.24198831185855807,-0.41974615540821786,0.1557070814399298,-1.0778621289498782,-0.3287530249895065,-0.6216307944711459,-0.6835058984856107,-0.31492318860059826,0.956397271554127,0.39654506450693766,-0.4421885641408914,-1.216108852854004,-0.6451239966845644,-0.5810160220117815,-1.1078234188139944,0.9436409819008672,3,0
-0.7537255685841467,1,1,-0.5213297279342202,1.0633091032037203,1,-0.6605306743650393,1,0.448214457737196,-1.0261667362455194,-0.9686946078410421,6,1.1532535902386967,0,-1.678073302615673,2.529174743069745,0.13340246991180352,-1.5471474261915186,-0.6589728319256667,0.24198831185855807,-0.1617378558263319,0.1557070814399298,-1.0778621289498782,-0.3287530249895065,-0.06443733845127728,-0.6835058984856107,-0.31492318860059826,-0.6708064196317143,-0.28144565859376497,-1.3265656924226743,-1.216108852854004,-0.6451239966845644,-0.5810160220117815,-1.1078234188139944,0.9436409819008672,3,0
1.7604280890549628,2,2,-0.2752299527051567,-0.8880821348855039,2,-1.5756862740979403,0,0.5958340065513135,-1.0261667362455194,0.8338130801669732,7,1.1532535902386967,1,0.8997285372804087,1.7284237475253719,-1.2250847848135313,0.47087095579741883,1.1914379855160337,0.24198831185855807,3.0633658889472426,0.1557070814399298,0.33809616377248186,-0.3287530249895065,-0.6216307944711459,-0.6835058984856107,-0.03469492755769292,0.956397271554127,-0.42969288386876936,1.3265656924226743,0.8222948115649081,1.5500896031448563,1.7211229331292395,0.9026709338484401,-0.10962571771513507,2,0
0.8859398603109246,2,2,-0.02913017747609325,0.0876134841591082,2,1.1697805251007627,1,0.3990079414658235,0.3796721288811475,0.8338130801669732,7,-1.5679065665042957,0,0.6922901164055523,0.5272972542088118,-0.10633057503972616,-0.5381382351970498,0.26623257679518353,0.24198831185855807,0.870295342501212,-0.6201892226844657,0.33809616377248186,-0.3287530249895065,-0.06443733845127728,-0.6835058984856107,-0.5951514496435035,-1.4844082652246349,-0.9498230803967711,-0.4421885641408914,0.8222948115649081,-0.6451239966845644,-0.5810160220117815,-1.1078234188139944,-0.10962571771513507,2,0
-0.5351035113981373,2,1,-0.15218006509062498,-0.8880821348855039,3,0.2546249253678617,0,1.235518718079156,1.7855109940078144,-0.06744076383703446,6,0.24620020465769926,1,1.103091271024255,0.9276727519809984,-0.5058856499589423,-0.5381382351970498,0.26623257679518353,0.24198831185855807,-0.29074200561727487,0.1557070814399298,-1.0778621289498782,-0.3287530249895065,-0.3430340664612116,-0.37234031447388954,-0.31492318860059826,-0.6708064196317143,-0.7590749441214242,0.4421885641408914,0.8222948115649081,-0.6451239966845644,-0.5810160220117815,0.9026709338484401,0.9436409819008672,3,0
1.651117060461958,1,1,1.9396680243564146,1.0633091032037203,3,0.2546249253678617,0,0.743453555365431,-1.0261667362455194,1.7350669241709809,4,1.1532535902386967,1,0.6626359790040653,0.12692175643662515,0.13340246991180352,1.4798801467918874,0.26623257679518353,-0.9320143892374165,2.5473492897834706,0.1557070814399298,0.33809616377248186,0.32608023616845355,1.04994957358846,-0.6835058984856107,-1.1556079717293142,1.7699991171470477,0.8402748138795617,-0.4421885641408914,-1.216108852854004,-0.6451239966845644,-0.5810160220117815,0.9026709338484401,-1.1628924173311372,2,0
0.01145163156688656,2,2,0.832219035825629,1.0633091032037203,2,1.1697805251007627,1,0.005355811294843447,-1.0261667362455194,-0.06744076383703446,7,0.24620020465769926,0,1.4398273526070164,0.5272972542088118,0.37313551486333324,1.4798801467918874,1.1914379855160337,1.4159910129545328,-0.29074200561727487,-0.6201892226844657,0.33809616377248186,-0.9835862861474665,-1.1788242504910145,-0.6835058984856107,-1.1556079717293142,0.1427954259612064,-0.05477413325860469,-0.4421885641408914,0.8222948115649081,-0.6451239966845644,-0.5810160220117815,0.9026709338484401,-1.1628924173311372,2,0
-0.9723476257701563,2,0,-0.15218006509062498,-0.8880821348855039,3,-0.6605306743650393,1,-0.14226373751927407,-1.0261667362455194,-0.9686946078410421,1,1.1532535902386967,0,1.3564865778246387,-0.6738292391077482,0.13340246991180352,0.47087095579741883,1.1914379855160337,0.24198831185855807,-0.6777544549901038,2.4833959938131165,0.33809616377248186,-0.3287530249895065,-0.9002275224810803,-0.6835058984856107,-0.03469492755769292,0.956397271554127,-0.20656310111697093,1.3265656924226743,0.8222948115649081,1.5500896031448563,1.7211229331292395,0.9026709338484401,-1.1628924173311372,1,0
-1.628213797328185,2,1,-1.013529278392347,-0.8880821348855039,1,1.1697805251007627,1,-1.6184592256604493,-1.0261667362455194,-0.06744076383703446,4,1.1532535902386967,1,0.6792198093992097,1.3280482497531851,-0.5857966649427855,1.4798801467918874,-1.584178240646517,1.4159910129545328,-0.9357627545719898,-0.6201892226844657,-2.4938204216722384,-0.8198779708579764,-0.6216307944711459,-0.061174730462168335,-0.5951514496435035,0.956397271554127,-1.6677848983668435,-1.3265656924226743,-1.216108852854004,-0.6451239966845644,-0.5810160220117815,-1.1078234188139944,-1.1628924173311372,2,0
0.7766288317179199,2,1,-0.15218006509062498,1.0633091032037203,1,-1.5756862740979403,1,-0.19147025379064658,1.7855109940078144,-0.9686946078410421,2,1.1532535902386967,1,-1.3026884637560918,-0.2734537413355615,-0.5058856499589423,0.47087095579741883,0.26623257679518353,0.24198831185855807,-0.1617378558263319,-0.6201892226844657,-1.0778621289498782,-0.6561696555684865,-0.6216307944711459,-0.6835058984856107,-0.5951514496435035,0.956397271554127,2.1537553490806243,-0.4421885641408914,-1.216108852854004,-0.6451239966845644,-0.5810160220117815,-1.1078234188139944,-0.10962571771513507,3,0
0.5580067745319104,1,1,-0.8904793907778153,-1.863777753930116,3,-0.6605306743650393,1,-1.5200461931177043,0.3796721288811475,-0.9686946078410421,6,1.1532535902386967,2,-0.7371517390945592,0.9276727519809984,-0.9054407248781584,0.47087095579741883,1.1914379855160337,-0.9320143892374165,-0.41974615540821786,-0.6201892226844657,0.33809616377248186,-0.8198779708579764,-0.9002275224810803,-0.061174730462168335,-0.5951514496435035,0.956397271554127,-1.6940949861289603,0.4421885641408914,0.8222948115649081,-0.6451239966845644,-0.5810160220117815,-1.1078234188139944,-1.1628924173311372,2,0
-0.0978593970261182,2,0,-0.15218006509062498,0.0876134841591082,1,-1.5756862740979403,1,0.5466274902799411,-1.0261667362455194,-0.9686946078410421,1,-1.5679065665042957,1,-0.7980059641886059,-1.0742047368799348,-0.34606361999125584,1.4798801467918874,0.26623257679518353,-0.9320143892374165,-0.6777544549901038,0.1557070814399298,0.33809616377248186,-0.3287530249895065,-0.06443733845127728,-0.6835058984856107,-0.31492318860059826,-1.4844082652246349,0.0013877848489908299,1.3265656924226743,0.8222948115649081,1.5500896031448563,1.7211229331292395,0.9026709338484401,-1.1628924173311372,1,0
-1.3002807115491706,2,2,-0.7674295031632836,-1.863777753930116,4,0.2546249253678617,1,1.5799643319787637,0.3796721288811475,-0.06744076383703446,7,-1.5679065665042957,1,0.007012514653655324,-0.6738292391077482,-1.2250847848135313,0.47087095579741883,1.1914379855160337,-0.9320143892374165,-0.8067586047810468,0.1557070814399298,0.33809616377248186,-0.3287530249895065,-0.3430340664612116,-0.6835058984856107,-0.31492318860059826,-0.6708064196317143,1.7019301880888875,1.3265656924226743,0.8222948115649081,1.5500896031448563,1.7211229331292395,0.9026709338484401,-0.10962571771513507,1,0
-0.20717042561912297,2,1,-0.02913017747609325,0.0876134841591082,1,1.1697805251007627,0,0.005355811294843447,-1.0261667362455194,0.8338130801669732,4,0.24620020465769926,1,1.2850917825641865,-0.6738292391077482,-1.2250847848135313,1.4798801467918874,-0.6589728319256667,0.24198831185855807,0.741291192710269,-0.6201892226844657,0.33809616377248186,1.6357467584843735,2.7215299416480656,0.8723220215729953,3.047815943914266,0.1427954259612064,2.6167117010486414,1.3265656924226743,0.8222948115649081,1.5500896031448563,1.7211229331292395,0.9026709338484401,1.9969076815168694,2,0
-0.20717042561912297,1,1,1.9396680243564146,1.0633091032037203,1,1.1697805251007627,0,1.4815512994360187,0.3796721288811475,-0.9686946078410421,6,-0.6608531809232983,0,0.32308907871026243,-0.6738292391077482,-0.5857966649427855,0.47087095579741883,-1.584178240646517,0.24198831185855807,-0.1617378558263319,0.1557070814399298,-1.0778621289498782,0.48978855145794353,-0.6216307944711459,1.4946531895964377,1.0862181166139284,0.956397271554127,-0.5222841542623727,-0.4421885641408914,-1.216108852854004,-0.6451239966845644,-0.5810160220117815,0.9026709338484401,0.9436409819008672,3,0
-0.5351035113981373,0,1,-1.013529278392347,0.0876134841591082,1,1.1697805251007627,1,-0.2406767700620191,0.3796721288811475,-0.9686946078410421,2,1.1532535902386967,0,-0.7259084642503936,-1.0742047368799348,-1.0652627548458449,-0.5381382351970498,-0.6589728319256667,0.24198831185855807,-0.9357627545719898,-0.6201892226844657,0.33809616377248186,-0.6561696555684865,-1.1788242504910145,-0.6835058984856107,-0.5951514496435035,0.1427954259612064,-0.3128153786178273,1.3265656924226743,0.8222948115649081,1.5500896031448563,1.7211229331292395,0.9026709338484401,-1.1628924173311372,1,0
-1.3002807115491706,2,2,-0.6443796155487519,-1.863777753930116,2,0.2546249253678617,1,1.038692652993666,-1.0261667362455194,-0.06744076383703446,7,-1.5679065665042957,1,0.5398032013315555,-0.6738292391077482,0.7726905897825493,-1.5471474261915186,-1.584178240646517,-0.9320143892374165,-0.8067586047810468,-1.3960855268088614,1.754054456494842,-0.3287530249895065,-0.6216307944711459,-0.6835058984856107,-0.31492318860059826,-1.4844082652246349,1.390256840753042,1.3265656924226743,0.8222948115649081,1.5500896031448563,1.7211229331292395,0.9026709338484401,0.9436409819008672,1,0
1.3231839746829437,2,1,-1.013529278392347,0.0876134841591082,5,0.2546249253678617,0,-1.4708396768463317,0.3796721288811475,-0.9686946078410421,6,-1.5679065665042957,1,-0.5283079088641821,-0.2734537413355615,0.4530465298471764,0.47087095579741883,-0.6589728319256667,0.24198831185855807,-0.5487503051991608,-0.6201892226844657,0.33809616377248186,-0.49246134027899646,-0.6216307944711459,-0.6835058984856107,-0.5951514496435035,-1.4844082652246349,-1.681951868700291,-0.4421885641408914,-1.216108852854004,-0.6451239966845644,-0.5810160220117815,-1.1078234188139944,-0.10962571771513507,5,0
-1.4095917401421754,0,1,-0.6443796155487519,-1.863777753930116,1,-1.5756862740979403,1,-0.9787745141326066,-1.0261667362455194,-0.9686946078410421,2,1.1532535902386967,1,-0.4968267393005183,-1.0742047368799348,-0.6657076799266287,0.47087095579741883,1.1914379855160337,-0.9320143892374165,-0.6777544549901038,-0.6201892226844657,-1.0778621289498782,-0.3287530249895065,-0.6216307944711459,0.24999085354955286,-0.03469492755769292,-0.6708064196317143,-0.3128153786178273,1.3265656924226743,0.8222948115649081,-0.6451239966845644,1.7211229331292395,0.9026709338484401,-1.1628924173311372,2,0
-0.5351035113981373,1,2,-0.5213297279342202,-0.8880821348855039,1,-0.6605306743650393,1,-0.8803614815898617,0.3796721288811475,-0.06744076383703446,7,-0.6608531809232983,1,-0.7620274846872758,-0.6738292391077482,2.6905549493947865,0.47087095579741883,1.1914379855160337,0.24198831185855807,-0.1617378558263319,0.1557070814399298,0.33809616377248186,0.48978855145794353,1.04994957358846,0.8723220215729953,-0.31492318860059826,0.1427954259612064,-0.22073007145041845,0.4421885641408914,-1.216108852854004,-0.6451239966845644,-0.5810160220117815,-1.1078234188139944,0.9436409819008672,3,0
0.12076266015989133,2,2,-0.02913017747609325,0.0876134841591082,2,-0.6605306743650393,1,1.5799643319787637,-1.0261667362455194,-0.9686946078410421,8,-0.6608531809232983,1,-0.31075054062957663,-1.0742047368799348,0.4530465298471764,1.4798801467918874,1.1914379855160337,0.24198831185855807,-1.0647669043629329,0.1557070814399298,0.33809616377248186,-0.8198779708579764,-0.6216307944711459,-0.37234031447388954,-0.5951514496435035,0.956397271554127,0.264488662470159,1.3265656924226743,0.8222948115649081,1.5500896031448563,1.7211229331292395,0.9026709338484401,-1.1628924173311372,2,0
0.5580067745319104,2,1,-0.7674295031632836,0.0876134841591082,1,0.2546249253678617,0,1.432344783164646,1.7855109940078144,-0.06744076383703446,2,1.1532535902386967,1,1.3228972942276938,-0.2734537413355615,-0.5058856499589423,-0.5381382351970498,-0.6589728319256667,0.24198831185855807,0.741291192710269,-1.3960855268088614,-1.0778621289498782,-0.3287530249895065,-0.3430340664612116,-0.37234031447388954,-0.31492318860059826,0.1427954259612064,0.4137478141975525,0.4421885641408914,0.8222948115649081,-0.6451239966845644,-0.5810160220117815,0.9026709338484401,0.9436409819008672,3,0
-0.6444145399911421,2,1,0.21696959775297023,1.0633091032037203,1,1.1697805251007627,1,-0.8803614815898617,0.3796721288811475,-0.9686946078410421,6,1.1532535902386967,1,0.07840730991410726,0.12692175643662515,-1.1451737698296882,1.4798801467918874,-0.6589728319256667,0.24198831185855807,-0.41974615540821786,-0.6201892226844657,0.33809616377248186,-0.16504470970001647,-0.06443733845127728,-0.6835058984856107,-0.5951514496435035,0.1427954259612064,0.7957500499744409,1.3265656924226743,0.8222948115649081,-0.6451239966845644,-0.5810160220117815,0.9026709338484401,-1.1628924173311372,2,0
-0.8630365971771515,2,2,-1.013529278392347,0.0876134841591082,3,-0.6605306743650393,0,-0.8803614815898617,-1.0261667362455194,-0.9686946078410421,8,0.24620020465769926,0,1.2942269433750713,1.3280482497531851,1.4918897246371383,1.4798801467918874,0.26623257679518353,2.5899937140505074,-0.8067586047810468,0.1557070814399298,0.33809616377248186,-0.6561696555684865,-0.6216307944711459,-0.6835058984856107,-0.5951514496435035,0.1427954259612064,-1.5483775769849286,-1.3265656924226743,-1.216108852854004,-0.6451239966845644,-0.5810160220117815,-1.1078234188139944,0.9436409819008672,3,1
1.7604280890549628,2,2,-0.15218006509062498,0.0876134841591082,2,-1.5756862740979403,1,0.349801425194451,0.3796721288811475,1.7350669241709809,7,1.1532535902386967,1,1.1912104376154034,0.9276727519809984,-1.0652627548458449,0.47087095579741883,0.26623257679518353,0.24198831185855807,2.160336840410642,0.1557070814399298,0.33809616377248186,-0.8198779708579764,-1.1788242504910145,-0.061174730462168335,-0.5951514496435035,0.956397271554127,0.32621617606589465,1.3265656924226743,0.8222948115649081,1.5500896031448563,-0.5810160220117815,0.9026709338484401,-0.10962571771513507,1,0
-0.4257924828051325,2,1,-0.5213297279342202,-0.8880821348855039,1,1.1697805251007627,1,0.5958340065513135,-1.0261667362455194,0.8338130801669732,7,-0.6608531809232983,1,-0.7285787420258829,-0.6738292391077482,-0.5857966649427855,0.47087095579741883,-1.584178240646517,-0.9320143892374165,-0.032733706035388915,-0.6201892226844657,0.33809616377248186,0.6534968667474336,1.3285463015983943,1.1834876055847166,-0.03469492755769292,0.956397271554127,0.07778823200436852,-1.3265656924226743,-1.216108852854004,-0.6451239966845644,-0.5810160220117815,-1.1078234188139944,-0.10962571771513507,4,0
0.01145163156688656,1,2,1.4474684738982875,-0.8880821348855039,3,0.2546249253678617,0,-0.5851223839616266,0.3796721288811475,-0.9686946078410421,8,1.1532535902386967,1,0.9709827916053085,0.9276727519809984,0.6927795747987061,0.47087095579741883,-0.6589728319256667,0.24198831185855807,-0.1617378558263319,0.1557070814399298,0.33809616377248186,-0.3287530249895065,-0.06443733845127728,-0.6835058984856107,-1.1556079717293142,1.7699991171470477,-0.440318111618855,0.4421885641408914,-1.216108852854004,-0.6451239966845644,-0.5810160220117815,0.9026709338484401,-1.1628924173311372,3,0
1.7604280890549628,2,1,1.6935682491273512,1.0633091032037203,1,1.1697805251007627,0,0.3005949089230785,0.3796721288811475,1.7350669241709809,5,1.1532535902386967,2,0.8281932010844046,1.3280482497531851,0.8526016047663926,0.47087095579741883,0.26623257679518353,-0.9320143892374165,2.805357589365357,-2.171981830933257,0.33809616377248186,0.8172051820369235,1.3285463015983943,0.24999085354955286,1.0862181166139284,1.7699991171470477,1.249599063870956,1.3265656924226743,0.8222948115649081,1.5500896031448563,-0.5810160220117815,0.9026709338484401,-1.1628924173311372,1,0
0.6673178031249152,1,1,-1.013529278392347,0.0876134841591082,1,1.1697805251007627,0,-1.6184592256604493,0.3796721288811475,-0.06744076383703446,0,1.1532535902386967,1,1.049685715514468,0.5272972542088118,0.7726905897825493,-0.5381382351970498,-0.6589728319256667,0.24198831185855807,0.09627044375555406,-0.6201892226844657,-1.0778621289498782,-0.3287530249895065,-0.6216307944711459,-0.061174730462168335,-0.5951514496435035,0.1427954259612064,-1.8732059682018325,-0.4421885641408914,-1.216108852854004,-0.6451239966845644,-0.5810160220117815,-1.1078234188139944,0.9436409819008672,3,0
1.104561917496934,2,2,-0.8904793907778153,-0.8880821348855039,2,0.2546249253678617,0,-1.5200461931177043,0.3796721288811475,-0.06744076383703446,7,1.1532535902386967,1,0.48766251424173723,-1.0742047368799348,-0.6657076799266287,1.4798801467918874,-1.584178240646517,0.24198831185855807,-0.41974615540821786,-0.6201892226844657,0.33809616377248186,-0.001336394410526465,0.4927561175685914,1.4946531895964377,0.8059898555710231,0.1427954259612064,-1.877253674011389,0.4421885641408914,-1.216108852854004,-0.6451239966845644,-0.5810160220117815,0.9026709338484401,0.9436409819008672,2,0
0.01145163156688656,0,2,1.201368698669224,-0.8880821348855039,3,-1.5756862740979403,1,-1.6676657419318217,0.3796721288811475,0.8338130801669732,7,-0.6608531809232983,2,-1.3350128789330682,-0.6738292391077482,-1.1451737698296882,-1.5471474261915186,1.1914379855160337,-0.9320143892374165,-0.1617378558263319,-0.6201892226844657,0.33809616377248186,0.48978855145794353,-1.1788242504910145,-0.6835058984856107,1.3664463776568336,0.956397271554127,-1.9652912753692413,-0.4421885641408914,-1.216108852854004,-0.6451239966845644,-0.5810160220117815,0.9026709338484401,-0.10962571771513507,3,0
1.4324950032759485,0,1,-0.8904793907778153,1.0633091032037203,1,-1.5756862740979403,1,1.5799643319787637,0.3796721288811475,1.7350669241709809,3,-1.5679065665042957,0,-1.3729589315321273,-0.6738292391077482,-0.6657076799266287,-1.5471474261915186,1.1914379855160337,0.24198831185855807,2.5473492897834706,0.1557070814399298,0.33809616377248186,3.9276631725372333,0.4927561175685914,3.672812277678486,0.8059898555710231,-1.4844082652246349,0.5458042162343312,0.4421885641408914,0.8222948115649081,-0.6451239966845644,-0.5810160220117815,-1.1078234188139944,-0.10962571771513507,3,0
0.23007368875289608,2,0,-0.8904793907778153,0.0876134841591082,1,1.1697805251007627,0,-1.1756005792180968,-1.0261667362455194,-0.06744076383703446,1,1.1532535902386967,1,-0.9167630547301057,2.1287992452975586,-1.0652627548458449,-1.5471474261915186,0.26623257679518353,1.4159910129545328,0.22527459354649704,-0.6201892226844657,0.33809616377248186,-0.3287530249895065,-0.06443733845127728,-0.6835058984856107,-0.03469492755769292,0.1427954259612064,-1.1299459889220325,1.3265656924226743,0.8222948115649081,1.5500896031448563,1.7211229331292395,0.9026709338484401,0.9436409819008672,1,0
-0.4257924828051325,2,0,-0.7674295031632836,-0.8880821348855039,0,1.1697805251007627,1,-0.4375028351475091,0.3796721288811475,-0.9686946078410421,1,-0.6608531809232983,0,1.1716752475736656,0.12692175643662515,-0.2661526050074126,-1.5471474261915186,0.26623257679518353,0.24198831185855807,-0.5487503051991608,0.9316033855643254,1.754054456494842,-0.49246134027899646,-0.3430340664612116,-0.6835058984856107,-0.31492318860059826,-1.4844082652246349,0.5321432091270781,-0.4421885641408914,0.8222948115649081,-0.6451239966845644,-0.5810160220117815,-1.1078234188139944,-0.10962571771513507,2,0
-0.5351035113981373,2,1,1.9396680243564146,1.0633091032037203,1,-1.5756862740979403,1,1.038692652993666,0.3796721288811475,-0.9686946078410421,2,1.1532535902386967,2,0.5204085522253697,-0.6738292391077482,-0.5058856499589423,0.47087095579741883,0.26623257679518353,-0.9320143892374165,-1.3227752039448188,-0.6201892226844657,-2.4938204216722384,-0.9835862861474665,-1.1788242504910145,-0.6835058984856107,-0.875379710686409,1.7699991171470477,0.5053271581387668,-1.3265656924226743,-1.216108852854004,-0.6451239966845644,-0.5810160220117815,-1.1078234188139944,-0.10962571771513507,3,0
-0.8630365971771515,2,1,-0.2752299527051567,-1.863777753930116,3,-1.5756862740979403,0,-0.19147025379064658,-1.0261667362455194,-0.9686946078410421,2,1.1532535902386967,0,-1.1607421188485005,1.3280482497531851,-0.9054407248781584,-0.5381382351970498,0.26623257679518353,2.5899937140505074,-0.41974615540821786,1.707499689688721,0.33809616377248186,-0.49246134027899646,-0.3430340664612116,-0.6835058984856107,-0.31492318860059826,0.1427954259612064,0.3990748806379104,0.4421885641408914,0.8222948115649081,-0.6451239966845644,-0.5810160220117815,0.9026709338484401,-1.1628924173311372,2,0
0.7766288317179199,2,1,-0.02913017747609325,-0.8880821348855039,1,-0.6605306743650393,1,-0.2406767700620191,0.3796721288811475,-0.9686946078410421,6,-1.5679065665042957,1,-0.9563955985557896,-0.6738292391077482,0.9325126197502358,-1.5471474261915186,1.1914379855160337,-0.9320143892374165,-0.41974615540821786,-2.171981830933257,0.33809616377248186,0.16237192087896354,0.7713528455785257,1.4946531895964377,-0.875379710686409,-0.6708064196317143,-0.893155199062981,0.4421885641408914,0.8222948115649081,-0.6451239966845644,-0.5810160220117815,0.9026709338484401,-1.1628924173311372,3,0
-0.9723476257701563,2,2,-0.5213297279342202,1.0633091032037203,3,-1.5756862740979403,1,1.5799643319787637,0.3796721288811475,-0.06744076383703446,7,1.1532535902386967,2,1.396821826328083,-0.6738292391077482,-0.10633057503972616,0.47087095579741883,-0.6589728319256667,-0.9320143892374165,-0.9357627545719898,0.1557070814399298,0.33809616377248186,-0.49246134027899646,-0.6216307944711459,-0.6835058984856107,-0.5951514496435035,0.1427954259612064,-0.11194797781858931,0.4421885641408914,0.8222948115649081,1.5500896031448563,-0.5810160220117815,0.9026709338484401,-1.1628924173311372,2,0
2.3069832320199866,1,1,-0.8904793907778153,-1.863777753930116,1,1.1697805251007627,1,-0.4375028351475091,-1.0261667362455194,-0.9686946078410421,2,1.1532535902386967,0,-0.13057706125182192,2.529174743069745,-0.4259746349750991,0.47087095579741883,1.1914379855160337,0.24198831185855807,-1.0647669043629329,0.1557070814399298,-1.0778621289498782,-0.9835862861474665,-1.1788242504910145,-0.6835058984856107,-1.1556079717293142,-0.6708064196317143,0.11168776815940365,-0.4421885641408914,-1.216108852854004,-0.6451239966845644,-0.5810160220117815,-1.1078234188139944,-0.10962571771513507,2,1
1.4324950032759485,2,1,1.0783188110546924,1.0633091032037203,1,-1.5756862740979403,1,-0.5359158676902541,0.3796721288811475,-0.06744076383703446,4,-0.6608531809232983,0,1.335264896556276,-0.6738292391077482,-1.2250847848135313,1.4798801467918874,0.26623257679518353,0.24198831185855807,-0.41974615540821786,-0.6201892226844657,1.754054456494842,0.16237192087896354,1.04994957358846,-0.061174730462168335,1.0862181166139284,0.956397271554127,-0.7049368789186068,-0.4421885641408914,0.8222948115649081,-0.6451239966845644,-0.5810160220117815,0.9026709338484401,-1.1628924173311372,1,0
-1.8468358545141943,2,2,-0.8904793907778153,0.0876134841591082,3,0.2546249253678617,0,-0.8311549653184892,-1.0261667362455194,-0.9686946078410421,8,0.24620020465769926,2,1.0876317681135272,-0.6738292391077482,1.8914447995563546,-0.5381382351970498,1.1914379855160337,-0.9320143892374165,-1.1937710541538757,0.1557070814399298,-1.0778621289498782,-0.8198779708579764,-0.6216307944711459,-0.6835058984856107,-0.5951514496435035,0.956397271554127,-0.30977959926066,-1.3265656924226743,-1.216108852854004,-0.6451239966845644,-0.5810160220117815,-1.1078234188139944,0.9436409819008672,4,1
-1.7375248259211897,2,1,1.0783188110546924,-1.863777753930116,4,1.1697805251007627,0,-0.043850704976529056,0.3796721288811475,-0.9686946078410421,6,1.1532535902386967,2,-0.7649788443338692,-0.6738292391077482,-1.2250847848135313,1.4798801467918874,-1.584178240646517,-0.9320143892374165,-1.3227752039448188,0.1557070814399298,-1.0778621289498782,-0.9835862861474665,-1.1788242504910145,-0.6835058984856107,-1.1556079717293142,1.7699991171470477,-0.6588942253349024,-1.3265656924226743,-1.216108852854004,-0.6451239966845644,-0.5810160220117815,-1.1078234188139944,-0.10962571771513507,2,1
-0.0978593970261182,2,1,0.5861192605965654,-1.863777753930116,1,0.2546249253678617,1,0.10376884383758846,0.3796721288811475,-0.06744076383703446,0,1.1532535902386967,1,-1.3340290923842038,-1.0742047368799348,-0.5857966649427855,0.47087095579741883,-1.584178240646517,0.24198831185855807,0.741291192710269,-0.6201892226844657,-1.0778621289498782,1.4720384431948834,1.04994957358846,0.5611564375612741,1.9269028997426445,1.7699991171470477,-0.3669534438206446,-1.3265656924226743,-1.216108852854004,-0.6451239966845644,-0.5810160220117815,-1.1078234188139944,0.9436409819008672,4,0
-0.6444145399911421,2,2,2.4318675748145413,1.0633091032037203,1,1.1697805251007627,1,-0.043850704976529056,-1.0261667362455194,-0.06744076383703446,7,1.1532535902386967,0,-0.1652906723331834,2.1287992452975586,1.8115337845725112,0.47087095579741883,-1.584178240646517,-0.9320143892374165,-0.29074200561727487,0.1557070814399298,-1.0778621289498782,-0.3287530249895065,-0.06443733845127728,-0.37234031447388954,-0.03469492755769292,0.956397271554127,0.9617059881662547,0.4421885641408914,0.8222948115649081,1.5500896031448563,-0.5810160220117815,0.9026709338484401,-0.10962571771513507,2,0
-1.628213797328185,2,1,-0.7674295031632836,-1.863777753930116,1,-0.6605306743650393,0,-1.5692527093890767,0.3796721288811475,-0.06744076383703446,4,0.24620020465769926,1,-0.6030756865778838,-1.0742047368799348,0.37313551486333324,1.4798801467918874,-1.584178240646517,0.24198831185855807,-0.9357627545719898,0.1557070814399298,1.754054456494842,-0.6561696555684865,-0.6216307944711459,-0.6835058984856107,-0.5951514496435035,0.1427954259612064,-1.4188509910791227,-1.3265656924226743,-1.216108852854004,-0.6451239966845644,-0.5810160220117815,-1.1078234188139944,0.9436409819008672,3,1
0.4486957459389056,2,1,-0.8904793907778153,1.0633091032037203,1,-0.6605306743650393,0,-0.4375028351475091,-2.432005601372186,-0.9686946078410421,2,1.1532535902386967,0,0.47951113997971717,0.5272972542088118,-0.34606361999125584,-0.5381382351970498,0.26623257679518353,0.24198831185855807,-0.1617378558263319,-1.3960855268088614,-1.0778621289498782,-0.001336394410526465,0.7713528455785257,-0.37234031447388954,-1.1556079717293142,-0.6708064196317143,2.634420413965451,1.3265656924226743,0.8222948115649081,1.5500896031448563,1.7211229331292395,0.9026709338484401,-1.1628924173311372,1,1
-0.9723476257701563,2,1,-0.02913017747609325,0.0876134841591082,3,0.2546249253678617,0,0.5466274902799411,0.3796721288811475,-0.9686946078410421,6,0.24620020465769926,0,-0.6294973824616731,0.9276727519809984,3.170021039297846,0.47087095579741883,-0.6589728319256667,0.24198831185855807,-0.6777544549901038,-0.6201892226844657,0.33809616377248186,-0.8198779708579764,-0.6216307944711459,-0.061174730462168335,-0.5951514496435035,0.1427954259612064,0.0944850184687888,0.4421885641408914,0.8222948115649081,-0.6451239966845644,1.7211229331292395,0.9026709338484401,0.9436409819008672,5,0
0.23007368875289608,2,1,-0.39827984031968844,0.0876134841591082,3,1.1697805251007627,1,0.20218187638033347,0.3796721288811475,-0.9686946078410421,2,-1.5679065665042957,1,-1.4068292970001763,1.7284237475253719,-0.9054407248781584,1.4798801467918874,1.1914379855160337,-0.9320143892374165,-0.41974615540821786,-0.6201892226844657,-2.4938204216722384,-0.8198779708579764,-0.6216307944711459,-0.061174730462168335,-0.5951514496435035,-1.4844082652246349,0.15115289980257887,-1.3265656924226743,-1.216108852854004,-0.6451239966845644,-0.5810160220117815,-1.1078234188139944,-0.10962571771513507,4,1
-1.081658654363161,2,1,-0.6443796155487519,0.0876134841591082,1,-0.6605306743650393,0,0.4974209740085685,0.3796721288811475,-0.9686946078410421,6,0.24620020465769926,2,0.491176037630539,-0.6738292391077482,0.13340246991180352,0.47087095579741883,0.26623257679518353,-0.9320143892374165,-1.3227752039448188,-0.6201892226844657,0.33809616377248186,-0.9835862861474665,-0.9002275224810803,-0.6835058984856107,-1.1556079717293142,0.1427954259612064,-0.44385985420221685,1.3265656924226743,0.8222948115649081,1.5500896031448563,1.7211229331292395,0.9026709338484401,-1.1628924173311372,1,0
-0.3164814542121277,2,1,0.09391971013843849,0.0876134841591082,1,-0.6605306743650393,1,0.841866587908176,0.3796721288811475,-0.9686946078410421,2,-0.6608531809232983,0,-1.042406651113657,-0.6738292391077482,0.29322449987949,0.47087095579741883,-0.6589728319256667,1.4159910129545328,-1.3227752039448188,0.1557070814399298,0.33809616377248186,-0.9835862861474665,-1.1788242504910145,-0.37234031447388954,-1.1556079717293142,0.1427954259612064,0.5002675258768212,-1.3265656924226743,-1.216108852854004,-0.6451239966845644,-0.5810160220117815,-1.1078234188139944,-0.10962571771513507,3,0
0.5580067745319104,2,2,0.5861192605965654,-0.8880821348855039,3,0.2546249253678617,0,0.10376884383758846,-1.0261667362455194,-0.06744076383703446,7,0.24620020465769926,2,-0.9119846629213353,1.7284237475253719,-0.34606361999125584,0.47087095579741883,-1.584178240646517,-0.9320143892374165,-0.1617378558263319,2.4833959938131165,0.33809616377248186,-0.3287530249895065,-0.06443733845127728,-0.6835058984856107,-0.31492318860059826,0.956397271554127,1.2263247554660066,0.4421885641408914,0.8222948115649081,1.5500896031448563,-0.5810160220117815,0.9026709338484401,-0.10962571771513507,2,0
-0.4257924828051325,2,1,-1.013529278392347,1.0633091032037203,4,0.2546249253678617,1,1.6783773645215088,-1.0261667362455194,-0.9686946078410421,6,-1.5679065665042957,2,-1.5423107588723726,0.12692175643662515,0.9325126197502358,-1.5471474261915186,-0.6589728319256667,-0.9320143892374165,-0.6777544549901038,-1.3960855268088614,0.33809616377248186,-0.6561696555684865,-0.6216307944711459,-0.6835058984856107,-0.5951514496435035,-1.4844082652246349,1.2293605348231738,0.4421885641408914,0.8222948115649081,1.5500896031448563,-0.5810160220117815,0.9026709338484401,-0.10962571771513507,2,0
2.3069832320199866,2,1,-0.5213297279342202,0.0876134841591082,5,0.2546249253678617,0,-1.4216331605749593,-1.0261667362455194,0.8338130801669732,0,-0.6608531809232983,0,-0.710870584146322,-0.2734537413355615,-0.4259746349750991,-0.5381382351970498,1.1914379855160337,0.24198831185855807,1.6443202412468698,0.1557070814399298,0.33809616377248186,-0.16504470970001647,-1.1788242504910145,-0.6835058984856107,-0.03469492755769292,-0.6708064196317143,-1.0884570043740789,0.4421885641408914,0.8222948115649081,-0.6451239966845644,-0.5810160220117815,0.9026709338484401,-1.1628924173311372,2,0
-0.6444145399911421,2,2,-0.2752299527051567,1.0633091032037203,1,-0.6605306743650393,1,-1.2248070954894692,-1.0261667362455194,-0.9686946078410421,8,0.24620020465769926,1,-0.3620479821060824,0.12692175643662515,-0.10633057503972616,-0.5381382351970498,-0.6589728319256667,-0.9320143892374165,0.22527459354649704,-0.6201892226844657,1.754054456494842,-0.001336394410526465,0.7713528455785257,0.8723220215729953,-0.5951514496435035,0.956397271554127,0.7380702421882618,1.3265656924226743,0.8222948115649081,-0.6451239966845644,1.7211229331292395,0.9026709338484401,-1.1628924173311372,2,0
-0.20717042561912297,2,1,1.4474684738982875,-1.863777753930116,1,1.1697805251007627,0,-0.7327419327757442,0.3796721288811475,-0.06744076383703446,0,1.1532535902386967,1,0.6825927918524594,-0.6738292391077482,1.5718007396209817,1.4798801467918874,1.1914379855160337,0.24198831185855807,-0.1617378558263319,-0.6201892226844657,-2.4938204216722384,0.48978855145794353,0.4927561175685914,-0.6835058984856107,0.8059898555710231,1.7699991171470477,-0.5723745136556336,-1.3265656924226743,-1.216108852854004,-0.6451239966845644,-0.5810160220117815,0.9026709338484401,-1.1628924173311372,4,0
1.3231839746829437,2,1,-0.15218006509062498,-0.8880821348855039,4,-1.5756862740979403,0,-0.7327419327757442,0.3796721288811475,0.8338130801669732,2,-0.6608531809232983,1,1.1473616657231573,0.5272972542088118,-1.2250847848135313,-1.5471474261915186,0.26623257679518353,0.24198831185855807,2.289340990201585,0.1557070814399298,-1.0778621289498782,3.1091215960897833,1.3285463015983943,-0.37234031447388954,0.8059898555710231,-1.4844082652246349,-1.3075390813163208,1.3265656924226743,0.8222948115649081,-0.6451239966845644,-0.5810160220117815,0.9026709338484401,-1.1628924173311372,2,0
1.213872946089939,2,1,1.3244185862837559,1.0633091032037203,3,1.1697805251007627,1,-0.7327419327757442,0.3796721288811475,-0.9686946078410421,6,0.24620020465769926,1,-1.2325585369156087,0.5272972542088118,1.0124236347340791,0.47087095579741883,-1.584178240646517,1.4159910129545328,0.22527459354649704,-0.6201892226844657,-1.0778621289498782,-1.1472946014369565,-1.1788242504910145,-0.6835058984856107,-1.1556079717293142,0.956397271554127,-0.5000217723098124,-0.4421885641408914,-1.216108852854004,-0.6451239966845644,-0.5810160220117815,0.9026709338484401,0.9436409819008672,2,0
-0.6444145399911421,0,2,1.3244185862837559,-0.8880821348855039,2,1.1697805251007627,0,-1.0279810304039791,0.3796721288811475,-0.06744076383703446,7,0.24620020465769926,1,1.4184651304031017,-0.6738292391077482,-1.0652627548458449,-0.5381382351970498,1.1914379855160337,0.24198831185855807,-0.29074200561727487,-0.6201892226844657,-1.0778621289498782,0.32608023616845355,1.04994957358846,-0.6835058984856107,-1.1556079717293142,0.1427954259612064,-1.3950707194479788,-0.4421885641408914,-1.216108852854004,-0.6451239966845644,-0.5810160220117815,0.9026709338484401,1.9969076815168694,3,0
-0.0978593970261182,2,1,-0.2752299527051567,1.0633091032037203,4,-0.6605306743650393,1,-0.043850704976529056,0.3796721288811475,-0.9686946078410421,6,1.1532535902386967,2,1.262043069133647,-0.2734537413355615,0.8526016047663926,0.47087095579741883,0.26623257679518353,-0.9320143892374165,-0.41974615540821786,2.4833959938131165,0.33809616377248186,-0.16504470970001647,-0.6216307944711459,-0.6835058984856107,-0.875379710686409,0.1427954259612064,0.05552585005180813,0.4421885641408914,0.8222948115649081,1.5500896031448563,-0.5810160220117815,0.9026709338484401,-1.1628924173311372,2,0
0.12076266015989133,2,1,-1.013529278392347,0.0876134841591082,5,1.1697805251007627,0,0.6942470390940585,0.3796721288811475,0.8338130801669732,5,-1.5679065665042957,1,0.27811597933359977,-0.6738292391077482,0.4530465298471764,-0.5381382351970498,-0.6589728319256667,0.24198831185855807,0.483282893128383,0.1557070814399298,0.33809616377248186,1.3083301279053936,2.1643364856281972,0.8723220215729953,1.9269028997426445,-2.2980101108175557,-0.8218143841695489,-0.4421885641408914,0.8222948115649081,-0.6451239966845644,1.7211229331292395,0.9026709338484401,-0.10962571771513507,3,0
-0.5351035113981373,0,1,-1.013529278392347,0.0876134841591082,1,0.2546249253678617,0,0.20218187638033347,-1.0261667362455194,-0.9686946078410421,2,-0.6608531809232983,1,-1.4530672647968075,1.3280482497531851,-0.6657076799266287,0.47087095579741883,0.26623257679518353,-0.9320143892374165,-0.8067586047810468,0.1557070814399298,0.33809616377248186,-0.6561696555684865,-1.1788242504910145,-0.6835058984856107,-0.5951514496435035,-0.6708064196317143,-1.4790606149962748,1.3265656924226743,0.8222948115649081,1.5500896031448563,1.7211229331292395,0.9026709338484401,-0.10962571771513507,2,0
-1.3002807115491706,2,2,1.201368698669224,-0.8880821348855039,2,0.2546249253678617,1,-1.4708396768463317,-1.0261667362455194,-0.9686946078410421,8,-0.6608531809232983,1,0.6303115638270891,-0.6738292391077482,-0.745618694910472,0.47087095579741883,0.26623257679518353,2.5899937140505074,-1.3227752039448188,-0.6201892226844657,0.33809616377248186,-0.9835862861474665,-1.1788242504910145,-0.6835058984856107,-1.1556079717293142,0.1427954259612064,-2.2486306820381916,0.4421885641408914,0.8222948115649081,-0.6451239966845644,-0.5810160220117815,0.9026709338484401,-0.10962571771513507,2,1
0.33938471734590087,2,2,0.09391971013843849,1.0633091032037203,2,-1.5756862740979403,1,0.05456232756621595,-1.0261667362455194,0.8338130801669732,7,-0.6608531809232983,0,0.8908744583406282,-0.2734537413355615,0.6927795747987061,-0.5381382351970498,-0.6589728319256667,0.24198831185855807,-0.032733706035388915,-0.6201892226844657,-1.0778621289498782,-0.9835862861474665,-1.1788242504910145,-0.6835058984856107,-1.1556079717293142,-0.6708064196317143,0.3378533302683694,-1.3265656924226743,-1.216108852854004,-0.6451239966845644,-0.5810160220117815,-1.1078234188139944,0.9436409819008672,4,0
-1.1909696829561658,1,2,-1.013529278392347,0.0876134841591082,3,0.2546249253678617,1,-0.6835354165043717,-1.0261667362455194,-0.06744076383703446,7,-1.5679065665042957,2,-0.4448265931462521,-0.6738292391077482,0.21331348489564675,-0.5381382351970498,-0.6589728319256667,-0.9320143892374165,-0.5487503051991608,-0.6201892226844657,0.33809616377248186,-0.001336394410526465,0.7713528455785257,-0.6835058984856107,0.8059898555710231,-0.6708064196317143,-0.9999134397900319,0.4421885641408914,0.8222948115649081,-0.6451239966845644,-0.5810160220117815,-1.1078234188139944,-1.1628924173311372,2,0
0.4486957459389056,2,1,-0.39827984031968844,0.0876134841591082,3,1.1697805251007627,1,-0.3390898026047641,0.3796721288811475,-0.9686946078410421,2,-1.5679065665042957,2,-1.573229764693828,-0.2734537413355615,-0.2661526050074126,-0.5381382351970498,0.26623257679518353,-0.9320143892374165,1.1283036420830979,0.1557070814399298,0.33809616377248186,1.7994550737738635,2.442933213638131,-0.061174730462168335,3.6082724660000762,-2.2980101108175557,1.4069536272174623,0.4421885641408914,0.8222948115649081,-0.6451239966845644,-0.5810160220117815,-1.1078234188139944,0.9436409819008672,2,0
-0.0978593970261182,2,1,-0.8904793907778153,1.0633091032037203,3,0.2546249253678617,1,0.645040522822686,0.3796721288811475,-0.9686946078410421,2,0.24620020465769926,2,-0.28475046755244354,0.5272972542088118,1.4918897246371383,1.4798801467918874,0.26623257679518353,-0.9320143892374165,0.612287042919326,2.4833959938131165,0.33809616377248186,0.6534968667474336,1.04994957358846,0.24999085354955286,1.3664463776568336,0.1427954259612064,0.6965812576403083,1.3265656924226743,0.8222948115649081,1.5500896031448563,-0.5810160220117815,0.9026709338484401,-1.1628924173311372,2,0
-1.956146883107199,2,2,1.4474684738982875,0.0876134841591082,4,1.1697805251007627,1,-1.4216331605749593,-1.0261667362455194,-0.9686946078410421,8,-0.6608531809232983,2,-0.6136162567442891,-0.6738292391077482,0.13340246991180352,-0.5381382351970498,-0.6589728319256667,-0.9320143892374165,-1.3227752039448188,0.1557070814399298,1.754054456494842,-0.9835862861474665,-1.1788242504910145,-0.6835058984856107,-1.1556079717293142,-2.2980101108175557,-0.3583520689753372,-0.4421885641408914,0.8222948115649081,-0.6451239966845644,-0.5810160220117815,-1.1078234188139944,-1.1628924173311372,2,1
-1.8468358545141943,2,1,-0.6443796155487519,0.0876134841591082,5,-1.5756862740979403,1,0.8910731041795485,0.3796721288811475,-0.9686946078410421,2,-1.5679065665042957,2,-0.18342045301940052,-0.6738292391077482,-0.745618694910472,1.4798801467918874,-0.6589728319256667,-0.9320143892374165,-1.3227752039448188,-0.6201892226844657,0.33809616377248186,-0.9835862861474665,-1.1788242504910145,-0.6835058984856107,-1.1556079717293142,-0.6708064196317143,1.4777884788847,-0.4421885641408914,0.8222948115649081,-0.6451239966845644,-0.5810160220117815,-1.1078234188139944,0.9436409819008672,4,1
-0.6444145399911421,2,1,0.340019485367502,0.0876134841591082,3,1.1697805251007627,0,-1.2248070954894692,0.3796721288811475,-0.06744076383703446,0,1.1532535902386967,1,0.42947856692318,-1.0742047368799348,-1.2250847848135313,-1.5471474261915186,0.26623257679518353,1.4159910129545328,-0.1617378558263319,-0.6201892226844657,-2.4938204216722384,0.32608023616845355,0.7713528455785257,1.8058187736081588,0.24553333348521242,0.956397271554127,-1.0874450779216898,1.3265656924226743,0.8222948115649081,-0.6451239966845644,-0.5810160220117815,0.9026709338484401,-1.1628924173311372,2,0
0.33938471734590087,1,1,-0.02913017747609325,1.0633091032037203,3,1.1697805251007627,1,-1.5200461931177043,0.3796721288811475,-0.9686946078410421,6,-0.6608531809232983,0,1.5108005250608123,2.1287992452975586,0.5329575448310196,0.47087095579741883,1.1914379855160337,0.24198831185855807,-1.0647669043629329,-0.6201892226844657,0.33809616377248186,-0.9835862861474665,-0.9002275224810803,-0.6835058984856107,-1.1556079717293142,0.1427954259612064,-0.8683630009794479,-1.3265656924226743,-1.216108852854004,-0.6451239966845644,-0.5810160220117815,-1.1078234188139944,-1.1628924173311372,3,0
-0.5351035113981373,2,1,-0.7674295031632836,1.0633091032037203,3,0.2546249253678617,0,1.333931750621901,0.3796721288811475,-0.06744076383703446,4,-1.5679065665042957,1,-0.10668510220796991,-0.6738292391077482,2.2110888594917273,-0.5381382351970498,0.26623257679518353,0.24198831185855807,-0.41974615540821786,-0.6201892226844657,1.754054456494842,0.16237192087896354,0.7713528455785257,1.1834876055847166,-0.31492318860059826,-1.4844082652246349,-0.18885438820016154,-0.4421885641408914,0.8222948115649081,-0.6451239966845644,1.7211229331292395,0.9026709338484401,-0.10962571771513507,2,0
-0.0978593970261182,2,2,-0.7674295031632836,-1.863777753930116,1,0.2546249253678617,1,-0.7327419327757442,-1.0261667362455194,0.8338130801669732,7,1.1532535902386967,1,-1.2360720603044104,-0.6738292391077482,-1.1451737698296882,-1.5471474261915186,-1.584178240646517,0.24198831185855807,0.612287042919326,2.4833959938131165,0.33809616377248186,1.4720384431948834,0.7713528455785257,0.24999085354955286,0.8059898555710231,-0.6708064196317143,-0.5167185587742327,1.3265656924226743,0.8222948115649081,-0.6451239966845644,1.7211229331292395,0.9026709338484401,0.9436409819008672,2,1
-0.4257924828051325,2,1,-1.013529278392347,0.0876134841591082,1,-0.6605306743650393,0,-1.1756005792180968,-1.0261667362455194,-0.06744076383703446,0,1.1532535902386967,2,-0.28418830381023524,-1.0742047368799348,-0.6657076799266287,0.47087095579741883,-1.584178240646517,-0.9320143892374165,-0.6777544549901038,0.1557070814399298,0.33809616377248186,-0.3287530249895065,-1.1788242504910145,-0.37234031447388954,-0.03469492755769292,0.956397271554127,-0.4813011329406139,1.3265656924226743,0.8222948115649081,1.5500896031448563,-0.5810160220117815,0.9026709338484401,-1.1628924173311372,1,0
0.01145163156688656,2,2,-1.013529278392347,1.0633091032037203,1,-1.5756862740979403,1,-0.9787745141326066,-1.0261667362455194,0.8338130801669732,7,0.24620020465769926,1,0.08557489762726286,0.9276727519809984,-1.2250847848135313,-1.5471474261915186,0.26623257679518353,-0.9320143892374165,0.741291192710269,-0.6201892226844657,-2.4938204216722384,1.1446218126159036,-0.9002275224810803,2.7393155256433226,0.8059898555710231,-1.4844082652246349,0.27865563280360656,1.3265656924226743,0.8222948115649081,-0.6451239966845644,1.7211229331292395,0.9026709338484401,-0.10962571771513507,2,1
0.8859398603109246,0,1,-0.6443796155487519,-0.8880821348855039,1,0.2546249253678617,1,-0.4375028351475091,0.3796721288811475,-0.06744076383703446,2,-0.6608531809232983,1,1.2437727475118778,-0.6738292391077482,0.37313551486333324,-0.5381382351970498,-0.6589728319256667,-0.9320143892374165,-0.29074200561727487,1.707499689688721,-1.0778621289498782,0.32608023616845355,0.7713528455785257,-0.6835058984856107,1.0862181166139284,-1.4844082652246349,0.8514060048558418,-1.3265656924226743,-1.216108852854004,-0.6451239966845644,1.7211229331292395,-1.1078234188139944,0.9436409819008672,4,0
-0.8630365971771515,1,2,1.3244185862837559,0.0876134841591082,5,0.2546249253678617,0,0.8910731041795485,0.3796721288811475,-0.9686946078410421,8,1.1532535902386967,1,0.546689707173607,-0.6738292391077482,-1.2250847848135313,-0.5381382351970498,-0.6589728319256667,0.24198831185855807,-1.0647669043629329,1.707499689688721,0.33809616377248186,-0.6561696555684865,-0.9002275224810803,-0.6835058984856107,-0.5951514496435035,1.7699991171470477,-0.22022410822422392,0.4421885641408914,-1.216108852854004,-0.6451239966845644,-0.5810160220117815,0.9026709338484401,-1.1628924173311372,2,0
-0.20717042561912297,2,2,1.0783188110546924,0.0876134841591082,3,0.2546249253678617,0,0.9894861367222936,0.3796721288811475,-0.06744076383703446,7,0.24620020465769926,1,-1.1431745019044917,-0.6738292391077482,-0.2661526050074126,0.47087095579741883,-0.6589728319256667,-0.9320143892374165,-0.8067586047810468,0.1557070814399298,0.33809616377248186,-0.3287530249895065,-0.6216307944711459,-0.37234031447388954,-1.1556079717293142,0.956397271554127,0.34493681543509314,1.3265656924226743,0.8222948115649081,1.5500896031448563,1.7211229331292395,0.9026709338484401,-1.1628924173311372,2,0
1.651117060461958,2,1,-1.013529278392347,-0.8880821348855039,1,1.1697805251007627,1,0.20218187638033347,0.3796721288811475,1.7350669241709809,3,1.1532535902386967,1,-0.06803634493115045,-0.2734537413355615,0.6128685598148629,0.47087095579741883,-0.6589728319256667,0.24198831185855807,1.9023285408287558,-0.6201892226844657,-1.0778621289498782,0.32608023616845355,1.04994957358846,1.4946531895964377,1.0862181166139284,-0.6708064196317143,-0.09778100748514179,-1.3265656924226743,-1.216108852854004,-0.6451239966845644,-0.5810160220117815,-1.1078234188139944,0.9436409819008672,3,0
2.3069832320199866,2,1,-0.8904793907778153,0.0876134841591082,5,1.1697805251007627,1,-0.7327419327757442,0.3796721288811475,-0.9686946078410421,6,0.24620020465769926,2,1.6743901740434226,0.5272972542088118,1.0923346497179223,1.4798801467918874,-1.584178240646517,-0.9320143892374165,-0.5487503051991608,0.9316033855643254,0.33809616377248186,-0.9835862861474665,-1.1788242504910145,-0.6835058984856107,-1.1556079717293142,-0.6708064196317143,-1.4881679530677767,1.3265656924226743,0.8222948115649081,1.5500896031448563,1.7211229331292395,0.9026709338484401,-1.1628924173311372,1,1
1.7604280890549628,2,2,-0.8904793907778153,-0.8880821348855039,3,0.2546249253678617,1,-1.0279810304039791,0.3796721288811475,1.7350669241709809,3,0.24620020465769926,0,-0.05271738295597474,1.3280482497531851,-0.9054407248781584,-0.5381382351970498,0.26623257679518353,0.24198831185855807,1.3863119416649838,0.1557070814399298,1.754054456494842,1.6357467584843735,2.442933213638131,3.9839778616902075,-0.5951514496435035,-0.6708064196317143,-0.869374927431837,1.3265656924226743,0.8222948115649081,1.5500896031448563,1.7211229331292395,0.9026709338484401,-1.1628924173311372,1,0
-0.7537255685841467,2,2,-0.15218006509062498,-0.8880821348855039,4,0.2546249253678617,1,-0.19147025379064658,0.3796721288811475,0.8338130801669732,7,0.24620020465769926,0,-0.6094000286777269,0.9276727519809984,-1.1451737698296882,-1.5471474261915186,-1.584178240646517,0.24198831185855807,-0.1617378558263319,-0.6201892226844657,1.754054456494842,0.16237192087896354,-0.06443733845127728,1.4946531895964377,0.8059898555710231,0.1427954259612064,-0.9240189558608488,1.3265656924226743,0.8222948115649081,1.5500896031448563,1.7211229331292395,0.9026709338484401,-0.10962571771513507,1,0
0.12076266015989133,0,2,0.09391971013843849,0.0876134841591082,5,0.2546249253678617,0,0.9402796204509211,0.3796721288811475,-0.06744076383703446,7,1.1532535902386967,2,0.785047133869919,-0.6738292391077482,-0.9853517398620016,-0.5381382351970498,-0.6589728319256667,-0.9320143892374165,-0.6777544549901038,-1.3960855268088614,0.33809616377248186,-0.3287530249895065,-0.3430340664612116,-0.37234031447388954,-0.31492318860059826,0.956397271554127,-0.023404413234542325,0.4421885641408914,0.8222948115649081,1.5500896031448563,-0.5810160220117815,0.9026709338484401,-1.1628924173311372,2,0
-0.20717042561912297,2,2,-0.7674295031632836,1.0633091032037203,1,1.1697805251007627,1,1.2847252343505287,0.3796721288811475,0.8338130801669732,7,1.1532535902386967,0,-1.0542120897000309,1.3280482497531851,0.21331348489564675,-0.5381382351970498,-0.6589728319256667,0.24198831185855807,0.09627044375555406,-0.6201892226844657,0.33809616377248186,0.48978855145794353,1.3285463015983943,-0.6835058984856107,1.0862181166139284,-0.6708064196317143,-0.5379690142744039,-0.4421885641408914,0.8222948115649081,-0.6451239966845644,-0.5810160220117815,-1.1078234188139944,-0.10962571771513507,2,0
0.23007368875289608,2,2,-0.8904793907778153,2.0390047222483325,1,-1.5756862740979403,1,-1.2248070954894692,1.7855109940078144,0.8338130801669732,7,0.24620020465769926,2,-1.6517921476674355,-1.0742047368799348,-0.34606361999125584,1.4798801467918874,1.1914379855160337,-0.9320143892374165,-0.29074200561727487,0.1557070814399298,0.33809616377248186,0.16237192087896354,0.7713528455785257,-0.6835058984856107,0.8059898555710231,0.1427954259612064,1.570885712504498,0.4421885641408914,0.8222948115649081,-0.6451239966845644,-0.5810160220117815,-1.1078234188139944,-0.10962571771513507,2,0
0.33938471734590087,0,2,1.8166181367418828,0.0876134841591082,1,-0.6605306743650393,0,1.6783773645215088,1.7855109940078144,1.7350669241709809,7,-0.6608531809232983,2,0.3875973681286629,0.5272972542088118,-1.2250847848135313,0.47087095579741883,1.1914379855160337,-0.9320143892374165,1.3863119416649838,-0.6201892226844657,-1.0778621289498782,-0.9835862861474665,-1.1788242504910145,-0.6835058984856107,-1.1556079717293142,0.956397271554127,-0.35025665735622435,-1.3265656924226743,-1.216108852854004,-0.6451239966845644,-0.5810160220117815,-1.1078234188139944,0.9436409819008672,3,1
1.104561917496934,1,1,0.832219035825629,1.0633091032037203,3,0.2546249253678617,1,-0.09305722124790157,1.7855109940078144,-0.06744076383703446,4,0.24620020465769926,0,-1.0616607592842906,-0.6738292391077482,-0.2661526050074126,1.4798801467918874,0.26623257679518353,-0.9320143892374165,1.1283036420830979,0.1557070814399298,1.754054456494842,1.9631633890633533,1.6071430296083287,-0.061174730462168335,0.8059898555710231,1.7699991171470477,0.665211537616246,0.4421885641408914,-1.216108852854004,-0.6451239966845644,-0.5810160220117815,-1.1078234188139944,-0.10962571771513507,2,0
-0.0978593970261182,0,2,-0.15218006509062498,1.0633091032037203,5,-1.5756862740979403,1,0.8910731041795485,0.3796721288811475,-0.06744076383703446,7,1.1532535902386967,0,1.6357414167666031,0.5272972542088118,0.7726905897825493,-0.5381382351970498,1.1914379855160337,1.4159910129545328,0.09627044375555406,0.1557070814399298,0.33809616377248186,-0.001336394410526465,0.7713528455785257,-0.6835058984856107,0.8059898555710231,0.956397271554127,2.4016773299159557,1.3265656924226743,0.8222948115649081,1.5500896031448563,1.7211229331292395,0.9026709338484401,-0.10962571771513507,2,0
-0.6444145399911421,0,1,-0.02913017747609325,-0.8880821348855039,3,0.2546249253678617,1,-0.9787745141326066,-1.0261667362455194,-0.9686946078410421,6,-1.5679065665042957,2,-0.5609134059122626,-1.0742047368799348,-0.6657076799266287,0.47087095579741883,-1.584178240646517,-0.9320143892374165,-0.9357627545719898,-2.171981830933257,0.33809616377248186,-0.6561696555684865,-0.6216307944711459,-0.37234031447388954,-0.5951514496435035,0.956397271554127,-2.553726507433508,-1.3265656924226743,-1.216108852854004,-0.6451239966845644,-0.5810160220117815,-1.1078234188139944,0.9436409819008672,3,1
-0.4257924828051325,0,2,0.9552689234401607,0.0876134841591082,1,1.1697805251007627,1,-1.3724266443035866,0.3796721288811475,1.7350669241709809,3,0.24620020465769926,2,0.8679662858456406,-0.6738292391077482,0.0534914549279603,-1.5471474261915186,1.1914379855160337,-0.9320143892374165,-0.1617378558263319,-0.6201892226844657,0.33809616377248186,0.48978855145794353,1.04994957358846,1.1834876055847166,-1.1556079717293142,0.956397271554127,1.2081100793230026,1.3265656924226743,0.8222948115649081,1.5500896031448563,1.7211229331292395,0.9026709338484401,-1.1628924173311372,1,0
-0.8630365971771515,2,1,0.09391971013843849,0.0876134841591082,1,1.1697805251007627,0,1.2847252343505287,-1.0261667362455194,-0.9686946078410421,6,-1.5679065665042957,2,-0.3983075434785167,1.3280482497531851,-0.4259746349750991,1.4798801467918874,0.26623257679518353,-0.9320143892374165,-1.0647669043629329,1.707499689688721,0.33809616377248186,-1.1472946014369565,-1.1788242504910145,-0.6835058984856107,-1.1556079717293142,0.1427954259612064,0.9095917758682156,-1.3265656924226743,0.8222948115649081,-0.6451239966845644,-0.5810160220117815,-1.1078234188139944,0.9436409819008672,3,1
-0.4257924828051325,2,1,0.4630693729820337,-1.863777753930116,1,-0.6605306743650393,0,-0.6343289002329991,0.3796721288811475,-0.9686946078410421,6,1.1532535902386967,2,0.4114893271725149,0.12692175643662515,0.13340246991180352,0.47087095579741883,-1.584178240646517,-0.9320143892374165,-0.8067586047810468,0.9316033855643254,0.33809616377248186,-0.6561696555684865,-0.6216307944711459,-0.6835058984856107,-0.5951514496435035,1.7699991171470477,-0.16659200624760118,-1.3265656924226743,-1.216108852854004,-0.6451239966845644,-0.5810160220117815,-1.1078234188139944,1.9969076815168694,4,0
0.8859398603109246,2,1,-1.013529278392347,1.0633091032037203,3,1.1697805251007627,0,1.235518718079156,0.3796721288811475,-0.9686946078410421,2,1.1532535902386967,0,-0.46492394693019823,0.12692175643662515,-1.2250847848135313,0.47087095579741883,1.1914379855160337,1.4159910129545328,-0.41974615540821786,-0.6201892226844657,0.33809616377248186,-0.3287530249895065,-0.3430340664612116,-0.6835058984856107,-0.5951514496435035,0.1427954259612064,0.8696206809988458,0.4421885641408914,0.8222948115649081,-0.6451239966845644,-0.5810160220117815,0.9026709338484401,-0.10962571771513507,2,0
1.4324950032759485,2,1,-1.013529278392347,-0.8880821348855039,3,1.1697805251007627,1,0.005355811294843447,0.3796721288811475,1.7350669241709809,5,1.1532535902386967,0,-1.0818986540037887,2.529174743069745,1.0923346497179223,1.4798801467918874,0.26623257679518353,0.24198831185855807,2.6763534395744135,-1.3960855268088614,-1.0778621289498782,-0.3287530249895065,-0.06443733845127728,-0.37234031447388954,-0.31492318860059826,0.1427954259612064,-0.141799808164068,-1.3265656924226743,-1.216108852854004,-0.6451239966845644,-0.5810160220117815,-1.1078234188139944,-0.10962571771513507,2,0
-0.4257924828051325,1,1,-1.013529278392347,1.0633091032037203,4,0.2546249253678617,0,0.8910731041795485,1.7855109940078144,-0.06744076383703446,0,-0.6608531809232983,1,0.8218688589845614,-0.6738292391077482,-0.8255297098943152,-1.5471474261915186,-1.584178240646517,0.24198831185855807,-0.6777544549901038,-0.6201892226844657,0.33809616377248186,-0.16504470970001647,0.21415938955865704,-0.37234031447388954,-0.5951514496435035,-0.6708064196317143,-0.5374630510482094,0.4421885641408914,0.8222948115649081,-0.6451239966845644,-0.5810160220117815,0.9026709338484401,-1.1628924173311372,3,0
0.4486957459389056,1,1,-0.02913017747609325,0.0876134841591082,3,-1.5756862740979403,1,-0.09305722124790157,0.3796721288811475,2.6363207681749885,5,0.24620020465769926,0,-1.4866565483937524,-0.2734537413355615,1.8914447995563546,0.47087095579741883,-0.6589728319256667,0.24198831185855807,1.257307791874041,-0.6201892226844657,1.754054456494842,1.7994550737738635,3.2787233976679344,-0.6835058984856107,1.9269028997426445,0.956397271554127,1.5653201170163578,-1.3265656924226743,-1.216108852854004,-0.6451239966845644,-0.5810160220117815,-1.1078234188139944,-1.1628924173311372,4,0
-1.1909696829561658,2,1,1.0783188110546924,-1.863777753930116,1,0.2546249253678617,1,-1.4216331605749593,0.3796721288811475,-0.06744076383703446,7,-0.6608531809232983,1,-0.3129991955984098,-0.2734537413355615,1.5718007396209817,0.47087095579741883,-0.6589728319256667,0.24198831185855807,-0.5487503051991608,-0.6201892226844657,0.33809616377248186,-0.49246134027899646,-0.3430340664612116,-0.061174730462168335,-0.31492318860059826,0.1427954259612064,0.09043731265923237,-1.3265656924226743,-1.216108852854004,-0.6451239966845644,-0.5810160220117815,-1.1078234188139944,0.9436409819008672,4,1
0.8859398603109246,0,1,1.6935682491273512,-0.8880821348855039,1,1.1697805251007627,1,-1.1756005792180968,0.3796721288811475,-0.06744076383703446,2,-1.5679065665042957,1,-0.0385227484652156,-0.6738292391077482,1.1722456647017656,-0.5381382351970498,0.26623257679518353,0.24198831185855807,-0.29074200561727487,-0.6201892226844657,0.33809616377248186,0.32608023616845355,1.04994957358846,-0.6835058984856107,1.0862181166139284,0.1427954259612064,-1.4077198001028426,1.3265656924226743,0.8222948115649081,-0.6451239966845644,-0.5810160220117815,0.9026709338484401,-0.10962571771513507,2,0
1.104561917496934,2,2,-0.6443796155487519,-0.8880821348855039,1,1.1697805251007627,0,0.841866587908176,0.3796721288811475,-0.06744076383703446,7,1.1532535902386967,2,-0.8070005840639384,-0.6738292391077482,-0.34606361999125584,0.47087095579741883,0.26623257679518353,-0.9320143892374165,-0.29074200561727487,-2.171981830933257,0.33809616377248186,0.32608023616845355,-1.1788242504910145,-0.6835058984856107,0.8059898555710231,-0.6708064196317143,-0.08209614747311061,0.4421885641408914,0.8222948115649081,1.5500896031448563,-0.5810160220117815,0.9026709338484401,-1.1628924173311372,2,0
-0.7537255685841467,2,1,1.5705183615128193,0.0876134841591082,1,-1.5756862740979403,0,-0.8803614815898617,0.3796721288811475,-0.9686946078410421,6,0.24620020465769926,1,-0.38987508734539245,0.5272972542088118,0.37313551486333324,-1.5471474261915186,-0.6589728319256667,-0.9320143892374165,-0.5487503051991608,-0.6201892226844657,0.33809616377248186,-0.3287530249895065,-0.6216307944711459,-0.6835058984856107,-0.875379710686409,0.1427954259612064,-1.3793858594359476,-0.4421885641408914,-1.216108852854004,-0.6451239966845644,-0.5810160220117815,0.9026709338484401,0.9436409819008672,4,1
1.4324950032759485,2,1,1.8166181367418828,0.0876134841591082,1,1.1697805251007627,1,1.432344783164646,0.3796721288811475,1.7350669241709809,4,0.24620020465769926,1,-1.4267861098485703,0.12692175643662515,-0.5058856499589423,0.47087095579741883,1.1914379855160337,0.24198831185855807,1.3863119416649838,-0.6201892226844657,0.33809616377248186,0.8172051820369235,1.885739757618263,-0.37234031447388954,0.24553333348521242,0.956397271554127,-0.4858548019763649,0.4421885641408914,0.8222948115649081,1.5500896031448563,-0.5810160220117815,0.9026709338484401,-1.1628924173311372,2,0
0.12076266015989133,1,1,0.09391971013843849,-1.863777753930116,3,0.2546249253678617,1,0.005355811294843447,0.3796721288811475,-0.9686946078410421,6,0.24620020465769926,1,-0.30723701724077485,-1.0742047368799348,-0.5857966649427855,0.47087095579741883,-0.6589728319256667,0.24198831185855807,-1.0647669043629329,-2.171981830933257,-1.0778621289498782,-0.8198779708579764,-0.9002275224810803,-0.6835058984856107,-0.5951514496435035,0.956397271554127,-0.5966607485129722,-1.3265656924226743,-1.216108852854004,-0.6451239966845644,1.7211229331292395,-1.1078234188139944,1.9969076815168694,4,0
0.9952508889039294,2,1,-0.2752299527051567,-0.8880821348855039,3,1.1697805251007627,1,0.448214457737196,0.3796721288811475,0.8338130801669732,4,0.24620020465769926,0,1.3906380251637918,1.3280482497531851,-1.2250847848135313,-0.5381382351970498,-0.6589728319256667,0.24198831185855807,0.22527459354649704,0.1557070814399298,0.33809616377248186,0.16237192087896354,0.7713528455785257,-0.6835058984856107,0.8059898555710231,0.1427954259612064,-0.10638238233044921,-1.3265656924226743,-1.216108852854004,-0.6451239966845644,-0.5810160220117815,-1.1078234188139944,-0.10962571771513507,2,0
-1.4095917401421754,2,1,0.9552689234401607,-1.863777753930116,3,1.1697805251007627,0,-1.2248070954894692,-1.0261667362455194,-0.06744076383703446,4,0.24620020465769926,0,1.3778488000285534,-0.6738292391077482,-0.5058856499589423,0.47087095579741883,-0.6589728319256667,1.4159910129545328,-0.8067586047810468,2.4833959938131165,0.33809616377248186,-0.49246134027899646,-0.6216307944711459,0.24999085354955286,-0.5951514496435035,0.956397271554127,-0.13117458041398236,-1.3265656924226743,-1.216108852854004,-0.6451239966845644,1.7211229331292395,-1.1078234188139944,-0.10962571771513507,2,0
-0.20717042561912297,2,1,0.5861192605965654,1.0633091032037203,4,0.2546249253678617,1,-1.3232201280322142,-1.0261667362455194,-0.9686946078410421,2,-0.6608531809232983,0,-0.5957675579291761,-0.6738292391077482,-0.745618694910472,1.4798801467918874,1.1914379855160337,0.24198831185855807,-0.8067586047810468,-0.6201892226844657,-2.4938204216722384,-0.49246134027899646,-0.6216307944711459,-0.6835058984856107,-0.5951514496435035,-0.6708064196317143,-0.1352222862235388,-1.3265656924226743,-1.216108852854004,-0.6451239966845644,-0.5810160220117815,-1.1078234188139944,-0.10962571771513507,3,1
-0.6444145399911421,1,1,-1.013529278392347,-1.863777753930116,1,0.2546249253678617,0,1.4815512994360187,0.3796721288811475,-0.06744076383703446,4,-1.5679065665042957,1,-0.42697789433113914,-0.6738292391077482,0.4530465298471764,-0.5381382351970498,0.26623257679518353,0.24198831185855807,-0.9357627545719898,-1.3960855268088614,0.33809616377248186,-0.49246134027899646,-0.3430340664612116,-0.6835058984856107,-0.31492318860059826,-1.4844082652246349,-1.1754826792795423,0.4421885641408914,0.8222948115649081,-0.6451239966845644,1.7211229331292395,0.9026709338484401,-0.10962571771513507,2,0
-2.065457911700204,0,1,-0.5213297279342202,-0.8880821348855039,1,-0.6605306743650393,1,0.349801425194451,0.3796721288811475,-0.9686946078410421,6,1.1532535902386967,2,-0.11525809927664622,-0.6738292391077482,0.4530465298471764,0.47087095579741883,1.1914379855160337,-0.9320143892374165,-1.4517793537357617,-0.6201892226844657,0.33809616377248186,-1.1472946014369565,-1.1788242504910145,-0.6835058984856107,-1.1556079717293142,0.956397271554127,1.6235058880287316,-0.4421885641408914,0.8222948115649081,1.5500896031448563,-0.5810160220117815,0.9026709338484401,-0.10962571771513507,2,0
1.8697391176479676,2,1,0.9552689234401607,0.0876134841591082,5,0.2546249253678617,0,-0.4867093514188816,0.3796721288811475,0.8338130801669732,4,0.24620020465769926,1,-0.052014678278214384,2.1287992452975586,0.29322449987949,-1.5471474261915186,0.26623257679518353,0.24198831185855807,1.3863119416649838,-0.6201892226844657,0.33809616377248186,0.48978855145794353,0.7713528455785257,-0.6835058984856107,1.0862181166139284,0.1427954259612064,-0.2182002553194457,0.4421885641408914,0.8222948115649081,1.5500896031448563,1.7211229331292395,0.9026709338484401,-1.1628924173311372,1,0
-0.20717042561912297,2,1,1.9396680243564146,1.0633091032037203,3,0.2546249253678617,0,-0.4375028351475091,0.3796721288811475,0.8338130801669732,0,0.24620020465769926,0,-1.0313039172050433,-0.6738292391077482,-0.9054407248781584,-1.5471474261915186,0.26623257679518353,0.24198831185855807,0.612287042919326,0.1557070814399298,-1.0778621289498782,1.4720384431948834,1.6071430296083287,2.4281499416316015,-0.875379710686409,1.7699991171470477,0.9551284662257254,0.4421885641408914,-1.216108852854004,-0.6451239966845644,-0.5810160220117815,0.9026709338484401,-1.1628924173311372,3,0
-0.7537255685841467,2,1,-0.15218006509062498,-0.8880821348855039,1,-0.6605306743650393,0,0.349801425194451,1.7855109940078144,0.8338130801669732,5,-1.5679065665042957,1,0.49033279201722657,-1.0742047368799348,1.6517117546048248,-0.5381382351970498,0.26623257679518353,2.5899937140505074,-0.29074200561727487,0.9316033855643254,-1.0778621289498782,0.16237192087896354,0.7713528455785257,-0.37234031447388954,0.8059898555710231,-0.6708064196317143,0.6222046633897088,-1.3265656924226743,-1.216108852854004,-0.6451239966845644,-0.5810160220117815,-1.1078234188139944,0.9436409819008672,3,0
-1.8468358545141943,2,1,0.21696959775297023,0.0876134841591082,3,1.1697805251007627,0,1.5799643319787637,-1.0261667362455194,-0.9686946078410421,6,-1.5679065665042957,2,0.556808654533356,-0.6738292391077482,-0.9054407248781584,0.47087095579741883,-1.584178240646517,-0.9320143892374165,-1.3227752039448188,-0.6201892226844657,0.33809616377248186,-0.9835862861474665,-1.1788242504910145,-0.6835058984856107,-1.1556079717293142,-1.4844082652246349,-0.4180557296662946,-1.3265656924226743,0.8222948115649081,-0.6451239966845644,-0.5810160220117815,-1.1078234188139944,-1.1628924173311372,3,1
-0.7537255685841467,1,1,-0.5213297279342202,0.0876134841591082,3,-0.6605306743650393,0,-0.2898832863333916,0.3796721288811475,-0.9686946078410421,2,-0.6608531809232983,2,1.603838624396283,-1.0742047368799348,0.13340246991180352,0.47087095579741883,-1.584178240646517,-0.9320143892374165,-0.9357627545719898,0.1557070814399298,0.33809616377248186,-0.6561696555684865,-0.6216307944711459,-0.37234031447388954,-0.5951514496435035,-0.6708064196317143,-0.893155199062981,-1.3265656924226743,-1.216108852854004,-0.6451239966845644,-0.5810160220117815,-1.1078234188139944,-0.10962571771513507,3,1
-1.1909696829561658,2,1,-0.8904793907778153,-0.8880821348855039,3,1.1697805251007627,1,-1.6676657419318217,1.7855109940078144,-0.06744076383703446,4,1.1532535902386967,1,-1.543013463550133,-0.6738292391077482,1.3320676946694519,-0.5381382351970498,-0.6589728319256667,-0.9320143892374165,-0.41974615540821786,-0.6201892226844657,0.33809616377248186,0.16237192087896354,0.7713528455785257,-0.37234031447388954,-0.31492318860059826,0.1427954259612064,1.9220241914835186,-1.3265656924226743,-1.216108852854004,-0.6451239966845644,-0.5810160220117815,-1.1078234188139944,-1.1628924173311372,3,0
-1.628213797328185,2,1,-0.15218006509062498,-1.863777753930116,1,-0.6605306743650393,1,1.3831382668932737,-2.432005601372186,-0.9686946078410421,2,-1.5679065665042957,1,-1.044514765146938,-0.6738292391077482,1.0124236347340791,1.4798801467918874,-1.584178240646517,0.24198831185855807,-0.9357627545719898,0.1557070814399298,-1.0778621289498782,-0.49246134027899646,-0.3430340664612116,-0.37234031447388954,-0.875379710686409,0.1427954259612064,0.6647055743900514,0.4421885641408914,0.8222948115649081,-0.6451239966845644,-0.5810160220117815,0.9026709338484401,0.9436409819008672,3,0
1.213872946089939,2,1,-0.39827984031968844,0.0876134841591082,1,-1.5756862740979403,1,1.5307578157073911,-1.0261667362455194,-0.06744076383703446,0,0.24620020465769926,2,-0.1678204091731207,-0.2734537413355615,0.6927795747987061,-0.5381382351970498,1.1914379855160337,-0.9320143892374165,0.999299492292155,-2.171981830933257,0.33809616377248186,-0.8198779708579764,-0.6216307944711459,-0.061174730462168335,-0.5951514496435035,-0.6708064196317143,0.31154324250625254,0.4421885641408914,0.8222948115649081,1.5500896031448563,-0.5810160220117815,0.9026709338484401,-0.10962571771513507,2,0
1.213872946089939,2,1,-0.6443796155487519,1.0633091032037203,1,0.2546249253678617,1,0.5958340065513135,-1.0261667362455194,0.8338130801669732,0,0.24620020465769926,2,1.1147561686750769,1.7284237475253719,1.0124236347340791,0.47087095579741883,-0.6589728319256667,-0.9320143892374165,2.0313326906196987,0.1557070814399298,0.33809616377248186,1.3083301279053936,1.885739757618263,0.5611564375612741,1.0862181166139284,0.956397271554127,2.034853990924904,1.3265656924226743,0.8222948115649081,1.5500896031448563,-0.5810160220117815,0.9026709338484401,0.9436409819008672,3,0
0.4486957459389056,2,1,-0.2752299527051567,-0.8880821348855039,3,1.1697805251007627,0,-1.1756005792180968,0.3796721288811475,-0.06744076383703446,4,0.24620020465769926,2,1.2730052621067085,1.3280482497531851,-0.9054407248781584,0.47087095579741883,-0.6589728319256667,-0.9320143892374165,-0.41974615540821786,2.4833959938131165,0.33809616377248186,-0.8198779708579764,-0.6216307944711459,-0.061174730462168335,-0.875379710686409,0.1427954259612064,-0.12409109524725861,-0.4421885641408914,0.8222948115649081,-0.6451239966845644,-0.5810160220117815,0.9026709338484401,-1.1628924173311372,1,0
0.23007368875289608,2,1,-1.013529278392347,-1.863777753930116,1,1.1697805251007627,0,-0.043850704976529056,-1.0261667362455194,1.7350669241709809,4,1.1532535902386967,1,-1.0193579376831172,-0.6738292391077482,1.8115337845725112,0.47087095579741883,0.26623257679518353,0.24198831185855807,1.257307791874041,0.1557070814399298,0.33809616377248186,2.2905800196423334,0.4927561175685914,2.7393155256433226,1.0862181166139284,0.1427954259612064,-1.5311748272943138,1.3265656924226743,0.8222948115649081,1.5500896031448563,1.7211229331292395,0.9026709338484401,-0.10962571771513507,2,0
-1.081658654363161,2,1,-0.8904793907778153,1.0633091032037203,1,-1.5756862740979403,0,-0.9295679978612341,0.3796721288811475,-0.06744076383703446,4,1.1532535902386967,1,-1.356937264879191,-1.0742047368799348,1.1722456647017656,-0.5381382351970498,-0.6589728319256667,0.24198831185855807,-0.9357627545719898,-0.6201892226844657,0.33809616377248186,-0.6561696555684865,-0.6216307944711459,-0.061174730462168335,-0.5951514496435035,-0.6708064196317143,0.3074955366966961,-1.3265656924226743,-1.216108852854004,-0.6451239966845644,-0.5810160220117815,-1.1078234188139944,0.9436409819008672,3,0
-0.20717042561912297,2,1,0.09391971013843849,0.0876134841591082,4,-0.6605306743650393,1,-1.0279810304039791,0.3796721288811475,-0.9686946078410421,2,1.1532535902386967,0,-0.6706758765784298,-0.6738292391077482,-0.10633057503972616,1.4798801467918874,-1.584178240646517,0.24198831185855807,-1.0647669043629329,0.9316033855643254,-1.0778621289498782,-0.6561696555684865,-0.6216307944711459,-0.37234031447388954,-0.5951514496435035,0.956397271554127,-0.9847345430041953,-1.3265656924226743,-1.216108852854004,-0.6451239966845644,-0.5810160220117815,-1.1078234188139944,1.9969076815168694,4,0
0.5580067745319104,2,2,-0.5213297279342202,-0.8880821348855039,2,1.1697805251007627,1,1.1863122018077836,0.3796721288811475,2.6363207681749885,3,0.24620020465769926,1,-0.919573873441147,1.3280482497531851,1.5718007396209817,-0.5381382351970498,-0.6589728319256667,-0.9320143892374165,1.257307791874041,0.1557070814399298,1.754054456494842,-0.9835862861474665,-1.1788242504910145,-0.6835058984856107,-1.1556079717293142,-0.6708064196317143,-0.4954681032740614,-0.4421885641408914,0.8222948115649081,-0.6451239966845644,-0.5810160220117815,0.9026709338484401,-1.1628924173311372,2,0
1.4324950032759485,2,1,-0.02913017747609325,0.0876134841591082,1,-1.5756862740979403,1,-0.09305722124790157,0.3796721288811475,-0.9686946078410421,2,1.1532535902386967,1,0.8224310227267697,0.5272972542088118,-1.0652627548458449,0.47087095579741883,-0.6589728319256667,-0.9320143892374165,-0.41974615540821786,1.707499689688721,0.33809616377248186,-0.9835862861474665,-1.1788242504910145,-0.6835058984856107,-1.1556079717293142,1.7699991171470477,0.4203253361380817,0.4421885641408914,0.8222948115649081,-0.6451239966845644,-0.5810160220117815,0.9026709338484401,-1.1628924173311372,2,0
2.4162942606129914,2,1,-0.8904793907778153,0.0876134841591082,1,0.2546249253678617,0,0.15297536010896096,-1.0261667362455194,1.7350669241709809,4,1.1532535902386967,2,1.0562911394854155,0.12692175643662515,-1.1451737698296882,-0.5381382351970498,-1.584178240646517,-0.9320143892374165,2.4183451399925278,0.9316033855643254,0.33809616377248186,-0.3287530249895065,-0.3430340664612116,0.5611564375612741,-0.31492318860059826,0.1427954259612064,0.45776661487647874,-1.3265656924226743,0.8222948115649081,-0.6451239966845644,-0.5810160220117815,-1.1078234188139944,-1.1628924173311372,2,0
0.01145163156688656,2,1,0.21696959775297023,-0.8880821348855039,3,-1.5756862740979403,0,-0.2406767700620191,-2.432005601372186,-0.06744076383703446,0,-0.6608531809232983,1,0.009682792429144669,0.9276727519809984,-0.026419560055882932,0.47087095579741883,-1.584178240646517,-0.9320143892374165,0.483282893128383,-0.6201892226844657,-2.4938204216722384,-0.9835862861474665,-1.1788242504910145,-0.6835058984856107,-1.1556079717293142,0.1427954259612064,-1.536740422782454,-1.3265656924226743,-1.216108852854004,-0.6451239966845644,-0.5810160220117815,-1.1078234188139944,0.9436409819008672,3,1
1.9790501462409722,1,1,1.0783188110546924,1.0633091032037203,3,0.2546249253678617,1,-0.19147025379064658,0.3796721288811475,-0.06744076383703446,0,-0.6608531809232983,1,-0.18566910798823366,0.12692175643662515,0.9325126197502358,-0.5381382351970498,1.1914379855160337,1.4159910129545328,0.741291192710269,0.1557070814399298,0.33809616377248186,0.16237192087896354,0.7713528455785257,1.1834876055847166,0.8059898555710231,0.956397271554127,1.7798485249228488,-0.4421885641408914,-1.216108852854004,-0.6451239966845644,-0.5810160220117815,-1.1078234188139944,1.9969076815168694,3,0
-0.5351035113981373,0,1,-0.15218006509062498,1.0633091032037203,1,-0.6605306743650393,0,-0.5359158676902541,-2.432005601372186,2.6363207681749885,4,0.24620020465769926,0,0.8391553940574662,-0.6738292391077482,-0.5857966649427855,1.4798801467918874,-0.6589728319256667,1.4159910129545328,0.09627044375555406,0.1557070814399298,0.33809616377248186,0.8172051820369235,1.04994957358846,-0.061174730462168335,1.3664463776568336,0.956397271554127,0.0029056745275744924,0.4421885641408914,0.8222948115649081,1.5500896031448563,1.7211229331292395,0.9026709338484401,-0.10962571771513507,2,0
0.12076266015989133,2,2,-0.7674295031632836,1.0633091032037203,1,-0.6605306743650393,1,-1.1756005792180968,0.3796721288811475,-0.06744076383703446,7,1.1532535902386967,2,-1.3115425426958724,2.1287992452975586,-0.5857966649427855,-0.5381382351970498,0.26623257679518353,-0.9320143892374165,0.999299492292155,-1.3960855268088614,0.33809616377248186,-0.9835862861474665,-1.1788242504910145,-0.6835058984856107,-1.1556079717293142,0.1427954259612064,2.5190607983930926,-1.3265656924226743,-1.216108852854004,-0.6451239966845644,-0.5810160220117815,-1.1078234188139944,0.9436409819008672,3,0
-1.1909696829561658,0,2,2.4318675748145413,-0.8880821348855039,3,-0.6605306743650393,1,0.645040522822686,-2.432005601372186,-0.06744076383703446,7,-1.5679065665042957,2,1.0540424845165823,2.1287992452975586,-0.2661526050074126,0.47087095579741883,1.1914379855160337,-0.9320143892374165,-0.5487503051991608,2.4833959938131165,0.33809616377248186,-0.8198779708579764,-0.6216307944711459,-0.061174730462168335,-0.5951514496435035,0.1427954259612064,1.2627541077520144,-1.3265656924226743,-1.216108852854004,-0.6451239966845644,-0.5810160220117815,-1.1078234188139944,0.9436409819008672,4,1
1.651117060461958,2,2,-0.8904793907778153,-1.863777753930116,2,-1.5756862740979403,0,-0.4375028351475091,-2.432005601372186,2.6363207681749885,3,1.1532535902386967,1,1.6208440775980837,-0.6738292391077482,-0.5857966649427855,0.47087095579741883,1.1914379855160337,0.24198831185855807,2.805357589365357,0.1557070814399298,0.33809616377248186,4.0913714878267236,2.7215299416480656,1.1834876055847166,1.3664463776568336,0.1427954259612064,-1.050003799183293,1.3265656924226743,0.8222948115649081,1.5500896031448563,-0.5810160220117815,0.9026709338484401,-1.1628924173311372,2,1
0.7766288317179199,2,2,2.3088176872000097,0.0876134841591082,3,1.1697805251007627,0,-0.6343289002329991,1.7855109940078144,1.7350669241709809,7,1.1532535902386967,1,-0.3620479821060824,0.12692175643662515,1.4918897246371383,0.47087095579741883,0.26623257679518353,0.24198831185855807,1.515316091455927,-0.6201892226844657,0.33809616377248186,0.8172051820369235,1.885739757618263,2.7393155256433226,1.9269028997426445,1.7699991171470477,-1.5923963776638548,1.3265656924226743,0.8222948115649081,-0.6451239966845644,-0.5810160220117815,0.9026709338484401,-0.10962571771513507,2,0
1.4324950032759485,0,2,-1.013529278392347,0.0876134841591082,1,1.1697805251007627,0,1.432344783164646,0.3796721288811475,-0.06744076383703446,7,0.24620020465769926,1,1.4907031712768661,-1.0742047368799348,0.5329575448310196,-0.5381382351970498,-1.584178240646517,0.24198831185855807,0.999299492292155,0.1557070814399298,0.33809616377248186,1.7994550737738635,0.7713528455785257,-0.6835058984856107,2.487359421828455,-1.4844082652246349,-0.8152368622290196,1.3265656924226743,0.8222948115649081,1.5500896031448563,1.7211229331292395,0.9026709338484401,-1.1628924173311372,1,0
-0.0978593970261182,2,1,0.832219035825629,1.0633091032037203,1,0.2546249253678617,0,-1.1263940629467242,1.7855109940078144,-0.9686946078410421,2,-1.5679065665042957,2,-0.8494439466006638,-0.6738292391077482,-0.4259746349750991,0.47087095579741883,0.26623257679518353,-0.9320143892374165,0.870295342501212,-1.3960855268088614,0.33809616377248186,1.6357467584843735,2.442933213638131,3.9839778616902075,2.7675876828713606,-0.6708064196317143,-0.7524974221808949,1.3265656924226743,0.8222948115649081,1.5500896031448563,-0.5810160220117815,0.9026709338484401,-1.1628924173311372,1,1
0.23007368875289608,1,1,1.5705183615128193,0.0876134841591082,3,1.1697805251007627,0,0.7926600716368035,0.3796721288811475,0.8338130801669732,4,-1.5679065665042957,2,-1.2972073672695612,-0.6738292391077482,0.13340246991180352,-0.5381382351970498,0.26623257679518353,-0.9320143892374165,1.257307791874041,-0.6201892226844657,0.33809616377248186,2.2905800196423334,0.4927561175685914,-0.061174730462168335,1.0862181166139284,0.1427954259612064,-0.21769429209325114,-1.3265656924226743,-1.216108852854004,-0.6451239966845644,-0.5810160220117815,-1.1078234188139944,-0.10962571771513507,4,0
-0.4257924828051325,0,2,-0.15218006509062498,-1.863777753930116,1,-0.6605306743650393,0,1.0878991692650386,-1.0261667362455194,-0.9686946078410421,8,1.1532535902386967,2,1.0011990927490038,-1.0742047368799348,-0.9054407248781584,1.4798801467918874,1.1914379855160337,-0.9320143892374165,-1.0647669043629329,-0.6201892226844657,-1.0778621289498782,-0.8198779708579764,-0.6216307944711459,-0.061174730462168335,-0.5951514496435035,0.956397271554127,1.5815109402545835,0.4421885641408914,0.8222948115649081,1.5500896031448563,1.7211229331292395,0.9026709338484401,-0.10962571771513507,2,0
0.8859398603109246,2,2,0.21696959775297023,-0.8880821348855039,1,1.1697805251007627,0,1.1863122018077836,0.3796721288811475,1.7350669241709809,3,1.1532535902386967,1,-1.2520937269573464,0.12692175643662515,-1.1451737698296882,-0.5381382351970498,-0.6589728319256667,0.24198831185855807,1.9023285408287558,0.9316033855643254,1.754054456494842,0.32608023616845355,-0.3430340664612116,-0.37234031447388954,-0.875379710686409,0.1427954259612064,-0.435764442583104,-0.4421885641408914,0.8222948115649081,-0.6451239966845644,-0.5810160220117815,0.9026709338484401,-0.10962571771513507,2,0
-0.5351035113981373,0,1,2.4318675748145413,1.0633091032037203,3,1.1697805251007627,0,0.15297536010896096,0.3796721288811475,-0.9686946078410421,2,0.24620020465769926,2,-0.446653625308429,2.529174743069745,0.8526016047663926,-0.5381382351970498,-0.6589728319256667,-0.9320143892374165,-0.1617378558263319,-0.6201892226844657,0.33809616377248186,0.16237192087896354,0.7713528455785257,1.4946531895964377,0.8059898555710231,1.7699991171470477,0.3090134263752798,0.4421885641408914,0.8222948115649081,1.5500896031448563,1.7211229331292395,0.9026709338484401,-1.1628924173311372,2,0
-0.3164814542121277,2,2,-1.013529278392347,1.0633091032037203,2,-0.6605306743650393,1,0.448214457737196,1.7855109940078144,-0.06744076383703446,7,1.1532535902386967,0,-0.2860153359724122,-1.0742047368799348,-1.2250847848135313,-1.5471474261915186,1.1914379855160337,0.24198831185855807,0.612287042919326,-0.6201892226844657,-1.0778621289498782,1.3083301279053936,-0.9002275224810803,-0.6835058984856107,1.3664463776568336,0.1427954259612064,0.7036647428070321,1.3265656924226743,0.8222948115649081,1.5500896031448563,-0.5810160220117815,0.9026709338484401,-1.1628924173311372,1,0
2.4162942606129914,2,2,-1.013529278392347,-0.8880821348855039,5,-0.6605306743650393,1,0.005355811294843447,0.3796721288811475,0.8338130801669732,3,1.1532535902386967,1,-0.4602860960569799,0.12692175643662515,-1.1451737698296882,1.4798801467918874,0.26623257679518353,0.24198831185855807,0.35427874333744,-1.3960855268088614,-2.4938204216722384,-0.16504470970001647,-0.06443733845127728,-0.6835058984856107,-0.03469492755769292,0.956397271554127,-0.7418721944308093,-1.3265656924226743,-1.216108852854004,-0.6451239966845644,-0.5810160220117815,-1.1078234188139944,-0.10962571771513507,2,0
0.8859398603109246,2,0,1.8166181367418828,1.0633091032037203,3,-0.6605306743650393,1,-1.4708396768463317,0.3796721288811475,-0.9686946078410421,1,-0.6608531809232983,2,-0.8425574407586123,-0.6738292391077482,-0.5857966649427855,0.47087095579741883,-1.584178240646517,-0.9320143892374165,-0.6777544549901038,0.1557070814399298,0.33809616377248186,-0.16504470970001647,-0.3430340664612116,-0.6835058984856107,-0.03469492755769292,0.1427954259612064,1.4145430756103807,-1.3265656924226743,-1.216108852854004,-0.6451239966845644,-0.5810160220117815,-1.1078234188139944,0.9436409819008672,3,0
1.7604280890549628,1,2,-0.8904793907778153,0.0876134841591082,2,0.2546249253678617,0,-1.3724266443035866,-1.0261667362455194,0.8338130801669732,7,-0.6608531809232983,1,1.2963350574083523,-0.2734537413355615,1.8914447995563546,-0.5381382351970498,-1.584178240646517,0.24198831185855807,2.4183451399925278,-0.6201892226844657,0.33809616377248186,1.3083301279053936,0.7713528455785257,1.1834876055847166,2.2071311607855497,-0.6708064196317143,-1.77960277135584,1.3265656924226743,0.8222948115649081,-0.6451239966845644,1.7211229331292395,0.9026709338484401,-1.1628924173311372,2,0
-0.0978593970261182,2,1,0.7091691482110972,0.0876134841591082,4,-1.5756862740979403,1,0.743453555365431,0.3796721288811475,-0.06744076383703446,2,0.24620020465769926,0,-0.9072062711125648,1.7284237475253719,1.9713558145401977,0.47087095579741883,-0.6589728319256667,0.24198831185855807,-0.29074200561727487,0.1557070814399298,-1.0778621289498782,-0.9835862861474665,-1.1788242504910145,-0.6835058984856107,-1.1556079717293142,0.956397271554127,0.1971955533862833,-1.3265656924226743,-1.216108852854004,-0.6451239966845644,-0.5810160220117815,-1.1078234188139944,0.9436409819008672,3,1
-1.1909696829561658,1,1,-0.8904793907778153,0.0876134841591082,1,-1.5756862740979403,1,-0.4375028351475091,0.3796721288811475,-0.9686946078410421,6,-1.5679065665042957,1,0.14516425430134086,1.3280482497531851,-0.4259746349750991,-0.5381382351970498,-0.6589728319256667,0.24198831185855807,-0.6777544549901038,-0.6201892226844657,0.33809616377248186,-0.6561696555684865,-0.6216307944711459,-0.37234031447388954,-0.5951514496435035,-1.4844082652246349,2.2670911117482047,-0.4421885641408914,-1.216108852854004,-0.6451239966845644,-0.5810160220117815,-1.1078234188139944,-0.10962571771513507,5,1
-0.3164814542121277,2,2,0.09391971013843849,1.0633091032037203,1,0.2546249253678617,0,1.038692652993666,0.3796721288811475,-0.9686946078410421,8,0.24620020465769926,1,0.5757816808328856,-0.6738292391077482,0.6927795747987061,0.47087095579741883,1.1914379855160337,0.24198831185855807,-1.3227752039448188,-0.6201892226844657,0.33809616377248186,-0.9835862861474665,-0.9002275224810803,-0.6835058984856107,-1.1556079717293142,-0.6708064196317143,0.4036285496736614,0.4421885641408914,0.8222948115649081,-0.6451239966845644,1.7211229331292395,0.9026709338484401,-0.10962571771513507,2,0
-0.9723476257701563,2,2,0.09391971013843849,-1.863777753930116,3,1.1697805251007627,1,0.3990079414658235,0.3796721288811475,-0.9686946078410421,8,-0.6608531809232983,1,1.2748322942688854,-0.6738292391077482,1.4918897246371383,1.4798801467918874,-0.6589728319256667,-0.9320143892374165,-1.3227752039448188,1.707499689688721,0.33809616377248186,-0.9835862861474665,-1.1788242504910145,-0.6835058984856107,-1.1556079717293142,0.956397271554127,1.417578854967548,-0.4421885641408914,-1.216108852854004,-0.6451239966845644,-0.5810160220117815,0.9026709338484401,-1.1628924173311372,3,0
0.12076266015989133,1,1,-0.7674295031632836,1.0633091032037203,4,0.2546249253678617,1,-1.0771875466753518,0.3796721288811475,-0.9686946078410421,6,0.24620020465769926,1,-1.5903757588311807,0.12692175643662515,-1.2250847848135313,0.47087095579741883,-1.584178240646517,0.24198831185855807,-0.41974615540821786,-0.6201892226844657,0.33809616377248186,-0.8198779708579764,-0.6216307944711459,-0.061174730462168335,-0.5951514496435035,-0.6708064196317143,-0.3482328044514461,-0.4421885641408914,-1.216108852854004,-0.6451239966845644,-0.5810160220117815,-1.1078234188139944,1.9969076815168694,3,0
1.4324950032759485,2,1,-0.8904793907778153,1.0633091032037203,3,-0.6605306743650393,1,-0.19147025379064658,0.3796721288811475,2.6363207681749885,5,0.24620020465769926,1,-0.20520429802997148,-0.2734537413355615,-0.6657076799266287,-1.5471474261915186,1.1914379855160337,0.24198831185855807,2.289340990201585,-0.6201892226844657,-1.0778621289498782,0.16237192087896354,-0.9002275224810803,1.4946531895964377,0.8059898555710231,-0.6708064196317143,0.4476473503525876,-1.3265656924226743,-1.216108852854004,-0.6451239966845644,-0.5810160220117815,-1.1078234188139944,1.9969076815168694,3,0
0.01145163156688656,2,1,-0.7674295031632836,0.0876134841591082,4,1.1697805251007627,0,-1.5200461931177043,0.3796721288811475,-0.06744076383703446,0,-0.6608531809232983,2,-0.06536606715566111,0.12692175643662515,1.0124236347340791,0.47087095579741883,-1.584178240646517,-0.9320143892374165,-0.41974615540821786,0.1557070814399298,-1.0778621289498782,-0.49246134027899646,-0.3430340664612116,-0.6835058984856107,-0.875379710686409,0.1427954259612064,-1.3748321904001966,-1.3265656924226743,-1.216108852854004,-0.6451239966845644,-0.5810160220117815,-1.1078234188139944,-0.10962571771513507,3,0
0.33938471734590087,2,2,2.0627179119709464,0.0876134841591082,2,0.2546249253678617,1,0.3990079414658235,0.3796721288811475,-0.06744076383703446,7,-1.5679065665042957,1,1.110821022479619,-0.6738292391077482,-0.9054407248781584,0.47087095579741883,-0.6589728319256667,0.24198831185855807,-0.41974615540821786,0.1557070814399298,-1.0778621289498782,-0.001336394410526465,0.7713528455785257,1.4946531895964377,0.24553333348521242,0.956397271554127,0.9247706726540522,-0.4421885641408914,-1.216108852854004,-0.6451239966845644,-0.5810160220117815,0.9026709338484401,0.9436409819008672,4,0
-1.1909696829561658,1,1,-1.013529278392347,-1.863777753930116,3,-1.5756862740979403,0,0.005355811294843447,-1.0261667362455194,-0.9686946078410421,6,0.24620020465769926,0,1.5391897940423305,-0.6738292391077482,-0.34606361999125584,-0.5381382351970498,0.26623257679518353,1.4159910129545328,-0.8067586047810468,1.707499689688721,0.33809616377248186,-0.3287530249895065,-0.3430340664612116,-0.37234031447388954,-0.31492318860059826,-0.6708064196317143,-0.8213084209433543,-0.4421885641408914,-1.216108852854004,-0.6451239966845644,-0.5810160220117815,-1.1078234188139944,0.9436409819008672,3,0
0.9952508889039294,2,1,-1.013529278392347,1.0633091032037203,3,1.1697805251007627,1,-1.2740136117608418,0.3796721288811475,2.6363207681749885,5,1.1532535902386967,0,1.0023234202334204,2.529174743069745,0.8526016047663926,0.47087095579741883,1.1914379855160337,1.4159910129545328,1.515316091455927,-2.171981830933257,0.33809616377248186,-0.8198779708579764,-0.6216307944711459,-0.061174730462168335,-0.5951514496435035,0.1427954259612064,-0.9806868371946389,-1.3265656924226743,-1.216108852854004,-0.6451239966845644,-0.5810160220117815,-1.1078234188139944,-0.10962571771513507,2,0
1.8697391176479676,2,2,-0.8904793907778153,1.0633091032037203,1,0.2546249253678617,0,-1.2248070954894692,-1.0261667362455194,0.8338130801669732,7,0.24620020465769926,1,-0.832157411527759,1.3280482497531851,-0.8255297098943152,-1.5471474261915186,-0.6589728319256667,0.24198831185855807,0.22527459354649704,0.9316033855643254,0.33809616377248186,0.32608023616845355,-0.06443733845127728,1.4946531895964377,-1.1556079717293142,-0.6708064196317143,0.6662234640686351,1.3265656924226743,0.8222948115649081,1.5500896031448563,1.7211229331292395,0.9026709338484401,-1.1628924173311372,2,0
2.088361174833977,1,1,-0.02913017747609325,0.0876134841591082,3,-1.5756862740979403,0,-0.14226373751927407,0.3796721288811475,-0.9686946078410421,6,0.24620020465769926,1,-0.30344241198086896,-0.2734537413355615,-0.026419560055882932,1.4798801467918874,-0.6589728319256667,0.24198831185855807,0.870295342501212,0.9316033855643254,0.33809616377248186,-0.3287530249895065,-0.06443733845127728,-0.6835058984856107,-0.31492318860059826,0.956397271554127,0.6444670453422692,-1.3265656924226743,-1.216108852854004,-0.6451239966845644,-0.5810160220117815,-1.1078234188139944,1.9969076815168694,4,0
-0.0978593970261182,2,1,0.340019485367502,2.0390047222483325,3,1.1697805251007627,0,-0.7327419327757442,-1.0261667362455194,0.8338130801669732,4,1.1532535902386967,2,0.19055897648465972,-1.0742047368799348,0.6128685598148629,-1.5471474261915186,-0.6589728319256667,-0.9320143892374165,0.483282893128383,-0.6201892226844657,-1.0778621289498782,1.1446218126159036,1.04994957358846,1.4946531895964377,1.0862181166139284,0.956397271554127,0.6733069492353588,-1.3265656924226743,-1.216108852854004,-0.6451239966845644,-0.5810160220117815,-1.1078234188139944,0.9436409819008672,3,0
1.9790501462409722,0,1,-0.8904793907778153,-1.863777753930116,3,0.2546249253678617,1,-1.2740136117608418,-1.0261667362455194,1.7350669241709809,3,-1.5679065665042957,2,0.4230136838877847,1.7284237475253719,-0.5857966649427855,1.4798801467918874,-0.6589728319256667,-0.9320143892374165,2.5473492897834706,0.1557070814399298,1.754054456494842,0.32608023616845355,0.7713528455785257,1.1834876055847166,-0.5951514496435035,-0.6708064196317143,-1.1152730553623902,-1.3265656924226743,0.8222948115649081,-0.6451239966845644,-0.5810160220117815,-1.1078234188139944,-0.10962571771513507,2,0
0.6673178031249152,2,2,1.9396680243564146,0.0876134841591082,3,0.2546249253678617,1,0.645040522822686,-1.0261667362455194,0.8338130801669732,7,1.1532535902386967,0,-1.271207294192428,0.9276727519809984,-0.10633057503972616,-0.5381382351970498,0.26623257679518353,0.24198831185855807,0.870295342501212,1.707499689688721,0.33809616377248186,-0.9835862861474665,-1.1788242504910145,-0.6835058984856107,-1.1556079717293142,1.7699991171470477,-0.8906253829320082,0.4421885641408914,0.8222948115649081,1.5500896031448563,-0.5810160220117815,0.9026709338484401,-0.10962571771513507,2,0
-1.8468358545141943,1,2,-0.02913017747609325,0.0876134841591082,2,1.1697805251007627,0,-0.5851223839616266,0.3796721288811475,-0.9686946078410421,8,1.1532535902386967,2,0.4064298534926404,-0.6738292391077482,-1.1451737698296882,-0.5381382351970498,-0.6589728319256667,-0.9320143892374165,-1.1937710541538757,0.1557070814399298,0.33809616377248186,-0.8198779708579764,-0.6216307944711459,-0.6835058984856107,-0.5951514496435035,0.956397271554127,-0.7398483415260311,-1.3265656924226743,-1.216108852854004,-0.6451239966845644,-0.5810160220117815,-1.1078234188139944,1.9969076815168694,5,1
-1.7375248259211897,2,1,0.09391971013843849,0.0876134841591082,1,0.2546249253678617,0,-1.4708396768463317,-1.0261667362455194,-0.9686946078410421,2,-1.5679065665042957,2,0.4138785230769001,-0.6738292391077482,1.5718007396209817,-0.5381382351970498,-1.584178240646517,-0.9320143892374165,-1.3227752039448188,2.4833959938131165,-1.0778621289498782,-0.9835862861474665,-1.1788242504910145,-0.37234031447388954,-1.1556079717293142,-1.4844082652246349,-0.795504296407432,-1.3265656924226743,0.8222948115649081,-0.6451239966845644,-0.5810160220117815,-1.1078234188139944,0.9436409819008672,3,1
0.9952508889039294,2,1,-0.15218006509062498,1.0633091032037203,1,1.1697805251007627,0,0.3990079414658235,-1.0261667362455194,-0.06744076383703446,6,-1.5679065665042957,0,0.9438583910437589,2.1287992452975586,0.4530465298471764,0.47087095579741883,-1.584178240646517,2.5899937140505074,0.999299492292155,-0.6201892226844657,0.33809616377248186,1.4720384431948834,2.442933213638131,-0.37234031447388954,0.8059898555710231,0.1427954259612064,-0.36138784833250454,1.3265656924226743,0.8222948115649081,1.5500896031448563,1.7211229331292395,0.9026709338484401,-1.1628924173311372,2,0
1.5418060318689533,2,1,-0.6443796155487519,1.0633091032037203,1,-1.5756862740979403,1,-1.5692527093890767,0.3796721288811475,-0.9686946078410421,6,0.24620020465769926,1,-0.5595079965567418,2.529174743069745,-0.2661526050074126,-0.5381382351970498,0.26623257679518353,2.5899937140505074,0.870295342501212,-0.6201892226844657,1.754054456494842,0.48978855145794353,-1.1788242504910145,-0.061174730462168335,0.8059898555710231,-0.6708064196317143,0.12585473849285117,1.3265656924226743,0.8222948115649081,-0.6451239966845644,-0.5810160220117815,0.9026709338484401,-1.1628924173311372,2,1
-0.9723476257701563,0,1,1.8166181367418828,-0.8880821348855039,5,-0.6605306743650393,1,0.3005949089230785,-1.0261667362455194,0.8338130801669732,0,-1.5679065665042957,2,-0.27519368393490273,-0.6738292391077482,-0.745618694910472,-0.5381382351970498,-1.584178240646517,-0.9320143892374165,-0.1617378558263319,-0.6201892226844657,-1.0778621289498782,0.48978855145794353,0.7713528455785257,-0.37234031447388954,1.3664463776568336,0.956397271554127,-1.0525336153142655,-1.3265656924226743,-1.216108852854004,-0.6451239966845644,-0.5810160220117815,-1.1078234188139944,0.9436409819008672,5,1
-1.1909696829561658,2,1,-1.013529278392347,-0.8880821348855039,3,-1.5756862740979403,1,-0.3390898026047641,-1.0261667362455194,-0.9686946078410421,2,-1.5679065665042957,1,-0.4458103796951166,-0.6738292391077482,0.7726905897825493,0.47087095579741883,-1.584178240646517,1.4159910129545328,-0.6777544549901038,-0.6201892226844657,0.33809616377248186,-0.3287530249895065,-0.3430340664612116,-0.37234031447388954,-0.31492318860059826,-0.6708064196317143,0.022638240349162106,-0.4421885641408914,-1.216108852854004,-0.6451239966845644,-0.5810160220117815,-1.1078234188139944,1.9969076815168694,4,0
-0.7537255685841467,2,1,1.3244185862837559,0.0876134841591082,4,0.2546249253678617,1,0.9402796204509211,0.3796721288811475,-0.06744076383703446,4,-1.5679065665042957,1,-0.7332165928991012,-1.0742047368799348,-0.026419560055882932,0.47087095579741883,0.26623257679518353,0.24198831185855807,-0.5487503051991608,-1.3960855268088614,-1.0778621289498782,-0.16504470970001647,-0.6216307944711459,-0.6835058984856107,-0.5951514496435035,0.956397271554127,0.40109873354268866,-1.3265656924226743,-1.216108852854004,-0.6451239966845644,-0.5810160220117815,-1.1078234188139944,0.9436409819008672,3,0
0.4486957459389056,2,1,-0.2752299527051567,-0.8880821348855039,5,-0.6605306743650393,0,-1.1263940629467242,1.7855109940078144,-0.9686946078410421,6,0.24620020465769926,1,0.6394467246379737,-0.6738292391077482,0.4530465298471764,-0.5381382351970498,0.26623257679518353,-0.9320143892374165,-0.1617378558263319,0.1557070814399298,0.33809616377248186,0.48978855145794353,0.4927561175685914,-0.6835058984856107,1.0862181166139284,-0.6708064196317143,-0.4615685671190263,1.3265656924226743,0.8222948115649081,-0.6451239966845644,-0.5810160220117815,0.9026709338484401,-0.10962571771513507,2,0
0.12076266015989133,2,1,0.9552689234401607,-1.863777753930116,1,0.2546249253678617,0,-0.043850704976529056,-1.0261667362455194,0.8338130801669732,0,0.24620020465769926,1,1.4468543993846201,-1.0742047368799348,-0.8255297098943152,0.47087095579741883,-1.584178240646517,0.24198831185855807,1.1283036420830979,0.9316033855643254,-1.0778621289498782,1.9631633890633533,1.3285463015983943,-0.37234031447388954,1.3664463776568336,0.1427954259612064,-1.453762453686547,1.3265656924226743,0.8222948115649081,-0.6451239966845644,1.7211229331292395,0.9026709338484401,-1.1628924173311372,3,0
0.33938471734590087,2,1,1.3244185862837559,1.0633091032037203,5,-1.5756862740979403,1,-0.2406767700620191,0.3796721288811475,0.8338130801669732,0,1.1532535902386967,1,1.7186605687423249,0.5272972542088118,-0.6657076799266287,1.4798801467918874,1.1914379855160337,0.24198831185855807,0.35427874333744,2.4833959938131165,0.33809616377248186,0.6534968667474336,1.6071430296083287,2.7393155256433226,-0.875379710686409,1.7699991171470477,0.5776798994845881,0.4421885641408914,-1.216108852854004,-0.6451239966845644,-0.5810160220117815,0.9026709338484401,1.9969076815168694,4,0
-1.081658654363161,0,1,-0.15218006509062498,2.0390047222483325,1,-1.5756862740979403,1,1.038692652993666,-2.432005601372186,-0.9686946078410421,2,0.24620020465769926,1,-1.1867421919256336,-0.6738292391077482,-0.9054407248781584,1.4798801467918874,1.1914379855160337,2.5899937140505074,-1.0647669043629329,0.9316033855643254,0.33809616377248186,-0.6561696555684865,-0.6216307944711459,-0.37234031447388954,-0.5951514496435035,0.956397271554127,2.116820033568422,1.3265656924226743,0.8222948115649081,1.5500896031448563,1.7211229331292395,0.9026709338484401,-1.1628924173311372,2,0
1.9790501462409722,1,1,-0.8904793907778153,-1.863777753930116,1,1.1697805251007627,1,-0.043850704976529056,0.3796721288811475,0.8338130801669732,4,-0.6608531809232983,1,0.21079687120415788,0.12692175643662515,-1.2250847848135313,0.47087095579741883,-0.6589728319256667,0.24198831185855807,1.515316091455927,0.9316033855643254,0.33809616377248186,-0.6561696555684865,-0.6216307944711459,-0.37234031447388954,-0.5951514496435035,-0.6708064196317143,-0.27284428374845754,-1.3265656924226743,-1.216108852854004,-0.6451239966845644,-0.5810160220117815,-1.1078234188139944,0.9436409819008672,3,0
-0.9723476257701563,2,1,0.09391971013843849,0.0876134841591082,4,0.2546249253678617,0,-0.3390898026047641,0.3796721288811475,-0.06744076383703446,6,0.24620020465769926,2,-0.9000386833994092,0.12692175643662515,-0.6657076799266287,-0.5381382351970498,1.1914379855160337,-0.9320143892374165,-0.1617378558263319,0.9316033855643254,1.754054456494842,0.16237192087896354,0.7713528455785257,-0.37234031447388954,0.8059898555710231,-0.6708064196317143,0.8321794022604488,0.4421885641408914,0.8222948115649081,-0.6451239966845644,-0.5810160220117815,0.9026709338484401,-0.10962571771513507,2,0
0.7766288317179199,2,0,-1.013529278392347,-0.8880821348855039,3,-0.6605306743650393,1,1.235518718079156,-1.0261667362455194,0.8338130801669732,1,-1.5679065665042957,1,-1.68467872658662,2.529174743069745,0.29322449987949,-0.5381382351970498,1.1914379855160337,0.24198831185855807,1.6443202412468698,-1.3960855268088614,0.33809616377248186,2.1268717043528436,0.4927561175685914,0.24999085354955286,0.5257615945281178,-2.2980101108175557,-0.32698234895127487,1.3265656924226743,0.8222948115649081,1.5500896031448563,-0.5810160220117815,0.9026709338484401,-0.10962571771513507,2,1
-0.4257924828051325,2,1,-0.5213297279342202,0.0876134841591082,1,1.1697805251007627,1,-1.5692527093890767,-1.0261667362455194,0.8338130801669732,0,1.1532535902386967,0,0.9698584641208919,0.5272972542088118,1.7316227695886681,0.47087095579741883,0.26623257679518353,0.24198831185855807,-0.29074200561727487,-0.6201892226844657,0.33809616377248186,-0.6561696555684865,-0.6216307944711459,-0.37234031447388954,-0.5951514496435035,0.1427954259612064,-0.6690134898587935,1.3265656924226743,0.8222948115649081,1.5500896031448563,1.7211229331292395,0.9026709338484401,-1.1628924173311372,1,0
-0.20717042561912297,2,2,-0.6443796155487519,0.0876134841591082,5,1.1697805251007627,1,0.9894861367222936,0.3796721288811475,0.8338130801669732,7,-1.5679065665042957,2,-0.5593674556211897,-1.0742047368799348,0.0534914549279603,1.4798801467918874,-1.584178240646517,-0.9320143892374165,-0.29074200561727487,-0.6201892226844657,0.33809616377248186,0.16237192087896354,0.7713528455785257,0.5611564375612741,0.8059898555710231,-0.6708064196317143,-0.93970381587288,0.4421885641408914,0.8222948115649081,1.5500896031448563,-0.5810160220117815,0.9026709338484401,-1.1628924173311372,2,1
-0.4257924828051325,1,1,2.4318675748145413,1.0633091032037203,3,-1.5756862740979403,0,-0.5851223839616266,-1.0261667362455194,-0.06744076383703446,6,0.24620020465769926,2,-1.5718243553383073,-0.6738292391077482,-0.9054407248781584,0.47087095579741883,-0.6589728319256667,-0.9320143892374165,0.35427874333744,0.9316033855643254,0.33809616377248186,0.9809134973264135,0.7713528455785257,0.24999085354955286,1.0862181166139284,-2.2980101108175557,0.3975569909593268,-0.4421885641408914,0.8222948115649081,-0.6451239966845644,-0.5810160220117815,-1.1078234188139944,0.9436409819008672,4,1
-0.9723476257701563,2,1,0.7091691482110972,-0.8880821348855039,1,-1.5756862740979403,1,-0.7819484490471167,0.3796721288811475,-0.9686946078410421,2,0.24620020465769926,0,1.1480643704009177,-0.6738292391077482,-0.5857966649427855,0.47087095579741883,1.1914379855160337,0.24198831185855807,-0.9357627545719898,1.707499689688721,-1.0778621289498782,-0.49246134027899646,-0.6216307944711459,-0.061174730462168335,-0.5951514496435035,0.956397271554127,0.3682111238400426,-1.3265656924226743,-1.216108852854004,-0.6451239966845644,-0.5810160220117815,-1.1078234188139944,0.9436409819008672,4,0
-0.3164814542121277,1,1,-0.7674295031632836,-1.863777753930116,1,-1.5756862740979403,1,-1.0279810304039791,0.3796721288811475,-0.06744076383703446,0,1.1532535902386967,2,1.1177075283216704,-1.0742047368799348,0.21331348489564675,0.47087095579741883,0.26623257679518353,-0.9320143892374165,-0.5487503051991608,-1.3960855268088614,-1.0778621289498782,-0.16504470970001647,-0.6216307944711459,-0.6835058984856107,-0.03469492755769292,0.1427954259612064,-2.4429205608969005,-1.3265656924226743,-1.216108852854004,-0.6451239966845644,-0.5810160220117815,-1.1078234188139944,0.9436409819008672,3,0
0.01145163156688656,2,2,0.09391971013843849,1.0633091032037203,1,1.1697805251007627,0,1.0878991692650386,-1.0261667362455194,-0.06744076383703446,7,1.1532535902386967,0,1.3927461391970728,-0.2734537413355615,1.4918897246371383,0.47087095579741883,0.26623257679518353,2.5899937140505074,-0.41974615540821786,1.707499689688721,0.33809616377248186,-0.9835862861474665,-1.1788242504910145,-0.6835058984856107,-1.1556079717293142,0.956397271554127,0.3297579186492565,-0.4421885641408914,-1.216108852854004,-0.6451239966845644,-0.5810160220117815,0.9026709338484401,0.9436409819008672,3,0
-1.3002807115491706,2,1,-0.6443796155487519,-1.863777753930116,5,1.1697805251007627,1,-1.6676657419318217,0.3796721288811475,-0.9686946078410421,2,1.1532535902386967,1,-1.364385934463451,-0.6738292391077482,1.5718007396209817,0.47087095579741883,-0.6589728319256667,0.24198831185855807,-0.5487503051991608,0.1557070814399298,1.754054456494842,-0.001336394410526465,0.7713528455785257,0.8723220215729953,0.5257615945281178,0.1427954259612064,-0.93970381587288,1.3265656924226743,0.8222948115649081,1.5500896031448563,-0.5810160220117815,0.9026709338484401,-1.1628924173311372,1,1
-1.1909696829561658,2,1,1.4474684738982875,0.0876134841591082,3,-1.5756862740979403,1,-1.4216331605749593,0.3796721288811475,-0.9686946078410421,2,0.24620020465769926,0,0.7111226017695297,-0.6738292391077482,1.2521566796856087,1.4798801467918874,0.26623257679518353,0.24198831185855807,-1.3227752039448188,-2.171981830933257,-1.0778621289498782,-0.9835862861474665,-0.9002275224810803,-0.6835058984856107,-1.1556079717293142,1.7699991171470477,-1.5665922531279326,-1.3265656924226743,-1.216108852854004,-0.6451239966845644,-0.5810160220117815,-1.1078234188139944,0.9436409819008672,3,1
-0.4257924828051325,2,1,1.9396680243564146,0.0876134841591082,3,-1.5756862740979403,1,-0.5359158676902541,-1.0261667362455194,-0.9686946078410421,6,-0.6608531809232983,2,-1.590937922573389,0.5272972542088118,-1.0652627548458449,1.4798801467918874,-0.6589728319256667,-0.9320143892374165,-0.8067586047810468,-2.171981830933257,0.33809616377248186,-0.8198779708579764,-0.6216307944711459,-0.061174730462168335,-0.5951514496435035,0.956397271554127,-1.6794220525693182,-1.3265656924226743,-1.216108852854004,-0.6451239966845644,-0.5810160220117815,-1.1078234188139944,-1.1628924173311372,2,1
0.5580067745319104,2,1,-0.8904793907778153,-0.8880821348855039,3,1.1697805251007627,1,-1.5200461931177043,0.3796721288811475,1.7350669241709809,3,-1.5679065665042957,1,0.012071988333529871,-1.0742047368799348,-0.9054407248781584,0.47087095579741883,1.1914379855160337,0.24198831185855807,1.515316091455927,0.1557070814399298,0.33809616377248186,2.454288334931823,0.4927561175685914,3.361646693666765,0.8059898555710231,-0.6708064196317143,-1.6222482080093337,1.3265656924226743,0.8222948115649081,1.5500896031448563,1.7211229331292395,0.9026709338484401,-1.1628924173311372,1,0
-0.9723476257701563,1,1,-1.013529278392347,0.0876134841591082,3,-1.5756862740979403,1,-1.0279810304039791,-1.0261667362455194,-0.9686946078410421,2,-0.6608531809232983,0,-1.0053038441279103,-0.6738292391077482,0.13340246991180352,0.47087095579741883,-1.584178240646517,1.4159910129545328,-1.3227752039448188,-0.6201892226844657,0.33809616377248186,-0.9835862861474665,-1.1788242504910145,-0.6835058984856107,-1.1556079717293142,-1.4844082652246349,-0.8051175977051286,1.3265656924226743,0.8222948115649081,1.5500896031448563,1.7211229331292395,0.9026709338484401,-1.1628924173311372,1,1
1.4324950032759485,1,2,-1.013529278392347,1.0633091032037203,4,1.1697805251007627,1,0.743453555365431,0.3796721288811475,-0.06744076383703446,7,0.24620020465769926,2,0.4128947365280356,0.12692175643662515,-0.5857966649427855,0.47087095579741883,1.1914379855160337,-0.9320143892374165,-0.8067586047810468,0.9316033855643254,0.33809616377248186,-1.1472946014369565,-1.1788242504910145,-0.6835058984856107,-1.1556079717293142,-0.6708064196317143,-0.14584751397362444,0.4421885641408914,0.8222948115649081,1.5500896031448563,-0.5810160220117815,-1.1078234188139944,-1.1628924173311372,1,1
-0.4257924828051325,1,2,-0.2752299527051567,0.0876134841591082,1,1.1697805251007627,0,-1.7660787744745667,0.3796721288811475,-0.06744076383703446,7,-0.6608531809232983,1,-0.12818786534743673,-1.0742047368799348,-1.0652627548458449,0.47087095579741883,0.26623257679518353,0.24198831185855807,-0.9357627545719898,0.1557070814399298,0.33809616377248186,-0.6561696555684865,-0.6216307944711459,-0.6835058984856107,-0.5951514496435035,-0.6708064196317143,-0.6022263440011123,-0.4421885641408914,-1.216108852854004,-0.6451239966845644,-0.5810160220117815,-1.1078234188139944,-0.10962571771513507,3,0
-0.3164814542121277,0,1,-0.7674295031632836,1.0633091032037203,1,0.2546249253678617,1,-1.2740136117608418,-1.0261667362455194,-0.9686946078410421,6,1.1532535902386967,1,1.1475022066587093,0.12692175643662515,-0.4259746349750991,0.47087095579741883,1.1914379855160337,2.5899937140505074,-0.6777544549901038,-0.6201892226844657,0.33809616377248186,-1.1472946014369565,-1.1788242504910145,-0.6835058984856107,-1.1556079717293142,0.956397271554127,0.4678858794003698,1.3265656924226743,0.8222948115649081,1.5500896031448563,1.7211229331292395,0.9026709338484401,-1.1628924173311372,1,0
1.213872946089939,0,1,-1.013529278392347,1.0633091032037203,3,-1.5756862740979403,1,-1.5200461931177043,1.7855109940078144,1.7350669241709809,3,1.1532535902386967,2,0.258721330227414,-0.2734537413355615,-1.2250847848135313,1.4798801467918874,0.26623257679518353,-0.9320143892374165,2.0313326906196987,0.1557070814399298,-1.0778621289498782,-0.3287530249895065,-0.06443733845127728,-0.061174730462168335,-0.875379710686409,0.1427954259612064,0.8073872041769157,-1.3265656924226743,0.8222948115649081,-0.6451239966845644,-0.5810160220117815,-1.1078234188139944,-1.1628924173311372,2,0
0.8859398603109246,0,2,-0.02913017747609325,1.0633091032037203,1,-0.6605306743650393,0,-0.043850704976529056,-1.0261667362455194,-0.06744076383703446,7,0.24620020465769926,1,0.5139436691899745,-0.6738292391077482,-0.9853517398620016,-0.5381382351970498,1.1914379855160337,0.24198831185855807,0.483282893128383,-0.6201892226844657,0.33809616377248186,1.3083301279053936,1.6071430296083287,0.5611564375612741,2.2071311607855497,0.1427954259612064,-0.01632092806781857,1.3265656924226743,0.8222948115649081,1.5500896031448563,1.7211229331292395,0.9026709338484401,-1.1628924173311372,3,0
1.651117060461958,2,1,-0.2752299527051567,1.0633091032037203,1,-0.6605306743650393,1,1.038692652993666,0.3796721288811475,0.8338130801669732,0,-0.6608531809232983,2,0.14179127184809115,1.7284237475253719,0.29322449987949,0.47087095579741883,1.1914379855160337,-0.9320143892374165,0.870295342501212,0.9316033855643254,0.33809616377248186,0.16237192087896354,0.4927561175685914,0.5611564375612741,-1.1556079717293142,-0.6708064196317143,-0.11700761008053485,-0.4421885641408914,0.8222948115649081,-0.6451239966845644,-0.5810160220117815,-1.1078234188139944,0.9436409819008672,3,0
0.12076266015989133,2,2,0.09391971013843849,1.0633091032037203,2,0.2546249253678617,1,0.349801425194451,-1.0261667362455194,0.8338130801669732,7,0.24620020465769926,0,-1.2289044725912548,-1.0742047368799348,-1.0652627548458449,-0.5381382351970498,-0.6589728319256667,1.4159910129545328,-0.29074200561727487,-0.6201892226844657,0.33809616377248186,0.16237192087896354,0.7713528455785257,-0.061174730462168335,0.8059898555710231,0.956397271554127,0.9369137900827216,0.4421885641408914,0.8222948115649081,-0.6451239966845644,1.7211229331292395,0.9026709338484401,-0.10962571771513507,2,0
-0.8630365971771515,2,1,2.3088176872000097,1.0633091032037203,1,0.2546249253678617,0,1.333931750621901,0.3796721288811475,-0.9686946078410421,6,1.1532535902386967,0,1.778531007287507,0.5272972542088118,-0.10633057503972616,1.4798801467918874,-1.584178240646517,0.24198831185855807,-0.032733706035388915,-1.3960855268088614,0.33809616377248186,-0.001336394410526465,0.21415938955865704,-0.37234031447388954,0.8059898555710231,1.7699991171470477,-0.4236213251544347,1.3265656924226743,0.8222948115649081,1.5500896031448563,-0.5810160220117815,0.9026709338484401,-1.1628924173311372,2,0
-0.9723476257701563,2,1,-0.7674295031632836,0.0876134841591082,3,1.1697805251007627,0,1.333931750621901,0.3796721288811475,0.8338130801669732,4,-0.6608531809232983,0,-0.8817683617776401,-1.0742047368799348,0.21331348489564675,0.47087095579741883,-0.6589728319256667,2.5899937140505074,-0.1617378558263319,0.1557070814399298,-1.0778621289498782,0.32608023616845355,0.7713528455785257,-0.37234031447388954,0.8059898555710231,-0.6708064196317143,-0.21870621854564024,-1.3265656924226743,-1.216108852854004,-0.6451239966845644,1.7211229331292395,-1.1078234188139944,0.9436409819008672,3,0
0.9952508889039294,2,2,-0.7674295031632836,-1.863777753930116,2,-1.5756862740979403,1,-0.6835354165043717,0.3796721288811475,1.7350669241709809,3,0.24620020465769926,1,0.18029948818935854,0.12692175643662515,0.4530465298471764,-0.5381382351970498,1.1914379855160337,0.24198831185855807,1.515316091455927,0.1557070814399298,0.33809616377248186,0.8172051820369235,1.3285463015983943,0.5611564375612741,1.3664463776568336,0.1427954259612064,0.04287676939694427,0.4421885641408914,0.8222948115649081,-0.6451239966845644,-0.5810160220117815,0.9026709338484401,-0.10962571771513507,2,0
0.12076266015989133,2,2,-0.8904793907778153,-0.8880821348855039,2,1.1697805251007627,1,-1.6676657419318217,0.3796721288811475,0.8338130801669732,7,-0.6608531809232983,2,0.8862366074674098,1.7284237475253719,0.29322449987949,0.47087095579741883,0.26623257679518353,-0.9320143892374165,-0.1617378558263319,-0.6201892226844657,0.33809616377248186,-0.9835862861474665,-1.1788242504910145,-0.6835058984856107,-1.1556079717293142,-0.6708064196317143,-1.1911675392915735,-0.4421885641408914,0.8222948115649081,-0.6451239966845644,-0.5810160220117815,-1.1078234188139944,-1.1628924173311372,2,0
0.6673178031249152,1,1,2.185767799585478,0.0876134841591082,1,0.2546249253678617,0,0.841866587908176,0.3796721288811475,0.8338130801669732,4,-1.5679065665042957,1,-0.39043725108760075,2.1287992452975586,3.6494871292009052,-1.5471474261915186,0.26623257679518353,0.24198831185855807,0.870295342501212,-1.3960855268088614,0.33809616377248186,0.16237192087896354,0.7713528455785257,-0.6835058984856107,-0.875379710686409,0.1427954259612064,-0.5410047936315713,-0.4421885641408914,-1.216108852854004,-0.6451239966845644,-0.5810160220117815,0.9026709338484401,3.0501743811328716,5,0
0.23007368875289608,1,1,-0.8904793907778153,0.0876134841591082,1,-1.5756862740979403,1,0.8910731041795485,0.3796721288811475,1.7350669241709809,0,1.1532535902386967,0,-0.1076688887568344,1.7284237475253719,-0.2661526050074126,-1.5471474261915186,1.1914379855160337,2.5899937140505074,1.257307791874041,0.9316033855643254,0.33809616377248186,1.7994550737738635,0.7713528455785257,2.7393155256433226,0.24553333348521242,0.1427954259612064,0.9662596572020057,0.4421885641408914,-1.216108852854004,-0.6451239966845644,-0.5810160220117815,-1.1078234188139944,1.9969076815168694,3,0
0.33938471734590087,2,1,0.5861192605965654,0.0876134841591082,3,0.2546249253678617,1,-1.0771875466753518,-1.0261667362455194,2.6363207681749885,5,0.24620020465769926,2,0.4540732306447923,-0.6738292391077482,1.9713558145401977,0.47087095579741883,-1.584178240646517,-0.9320143892374165,1.257307791874041,-0.6201892226844657,1.754054456494842,2.1268717043528436,0.7713528455785257,0.5611564375612741,1.3664463776568336,0.956397271554127,-0.3816263773802867,1.3265656924226743,0.8222948115649081,1.5500896031448563,-0.5810160220117815,0.9026709338484401,-0.10962571771513507,2,0
-1.7375248259211897,2,1,-1.013529278392347,-1.863777753930116,5,1.1697805251007627,0,0.20218187638033347,-1.0261667362455194,-0.9686946078410421,6,-0.6608531809232983,2,1.5477627911110068,-0.6738292391077482,0.29322449987949,-1.5471474261915186,0.26623257679518353,-0.9320143892374165,-1.1937710541538757,2.4833959938131165,1.754054456494842,-0.8198779708579764,-0.6216307944711459,-0.061174730462168335,-0.5951514496435035,-1.4844082652246349,-0.9346441836109345,-1.3265656924226743,0.8222948115649081,-0.6451239966845644,-0.5810160220117815,-1.1078234188139944,0.9436409819008672,3,0
0.23007368875289608,0,1,-0.02913017747609325,0.0876134841591082,1,0.2546249253678617,1,0.20218187638033347,0.3796721288811475,-0.06744076383703446,2,-0.6608531809232983,2,-0.7790329378890763,2.529174743069745,-0.10633057503972616,0.47087095579741883,0.26623257679518353,-0.9320143892374165,-0.29074200561727487,-0.6201892226844657,-1.0778621289498782,-0.3287530249895065,-0.06443733845127728,-0.6835058984856107,-0.31492318860059826,-1.4844082652246349,-0.17013374883096305,0.4421885641408914,0.8222948115649081,1.5500896031448563,1.7211229331292395,0.9026709338484401,-1.1628924173311372,2,0
-0.0978593970261182,0,1,1.0783188110546924,1.0633091032037203,1,-1.5756862740979403,1,0.5958340065513135,0.3796721288811475,-0.06744076383703446,4,1.1532535902386967,2,1.254313317678283,-0.2734537413355615,-0.18624159002356938,1.4798801467918874,-1.584178240646517,-0.9320143892374165,0.870295342501212,-2.171981830933257,0.33809616377248186,0.6534968667474336,1.3285463015983943,-0.6835058984856107,1.3664463776568336,0.956397271554127,0.09802676105215068,-0.4421885641408914,0.8222948115649081,-0.6451239966845644,-0.5810160220117815,-1.1078234188139944,0.9436409819008672,3,0
-0.6444145399911421,1,2,1.3244185862837559,0.0876134841591082,1,0.2546249253678617,1,0.05456232756621595,1.7855109940078144,-0.9686946078410421,8,1.1532535902386967,1,1.0776533616893302,-1.0742047368799348,2.051266829524041,-0.5381382351970498,-1.584178240646517,0.24198831185855807,-1.0647669043629329,0.9316033855643254,0.33809616377248186,-0.8198779708579764,-0.6216307944711459,-0.061174730462168335,-0.5951514496435035,0.956397271554127,0.09094327588542692,-0.4421885641408914,-1.216108852854004,-0.6451239966845644,-0.5810160220117815,-1.1078234188139944,-0.10962571771513507,3,0
-0.9723476257701563,2,1,-0.8904793907778153,-1.863777753930116,1,-1.5756862740979403,1,0.05456232756621595,-1.0261667362455194,-0.9686946078410421,6,-0.6608531809232983,1,0.7867336250965438,-1.0742047368799348,-1.2250847848135313,0.47087095579741883,-1.584178240646517,-0.9320143892374165,-0.6777544549901038,-0.6201892226844657,-2.4938204216722384,-0.3287530249895065,-0.3430340664612116,-0.6835058984856107,-0.03469492755769292,-0.6708064196317143,-0.06388147133010666,-0.4421885641408914,0.8222948115649081,-0.6451239966845644,-0.5810160220117815,-1.1078234188139944,-0.10962571771513507,3,0
-0.20717042561912297,1,2,0.21696959775297023,-0.8880821348855039,2,1.1697805251007627,1,-0.5851223839616266,0.3796721288811475,-0.06744076383703446,7,1.1532535902386967,0,0.588430365032572,-0.6738292391077482,-0.6657076799266287,-1.5471474261915186,1.1914379855160337,0.24198831185855807,-0.8067586047810468,0.1557070814399298,0.33809616377248186,-0.3287530249895065,-0.6216307944711459,-0.6835058984856107,-0.5951514496435035,0.1427954259612064,-0.5814818517271356,-0.4421885641408914,-1.216108852854004,-0.6451239966845644,-0.5810160220117815,-1.1078234188139944,0.9436409819008672,2,0
1.3231839746829437,2,2,-0.15218006509062498,1.0633091032037203,5,1.1697805251007627,1,-0.4867093514188816,-1.0261667362455194,1.7350669241709809,7,-0.6608531809232983,1,-0.3420911692576884,1.3280482497531851,1.1722456647017656,0.47087095579741883,-0.6589728319256667,0.24198831185855807,1.3863119416649838,0.1557070814399298,0.33809616377248186,0.32608023616845355,1.04994957358846,-0.061174730462168335,-0.31492318860059826,-0.6708064196317143,1.7793425616966543,1.3265656924226743,0.8222948115649081,1.5500896031448563,1.7211229331292395,0.9026709338484401,-0.10962571771513507,2,0
-0.3164814542121277,1,1,-0.8904793907778153,-0.8880821348855039,1,1.1697805251007627,1,1.432344783164646,0.3796721288811475,-0.06744076383703446,4,0.24620020465769926,2,0.21374823085075137,-0.2734537413355615,1.0923346497179223,-1.5471474261915186,1.1914379855160337,-0.9320143892374165,-0.8067586047810468,0.1557070814399298,-1.0778621289498782,-0.6561696555684865,-0.6216307944711459,-0.6835058984856107,-0.5951514496435035,-1.4844082652246349,-0.8116951196456578,-1.3265656924226743,0.8222948115649081,-0.6451239966845644,1.7211229331292395,-1.1078234188139944,0.9436409819008672,3,0
-0.8630365971771515,1,1,0.09391971013843849,0.0876134841591082,1,1.1697805251007627,0,-0.2406767700620191,0.3796721288811475,-0.9686946078410421,6,-0.6608531809232983,0,0.5097274411234124,-1.0742047368799348,1.3320676946694519,0.47087095579741883,1.1914379855160337,1.4159910129545328,-0.41974615540821786,-0.6201892226844657,-1.0778621289498782,-0.001336394410526465,0.21415938955865704,-0.37234031447388954,-0.875379710686409,-1.4844082652246349,-0.6351139537037583,-1.3265656924226743,-1.216108852854004,-0.6451239966845644,-0.5810160220117815,-1.1078234188139944,0.9436409819008672,3,0
0.5580067745319104,2,1,2.4318675748145413,0.0876134841591082,3,-0.6605306743650393,1,-0.4867093514188816,-2.432005601372186,-0.06744076383703446,2,1.1532535902386967,2,-0.6682866806740446,0.5272972542088118,-0.18624159002356938,1.4798801467918874,-1.584178240646517,-0.9320143892374165,0.612287042919326,0.1557070814399298,0.33809616377248186,-0.9835862861474665,-1.1788242504910145,-0.6835058984856107,-1.1556079717293142,1.7699991171470477,-0.19340805723591253,-1.3265656924226743,-1.216108852854004,-0.6451239966845644,-0.5810160220117815,-1.1078234188139944,-1.1628924173311372,3,0
-0.8630365971771515,2,1,-0.15218006509062498,-1.863777753930116,3,-0.6605306743650393,1,0.645040522822686,-1.0261667362455194,-0.06744076383703446,4,1.1532535902386967,1,0.4744516662998426,-0.6738292391077482,-0.9853517398620016,0.47087095579741883,0.26623257679518353,0.24198831185855807,-0.1617378558263319,-0.6201892226844657,-1.0778621289498782,0.48978855145794353,0.7713528455785257,-0.37234031447388954,-0.5951514496435035,0.1427954259612064,-1.0813735192073552,-1.3265656924226743,-1.216108852854004,-0.6451239966845644,-0.5810160220117815,-1.1078234188139944,0.9436409819008672,3,0
0.12076266015989133,2,0,-1.013529278392347,0.0876134841591082,0,0.2546249253678617,1,-1.4216331605749593,1.7855109940078144,-0.9686946078410421,1,0.24620020465769926,1,-1.167769165626104,-0.6738292391077482,0.37313551486333324,-0.5381382351970498,1.1914379855160337,0.24198831185855807,-0.5487503051991608,-0.6201892226844657,1.754054456494842,-0.001336394410526465,0.4927561175685914,0.8723220215729953,-1.1556079717293142,-0.6708064196317143,-1.869158262392276,1.3265656924226743,0.8222948115649081,-0.6451239966845644,1.7211229331292395,0.9026709338484401,-0.10962571771513507,2,0
-0.9723476257701563,1,1,-0.39827984031968844,0.0876134841591082,1,0.2546249253678617,1,-1.3232201280322142,-1.0261667362455194,-0.9686946078410421,6,0.24620020465769926,0,1.0926912417934018,-0.6738292391077482,-0.5058856499589423,0.47087095579741883,1.1914379855160337,0.24198831185855807,-1.0647669043629329,-0.6201892226844657,0.33809616377248186,-0.6561696555684865,-0.9002275224810803,-0.6835058984856107,-0.5951514496435035,-0.6708064196317143,-1.4249225497934574,-0.4421885641408914,-1.216108852854004,-0.6451239966845644,-0.5810160220117815,-1.1078234188139944,-0.10962571771513507,2,0
-2.065457911700204,0,1,-0.15218006509062498,-1.863777753930116,3,0.2546249253678617,1,0.6942470390940585,0.3796721288811475,-0.9686946078410421,2,0.24620020465769926,2,-0.10640402033686576,-0.6738292391077482,3.4097540842493754,-0.5381382351970498,1.1914379855160337,-0.9320143892374165,-1.4517793537357617,-2.171981830933257,0.33809616377248186,-1.1472946014369565,-1.1788242504910145,-0.6835058984856107,-1.1556079717293142,0.1427954259612064,0.6277702588778489,0.4421885641408914,0.8222948115649081,1.5500896031448563,-0.5810160220117815,0.9026709338484401,0.9436409819008672,3,1
-0.4257924828051325,2,2,-0.02913017747609325,1.0633091032037203,2,-1.5756862740979403,0,0.5466274902799411,0.3796721288811475,-0.06744076383703446,7,-1.5679065665042957,2,0.5722681574440839,-1.0742047368799348,0.13340246991180352,0.47087095579741883,-1.584178240646517,-0.9320143892374165,-0.6777544549901038,0.1557070814399298,0.33809616377248186,-0.3287530249895065,-0.6216307944711459,-0.6835058984856107,-0.31492318860059826,-1.4844082652246349,1.0866789050363095,-1.3265656924226743,-1.216108852854004,-0.6451239966845644,-0.5810160220117815,-1.1078234188139944,1.9969076815168694,5,1
0.4486957459389056,2,1,0.340019485367502,1.0633091032037203,1,-0.6605306743650393,1,-0.9787745141326066,0.3796721288811475,-0.9686946078410421,2,1.1532535902386967,1,-0.7395409349989445,0.12692175643662515,2.051266829524041,-1.5471474261915186,-1.584178240646517,0.24198831185855807,-0.6777544549901038,0.9316033855643254,0.33809616377248186,-0.9835862861474665,-1.1788242504910145,-0.6835058984856107,-1.1556079717293142,0.956397271554127,1.183823844465664,-1.3265656924226743,-1.216108852854004,-0.6451239966845644,-0.5810160220117815,-1.1078234188139944,1.9969076815168694,3,0
-0.6444145399911421,1,1,0.7091691482110972,0.0876134841591082,3,0.2546249253678617,1,0.3005949089230785,0.3796721288811475,-0.9686946078410421,2,0.24620020465769926,1,-1.1355852913846798,-0.6738292391077482,0.21331348489564675,-0.5381382351970498,0.26623257679518353,0.24198831185855807,-1.1937710541538757,1.707499689688721,-1.0778621289498782,-0.8198779708579764,-0.6216307944711459,-0.061174730462168335,-0.5951514496435035,-0.6708064196317143,-0.18986631465255066,-0.4421885641408914,-1.216108852854004,-0.6451239966845644,-0.5810160220117815,-1.1078234188139944,-0.10962571771513507,3,1
0.01145163156688656,2,1,1.9396680243564146,-0.8880821348855039,3,0.2546249253678617,0,-0.6835354165043717,-1.0261667362455194,-0.06744076383703446,0,1.1532535902386967,0,0.40165146168386995,1.7284237475253719,0.7726905897825493,-0.5381382351970498,0.26623257679518353,1.4159910129545328,-0.29074200561727487,-0.6201892226844657,0.33809616377248186,-0.16504470970001647,-0.6216307944711459,-0.37234031447388954,-0.31492318860059826,0.956397271554127,-0.47118186841672277,1.3265656924226743,0.8222948115649081,1.5500896031448563,1.7211229331292395,0.9026709338484401,-1.1628924173311372,2,0
-1.081658654363161,2,1,-0.39827984031968844,0.0876134841591082,1,1.1697805251007627,1,-0.5359158676902541,-1.0261667362455194,-0.9686946078410421,6,0.24620020465769926,1,-0.8942765050417744,-0.6738292391077482,1.2521566796856087,-0.5381382351970498,0.26623257679518353,0.24198831185855807,-0.9357627545719898,-2.171981830933257,0.33809616377248186,-0.49246134027899646,-0.6216307944711459,-0.061174730462168335,-0.5951514496435035,-1.4844082652246349,-0.7697001718715097,1.3265656924226743,0.8222948115649081,1.5500896031448563,1.7211229331292395,0.9026709338484401,-1.1628924173311372,1,0
-0.3164814542121277,2,2,-0.02913017747609325,-1.863777753930116,1,-0.6605306743650393,0,0.20218187638033347,0.3796721288811475,-0.06744076383703446,7,0.24620020465769926,1,-1.1923638293477163,-0.6738292391077482,1.4918897246371383,1.4798801467918874,-1.584178240646517,-0.9320143892374165,-0.6777544549901038,0.1557070814399298,-1.0778621289498782,-0.16504470970001647,0.21415938955865704,-0.37234031447388954,-0.31492318860059826,-0.6708064196317143,-0.8253561267529107,-0.4421885641408914,-1.216108852854004,-0.6451239966845644,-0.5810160220117815,0.9026709338484401,0.9436409819008672,3,0
-0.20717042561912297,2,0,-0.15218006509062498,1.0633091032037203,5,0.2546249253678617,1,1.6783773645215088,0.3796721288811475,-0.9686946078410421,1,0.24620020465769926,2,-1.0126119727766179,-0.6738292391077482,2.6905549493947865,0.47087095579741883,-0.6589728319256667,-0.9320143892374165,-0.6777544549901038,-0.6201892226844657,-2.4938204216722384,-0.3287530249895065,-0.06443733845127728,-0.37234031447388954,-0.03469492755769292,0.1427954259612064,0.6075317298300668,0.4421885641408914,0.8222948115649081,1.5500896031448563,-0.5810160220117815,0.9026709338484401,-0.10962571771513507,2,0
-0.8630365971771515,2,2,1.6935682491273512,-1.863777753930116,1,1.1697805251007627,0,-1.0279810304039791,-1.0261667362455194,0.8338130801669732,7,-1.5679065665042957,1,-0.4428590200485231,-0.6738292391077482,-1.2250847848135313,-0.5381382351970498,-1.584178240646517,0.24198831185855807,-0.032733706035388915,0.1557070814399298,-2.4938204216722384,0.6534968667474336,1.04994957358846,0.24999085354955286,1.646674638699739,0.956397271554127,-1.0545574682190437,-0.4421885641408914,-1.216108852854004,-0.6451239966845644,-0.5810160220117815,0.9026709338484401,-0.10962571771513507,2,1
0.33938471734590087,1,1,-0.02913017747609325,1.0633091032037203,3,-0.6605306743650393,0,1.0878991692650386,0.3796721288811475,0.8338130801669732,5,0.24620020465769926,2,-0.07464176890209777,2.529174743069745,-0.34606361999125584,0.47087095579741883,0.26623257679518353,-0.9320143892374165,1.1283036420830979,0.1557070814399298,-1.0778621289498782,1.7994550737738635,0.7713528455785257,-0.061174730462168335,2.487359421828455,0.1427954259612064,1.866874199828312,-0.4421885641408914,-1.216108852854004,-0.6451239966845644,-0.5810160220117815,-1.1078234188139944,-1.1628924173311372,3,0
0.5580067745319104,1,2,0.340019485367502,0.0876134841591082,1,0.2546249253678617,1,-1.0771875466753518,0.3796721288811475,1.7350669241709809,7,-1.5679065665042957,2,-1.6676732733848196,-1.0742047368799348,-0.18624159002356938,-0.5381382351970498,-0.6589728319256667,-0.9320143892374165,1.3863119416649838,-0.6201892226844657,-1.0778621289498782,2.2905800196423334,1.3285463015983943,3.361646693666765,2.7675876828713606,0.1427954259612064,-0.8850597874438682,0.4421885641408914,-1.216108852854004,-0.6451239966845644,-0.5810160220117815,-1.1078234188139944,0.9436409819008672,4,1
0.5580067745319104,2,2,-0.6443796155487519,1.0633091032037203,2,-0.6605306743650393,1,-1.0279810304039791,0.3796721288811475,-0.06744076383703446,7,-1.5679065665042957,2,-1.6949382148819214,1.7284237475253719,-1.1451737698296882,-0.5381382351970498,1.1914379855160337,-0.9320143892374165,-0.29074200561727487,0.1557070814399298,1.754054456494842,-0.16504470970001647,-0.06443733845127728,-0.37234031447388954,0.24553333348521242,-1.4844082652246349,0.41830148323330346,1.3265656924226743,0.8222948115649081,1.5500896031448563,1.7211229331292395,0.9026709338484401,0.9436409819008672,1,0
-0.20717042561912297,2,1,-1.013529278392347,1.0633091032037203,3,1.1697805251007627,1,-0.3882963188761366,-1.0261667362455194,-0.9686946078410421,2,0.24620020465769926,1,0.2848619442400992,1.3280482497531851,1.0923346497179223,-1.5471474261915186,-0.6589728319256667,0.24198831185855807,-0.1617378558263319,-0.6201892226844657,0.33809616377248186,0.16237192087896354,-1.1788242504910145,-0.37234031447388954,0.8059898555710231,-0.6708064196317143,0.7036647428070321,1.3265656924226743,0.8222948115649081,-0.6451239966845644,1.7211229331292395,0.9026709338484401,-0.10962571771513507,2,0
-1.4095917401421754,2,1,1.8166181367418828,0.0876134841591082,3,1.1697805251007627,1,-0.8311549653184892,0.3796721288811475,-0.9686946078410421,2,-0.6608531809232983,2,-1.1108500867275153,2.1287992452975586,0.7726905897825493,1.4798801467918874,1.1914379855160337,-0.9320143892374165,-0.6777544549901038,-0.6201892226844657,0.33809616377248186,-0.49246134027899646,-0.3430340664612116,-0.37234031447388954,-0.5951514496435035,0.956397271554127,-0.6396676227395094,-1.3265656924226743,-1.216108852854004,-0.6451239966845644,-0.5810160220117815,-1.1078234188139944,0.9436409819008672,4,0
-0.9723476257701563,2,1,0.340019485367502,-1.863777753930116,1,0.2546249253678617,0,0.645040522822686,0.3796721288811475,-0.9686946078410421,2,1.1532535902386967,1,1.2145402329170472,-0.6738292391077482,-1.0652627548458449,-1.5471474261915186,1.1914379855160337,-0.9320143892374165,-1.3227752039448188,0.9316033855643254,-1.0778621289498782,-0.9835862861474665,-0.9002275224810803,-0.6835058984856107,-1.1556079717293142,0.1427954259612064,-0.10891219846142199,-0.4421885641408914,-1.216108852854004,-0.6451239966845644,-0.5810160220117815,0.9026709338484401,-1.1628924173311372,3,1
-1.1909696829561658,2,1,-0.7674295031632836,1.0633091032037203,3,-1.5756862740979403,1,0.7926600716368035,1.7855109940078144,-0.9686946078410421,2,1.1532535902386967,1,-0.12537704663639532,-0.6738292391077482,0.7726905897825493,1.4798801467918874,-0.6589728319256667,0.24198831185855807,-0.41974615540821786,-0.6201892226844657,0.33809616377248186,0.16237192087896354,0.7713528455785257,-0.6835058984856107,0.8059898555710231,0.1427954259612064,1.8390462223876116,0.4421885641408914,0.8222948115649081,-0.6451239966845644,-0.5810160220117815,0.9026709338484401,-0.10962571771513507,2,0
-0.7537255685841467,2,2,0.09391971013843849,0.0876134841591082,2,0.2546249253678617,1,0.3005949089230785,-1.0261667362455194,-0.06744076383703446,7,0.24620020465769926,1,-1.6312731710768333,-0.6738292391077482,1.2521566796856087,-0.5381382351970498,-1.584178240646517,0.24198831185855807,-0.1617378558263319,0.1557070814399298,0.33809616377248186,0.48978855145794353,-0.3430340664612116,-0.37234031447388954,-0.03469492755769292,0.1427954259612064,-0.31079152571304913,1.3265656924226743,0.8222948115649081,1.5500896031448563,1.7211229331292395,0.9026709338484401,-0.10962571771513507,2,0
0.33938471734590087,1,1,2.0627179119709464,-0.8880821348855039,3,0.2546249253678617,0,1.2847252343505287,-1.0261667362455194,-0.06744076383703446,6,1.1532535902386967,1,0.9683125138298192,0.12692175643662515,0.13340246991180352,-0.5381382351970498,1.1914379855160337,0.24198831185855807,0.612287042919326,0.1557070814399298,-2.4938204216722384,-0.9835862861474665,-0.9002275224810803,-0.6835058984856107,-1.1556079717293142,0.1427954259612064,-0.884047860991479,-0.4421885641408914,-1.216108852854004,-0.6451239966845644,-0.5810160220117815,0.9026709338484401,-0.10962571771513507,3,0
-0.20717042561912297,2,1,-0.8904793907778153,0.0876134841591082,1,0.2546249253678617,1,-1.0771875466753518,-1.0261667362455194,0.8338130801669732,4,-0.6608531809232983,0,0.7413389029132249,-0.2734537413355615,-0.4259746349750991,0.47087095579741883,-0.6589728319256667,0.24198831185855807,0.483282893128383,-0.6201892226844657,1.754054456494842,-0.001336394410526465,0.7713528455785257,1.1834876055847166,-0.03469492755769292,0.956397271554127,-0.6341020272513692,-1.3265656924226743,-1.216108852854004,-0.6451239966845644,-0.5810160220117815,-1.1078234188139944,-0.10962571771513507,3,0
-0.3164814542121277,1,1,-1.013529278392347,0.0876134841591082,3,1.1697805251007627,1,1.5307578157073911,-1.0261667362455194,-0.06744076383703446,0,-1.5679065665042957,2,1.608054852462845,-1.0742047368799348,-0.745618694910472,1.4798801467918874,0.26623257679518353,-0.9320143892374165,0.35427874333744,0.1557070814399298,0.33809616377248186,0.9809134973264135,1.3285463015983943,0.5611564375612741,1.3664463776568336,-1.4844082652246349,0.9864981862497878,1.3265656924226743,0.8222948115649081,1.5500896031448563,1.7211229331292395,0.9026709338484401,-1.1628924173311372,2,0
-0.20717042561912297,1,1,-0.6443796155487519,1.0633091032037203,4,1.1697805251007627,1,-0.9295679978612341,-1.0261667362455194,-0.9686946078410421,2,1.1532535902386967,1,1.7179578640645645,-0.6738292391077482,1.4918897246371383,-0.5381382351970498,-0.6589728319256667,0.24198831185855807,-1.1937710541538757,-0.6201892226844657,1.754054456494842,-0.8198779708579764,-0.6216307944711459,-0.061174730462168335,-0.5951514496435035,0.1427954259612064,0.12838455462382392,-0.4421885641408914,-1.216108852854004,-0.6451239966845644,-0.5810160220117815,-1.1078234188139944,-1.1628924173311372,3,0
0.6673178031249152,2,2,-0.02913017747609325,0.0876134841591082,2,-1.5756862740979403,0,0.9402796204509211,-2.432005601372186,-0.06744076383703446,7,0.24620020465769926,2,-0.6779840052271374,2.1287992452975586,-1.2250847848135313,-0.5381382351970498,-0.6589728319256667,-0.9320143892374165,-0.5487503051991608,-0.6201892226844657,-1.0778621289498782,-0.49246134027899646,-0.3430340664612116,-0.37234031447388954,-0.31492318860059826,0.1427954259612064,0.753755102200293,-0.4421885641408914,0.8222948115649081,-0.6451239966845644,-0.5810160220117815,0.9026709338484401,-0.10962571771513507,2,1
-0.5351035113981373,0,2,-0.8904793907778153,-1.863777753930116,1,0.2546249253678617,0,0.4974209740085685,0.3796721288811475,-0.9686946078410421,8,-1.5679065665042957,0,0.08908842101606464,-0.6738292391077482,-0.9054407248781584,-0.5381382351970498,0.26623257679518353,2.5899937140505074,-1.3227752039448188,0.1557070814399298,0.33809616377248186,-0.9835862861474665,-1.1788242504910145,-0.6835058984856107,-1.1556079717293142,-0.6708064196317143,-0.5794579988223574,-0.4421885641408914,0.8222948115649081,-0.6451239966845644,-0.5810160220117815,0.9026709338484401,-0.10962571771513507,2,0
2.088361174833977,2,1,-0.6443796155487519,1.0633091032037203,5,1.1697805251007627,0,1.2847252343505287,0.3796721288811475,2.6363207681749885,3,-1.5679065665042957,0,0.5989709351989773,0.5272972542088118,-1.0652627548458449,-0.5381382351970498,1.1914379855160337,0.24198831185855807,2.160336840410642,-0.6201892226844657,0.33809616377248186,-0.3287530249895065,-0.6216307944711459,0.5611564375612741,-0.5951514496435035,0.1427954259612064,-0.9477992274919929,-1.3265656924226743,-1.216108852854004,-0.6451239966845644,-0.5810160220117815,-1.1078234188139944,0.9436409819008672,3,0
-0.8630365971771515,2,1,-0.39827984031968844,-1.863777753930116,3,-0.6605306743650393,0,-0.5851223839616266,0.3796721288811475,-0.9686946078410421,2,1.1532535902386967,1,1.6905523816319108,-0.6738292391077482,-1.2250847848135313,-0.5381382351970498,-1.584178240646517,0.24198831185855807,-0.1617378558263319,1.707499689688721,0.33809616377248186,0.48978855145794353,1.04994957358846,-0.6835058984856107,1.0862181166139284,0.1427954259612064,-1.5994798628305786,1.3265656924226743,0.8222948115649081,1.5500896031448563,1.7211229331292395,0.9026709338484401,-0.10962571771513507,2,0
-1.956146883107199,2,1,-0.02913017747609325,-0.8880821348855039,1,0.2546249253678617,1,-0.5851223839616266,0.3796721288811475,-0.9686946078410421,6,-1.5679065665042957,2,-1.0036173529012853,-0.6738292391077482,1.0923346497179223,1.4798801467918874,0.26623257679518353,-0.9320143892374165,-1.3227752039448188,0.9316033855643254,0.33809616377248186,-0.9835862861474665,-0.9002275224810803,-0.6835058984856107,-1.1556079717293142,0.1427954259612064,0.7603326241408221,-0.4421885641408914,0.8222948115649081,-0.6451239966845644,-0.5810160220117815,0.9026709338484401,-0.10962571771513507,2,0
0.8859398603109246,2,1,-0.2752299527051567,0.0876134841591082,3,-1.5756862740979403,0,0.841866587908176,0.3796721288811475,-0.9686946078410421,6,0.24620020465769926,1,0.8132958619158851,0.5272972542088118,-1.1451737698296882,0.47087095579741883,0.26623257679518353,0.24198831185855807,-0.5487503051991608,-0.6201892226844657,-1.0778621289498782,-0.6561696555684865,-0.6216307944711459,-0.6835058984856107,-0.5951514496435035,0.1427954259612064,1.3771017968719836,1.3265656924226743,0.8222948115649081,1.5500896031448563,1.7211229331292395,0.9026709338484401,-0.10962571771513507,2,0
0.01145163156688656,2,1,-1.013529278392347,0.0876134841591082,1,1.1697805251007627,0,-0.4867093514188816,-1.0261667362455194,-0.06744076383703446,4,1.1532535902386967,1,-0.6116486836465601,-0.6738292391077482,0.29322449987949,-0.5381382351970498,-0.6589728319256667,0.24198831185855807,0.35427874333744,-0.6201892226844657,-1.0778621289498782,1.1446218126159036,1.04994957358846,0.24999085354955286,1.9269028997426445,-1.4844082652246349,-0.10688834555664377,1.3265656924226743,0.8222948115649081,1.5500896031448563,1.7211229331292395,0.9026709338484401,-1.1628924173311372,1,0
-1.8468358545141943,2,1,-0.7674295031632836,0.0876134841591082,1,-1.5756862740979403,1,1.038692652993666,-1.0261667362455194,-0.9686946078410421,2,0.24620020465769926,2,-0.20871782141877326,-0.6738292391077482,-1.0652627548458449,0.47087095579741883,-1.584178240646517,-0.9320143892374165,-1.1937710541538757,-0.6201892226844657,-1.0778621289498782,-0.8198779708579764,-0.6216307944711459,-0.37234031447388954,-0.5951514496435035,-1.4844082652246349,0.7249151983072033,-1.3265656924226743,0.8222948115649081,-0.6451239966845644,-0.5810160220117815,-1.1078234188139944,-1.1628924173311372,3,0
0.7766288317179199,2,1,0.09391971013843849,1.0633091032037203,1,0.2546249253678617,1,1.4815512994360187,0.3796721288811475,-0.9686946078410421,6,0.24620020465769926,2,-0.49008077439401887,-0.6738292391077482,1.6517117546048248,-1.5471474261915186,0.26623257679518353,-0.9320143892374165,-0.6777544549901038,0.9316033855643254,0.33809616377248186,-0.16504470970001647,-0.06443733845127728,-0.6835058984856107,-0.5951514496435035,-0.6708064196317143,-0.4934442503692832,1.3265656924226743,0.8222948115649081,1.5500896031448563,1.7211229331292395,0.9026709338484401,-1.1628924173311372,1,1
1.7604280890549628,2,1,-0.2752299527051567,-0.8880821348855039,3,1.1697805251007627,0,-0.7819484490471167,0.3796721288811475,2.6363207681749885,3,0.24620020465769926,0,0.6081060960098619,0.12692175643662515,-1.1451737698296882,0.47087095579741883,-0.6589728319256667,0.24198831185855807,1.9023285408287558,2.4833959938131165,0.33809616377248186,-0.001336394410526465,0.7713528455785257,0.5611564375612741,0.8059898555710231,0.1427954259612064,-0.5996965278701396,-1.3265656924226743,-1.216108852854004,-0.6451239966845644,-0.5810160220117815,-1.1078234188139944,-1.1628924173311372,2,0
-0.8630365971771515,2,1,0.7091691482110972,-1.863777753930116,1,-0.6605306743650393,0,0.15297536010896096,-2.432005601372186,-0.9686946078410421,6,1.1532535902386967,1,1.7736120745431845,-1.0742047368799348,1.2521566796856087,0.47087095579741883,-1.584178240646517,0.24198831185855807,-0.6777544549901038,-0.6201892226844657,-1.0778621289498782,-0.3287530249895065,-0.06443733845127728,-0.37234031447388954,-0.31492318860059826,1.7699991171470477,-0.043642942282324494,-0.4421885641408914,-1.216108852854004,-0.6451239966845644,-0.5810160220117815,0.9026709338484401,0.9436409819008672,3,0
-1.628213797328185,1,1,-0.7674295031632836,1.0633091032037203,1,0.2546249253678617,1,-0.8803614815898617,-1.0261667362455194,-0.9686946078410421,6,1.1532535902386967,1,-1.4180725718443419,-1.0742047368799348,-0.10633057503972616,-1.5471474261915186,-0.6589728319256667,0.24198831185855807,-1.3227752039448188,1.707499689688721,0.33809616377248186,-1.1472946014369565,-1.1788242504910145,-0.6835058984856107,-1.1556079717293142,-0.6708064196317143,1.3270114374787227,0.4421885641408914,-1.216108852854004,-0.6451239966845644,-0.5810160220117815,-1.1078234188139944,-1.1628924173311372,2,1
0.9952508889039294,2,2,-0.8904793907778153,0.0876134841591082,2,0.2546249253678617,0,0.15297536010896096,0.3796721288811475,1.7350669241709809,3,-1.5679065665042957,1,1.375037981317512,2.1287992452975586,-0.10633057503972616,1.4798801467918874,-1.584178240646517,-0.9320143892374165,2.160336840410642,-0.6201892226844657,0.33809616377248186,3.1091215960897833,3.000126669658,3.9839778616902075,1.3664463776568336,-0.6708064196317143,-0.7884208112407083,0.4421885641408914,0.8222948115649081,-0.6451239966845644,1.7211229331292395,0.9026709338484401,0.9436409819008672,3,0
0.7766288317179199,0,1,0.9552689234401607,0.0876134841591082,1,1.1697805251007627,1,0.3990079414658235,-2.432005601372186,-0.9686946078410421,6,0.24620020465769926,2,-1.410202279453426,-0.2734537413355615,-0.9853517398620016,-0.5381382351970498,1.1914379855160337,-0.9320143892374165,-0.6777544549901038,0.1557070814399298,0.33809616377248186,-1.1472946014369565,-1.1788242504910145,-0.6835058984856107,-1.1556079717293142,1.7699991171470477,-0.32293464314171844,-0.4421885641408914,0.8222948115649081,1.5500896031448563,-0.5810160220117815,0.9026709338484401,-0.10962571771513507,1,0
-0.4257924828051325,2,0,-0.8904793907778153,0.0876134841591082,0,-0.6605306743650393,1,1.6291708482501361,0.3796721288811475,-0.9686946078410421,1,0.24620020465769926,1,-0.8269573969123324,-0.6738292391077482,1.7316227695886681,-0.5381382351970498,1.1914379855160337,0.24198831185855807,-0.8067586047810468,-0.6201892226844657,0.33809616377248186,-0.3287530249895065,-0.06443733845127728,-0.37234031447388954,-0.03469492755769292,-0.6708064196317143,0.06564511457569921,1.3265656924226743,0.8222948115649081,1.5500896031448563,1.7211229331292395,0.9026709338484401,-0.10962571771513507,2,0
0.4486957459389056,0,1,-0.5213297279342202,-0.8880821348855039,1,-1.5756862740979403,1,1.432344783164646,-1.0261667362455194,-0.9686946078410421,6,-1.5679065665042957,0,0.8404202624774348,1.3280482497531851,1.3320676946694519,-0.5381382351970498,-1.584178240646517,0.24198831185855807,-0.8067586047810468,-0.6201892226844657,-2.4938204216722384,-0.9835862861474665,-1.1788242504910145,-0.6835058984856107,-1.1556079717293142,-1.4844082652246349,0.6080376930562613,-1.3265656924226743,-1.216108852854004,-0.6451239966845644,1.7211229331292395,-1.1078234188139944,0.9436409819008672,4,0
-0.7537255685841467,2,2,2.4318675748145413,1.0633091032037203,1,0.2546249253678617,1,-0.2406767700620191,0.3796721288811475,-0.06744076383703446,7,-1.5679065665042957,0,-0.1575609208778195,2.1287992452975586,0.9325126197502358,1.4798801467918874,0.26623257679518353,2.5899937140505074,-0.41974615540821786,0.1557070814399298,0.33809616377248186,-0.49246134027899646,-0.3430340664612116,-0.6835058984856107,-0.31492318860059826,1.7699991171470477,0.9490569075113908,-1.3265656924226743,-1.216108852854004,-0.6451239966845644,-0.5810160220117815,-1.1078234188139944,-1.1628924173311372,4,0
0.33938471734590087,1,2,-0.8904793907778153,1.0633091032037203,3,-0.6605306743650393,1,-0.19147025379064658,0.3796721288811475,-0.06744076383703446,7,-0.6608531809232983,1,1.5637844577639428,0.9276727519809984,-0.4259746349750991,-0.5381382351970498,1.1914379855160337,2.5899937140505074,-0.8067586047810468,-0.6201892226844657,0.33809616377248186,-1.1472946014369565,-1.1788242504910145,-0.6835058984856107,-1.1556079717293142,-0.6708064196317143,0.08335382749250861,-1.3265656924226743,-1.216108852854004,-0.6451239966845644,-0.5810160220117815,-1.1078234188139944,1.9969076815168694,4,0
1.4324950032759485,1,1,-0.8904793907778153,0.0876134841591082,3,1.1697805251007627,0,-1.7660787744745667,0.3796721288811475,1.7350669241709809,3,-1.5679065665042957,1,-0.6778434642915854,-0.2734537413355615,-0.9054407248781584,1.4798801467918874,0.26623257679518353,0.24198831185855807,2.6763534395744135,0.1557070814399298,0.33809616377248186,-0.8198779708579764,-0.6216307944711459,-0.061174730462168335,-0.5951514496435035,-0.6708064196317143,-0.6781208279302955,-1.3265656924226743,-1.216108852854004,-0.6451239966845644,-0.5810160220117815,-1.1078234188139944,0.9436409819008672,3,0
-0.9723476257701563,2,1,1.201368698669224,1.0633091032037203,3,1.1697805251007627,1,0.5958340065513135,-1.0261667362455194,-0.9686946078410421,2,-1.5679065665042957,1,-0.2619828359930081,-0.6738292391077482,-0.6657076799266287,-0.5381382351970498,0.26623257679518353,2.5899937140505074,-0.6777544549901038,-0.6201892226844657,0.33809616377248186,-0.16504470970001647,0.21415938955865704,0.24999085354955286,-0.31492318860059826,-0.6708064196317143,-0.04819661131807548,1.3265656924226743,0.8222948115649081,1.5500896031448563,1.7211229331292395,0.9026709338484401,-1.1628924173311372,2,0
0.9952508889039294,2,1,0.7091691482110972,-0.8880821348855039,1,1.1697805251007627,1,-0.6835354165043717,0.3796721288811475,2.6363207681749885,5,-0.6608531809232983,1,-0.48684833287632123,0.9276727519809984,-0.34606361999125584,-1.5471474261915186,-1.584178240646517,0.24198831185855807,1.773324391037813,-0.6201892226844657,0.33809616377248186,-0.49246134027899646,-0.6216307944711459,-0.6835058984856107,-0.31492318860059826,0.956397271554127,-0.8081533770622958,-1.3265656924226743,-1.216108852854004,-0.6451239966845644,-0.5810160220117815,-1.1078234188139944,-0.10962571771513507,4,0
-0.20717042561912297,2,2,0.9552689234401607,1.0633091032037203,1,0.2546249253678617,1,1.3831382668932737,0.3796721288811475,-0.06744076383703446,7,-1.5679065665042957,1,0.9434367682371027,0.12692175643662515,1.7316227695886681,0.47087095579741883,1.1914379855160337,2.5899937140505074,0.483282893128383,-0.6201892226844657,0.33809616377248186,-0.001336394410526465,0.7713528455785257,-0.37234031447388954,0.8059898555710231,0.1427954259612064,0.29383452958944317,1.3265656924226743,0.8222948115649081,1.5500896031448563,1.7211229331292395,0.9026709338484401,-1.1628924173311372,2,0
-1.4095917401421754,2,1,0.9552689234401607,-0.8880821348855039,1,1.1697805251007627,0,1.5307578157073911,0.3796721288811475,-0.9686946078410421,2,-0.6608531809232983,1,-1.5376729079991542,-0.6738292391077482,-1.2250847848135313,-0.5381382351970498,-1.584178240646517,0.24198831185855807,-1.3227752039448188,0.1557070814399298,-2.4938204216722384,-0.9835862861474665,-1.1788242504910145,-0.6835058984856107,-1.1556079717293142,-2.2980101108175557,-0.1670979694737957,-1.3265656924226743,-1.216108852854004,-0.6451239966845644,-0.5810160220117815,-1.1078234188139944,0.9436409819008672,3,1
-0.4257924828051325,1,2,1.9396680243564146,0.0876134841591082,3,-0.6605306743650393,0,0.7926600716368035,0.3796721288811475,-0.06744076383703446,7,0.24620020465769926,1,-1.3222236537978298,-0.6738292391077482,-1.1451737698296882,-1.5471474261915186,-1.584178240646517,0.24198831185855807,-0.1617378558263319,0.1557070814399298,-1.0778621289498782,0.48978855145794353,0.7713528455785257,-0.6835058984856107,-0.875379710686409,0.956397271554127,-0.38567408318984314,0.4421885641408914,-1.216108852854004,-0.6451239966845644,-0.5810160220117815,0.9026709338484401,-0.10962571771513507,2,0
-0.0978593970261182,2,1,-0.39827984031968844,1.0633091032037203,1,0.2546249253678617,1,-0.2898832863333916,-2.432005601372186,-0.9686946078410421,2,0.24620020465769926,0,-1.0467634201157712,-0.6738292391077482,-1.1451737698296882,-0.5381382351970498,0.26623257679518353,0.24198831185855807,-0.5487503051991608,0.9316033855643254,0.33809616377248186,-0.001336394410526465,0.7713528455785257,-0.37234031447388954,0.8059898555710231,-1.4844082652246349,1.1210844044175392,1.3265656924226743,0.8222948115649081,1.5500896031448563,1.7211229331292395,0.9026709338484401,-1.1628924173311372,1,0
-0.7537255685841467,2,1,-0.2752299527051567,1.0633091032037203,1,0.2546249253678617,1,-0.8311549653184892,0.3796721288811475,-0.06744076383703446,2,0.24620020465769926,0,-0.4221995025223687,-0.6738292391077482,0.6128685598148629,-0.5381382351970498,-1.584178240646517,2.5899937140505074,-0.1617378558263319,0.9316033855643254,-1.0778621289498782,0.48978855145794353,0.7713528455785257,1.8058187736081588,1.3664463776568336,0.1427954259612064,2.1856310323308814,0.4421885641408914,0.8222948115649081,-0.6451239966845644,-0.5810160220117815,0.9026709338484401,-1.1628924173311372,2,0
0.7766288317179199,2,1,2.4318675748145413,1.0633091032037203,4,1.1697805251007627,1,-1.6676657419318217,0.3796721288811475,-0.06744076383703446,6,1.1532535902386967,2,-0.9232279377655009,-0.6738292391077482,1.8914447995563546,1.4798801467918874,-0.6589728319256667,-0.9320143892374165,1.1283036420830979,0.1557070814399298,0.33809616377248186,2.1268717043528436,1.885739757618263,3.361646693666765,3.6082724660000762,1.7699991171470477,0.13395015011196404,1.3265656924226743,0.8222948115649081,1.5500896031448563,-0.5810160220117815,0.9026709338484401,0.9436409819008672,2,0
-1.8468358545141943,2,2,1.4474684738982875,0.0876134841591082,2,0.2546249253678617,1,-1.1263940629467242,1.7855109940078144,-0.9686946078410421,8,1.1532535902386967,2,-1.3018452181427795,-0.6738292391077482,-1.1451737698296882,0.47087095579741883,1.1914379855160337,-0.9320143892374165,-1.1937710541538757,-0.6201892226844657,0.33809616377248186,-0.8198779708579764,-0.9002275224810803,-0.061174730462168335,-0.5951514496435035,1.7699991171470477,-0.9037804268130666,0.4421885641408914,0.8222948115649081,-0.6451239966845644,-0.5810160220117815,0.9026709338484401,-0.10962571771513507,2,0
0.9952508889039294,2,1,-0.8904793907778153,1.0633091032037203,5,1.1697805251007627,1,-0.2898832863333916,0.3796721288811475,-0.06744076383703446,4,1.1532535902386967,0,0.4384731867985125,-0.2734537413355615,1.1722456647017656,-1.5471474261915186,0.26623257679518353,0.24198831185855807,0.09627044375555406,0.1557070814399298,-1.0778621289498782,-0.16504470970001647,-0.3430340664612116,-0.37234031447388954,-0.03469492755769292,-0.6708064196317143,-0.1726635649619358,1.3265656924226743,0.8222948115649081,1.5500896031448563,1.7211229331292395,0.9026709338484401,-1.1628924173311372,1,0
0.5580067745319104,0,0,-0.8904793907778153,2.0390047222483325,3,1.1697805251007627,1,0.645040522822686,1.7855109940078144,-0.06744076383703446,1,-1.5679065665042957,1,-0.20450159335221113,1.7284237475253719,-0.8255297098943152,0.47087095579741883,-1.584178240646517,0.24198831185855807,-0.1617378558263319,0.1557070814399298,1.754054456494842,-0.49246134027899646,-0.3430340664612116,-0.6835058984856107,-0.31492318860059826,-0.6708064196317143,0.9095917758682156,-0.4421885641408914,0.8222948115649081,-0.6451239966845644,1.7211229331292395,-1.1078234188139944,-0.10962571771513507,3,0
2.525605289205996,2,2,-0.2752299527051567,1.0633091032037203,2,-0.6605306743650393,1,-0.6835354165043717,1.7855109940078144,-0.06744076383703446,7,1.1532535902386967,0,-0.48066453171203016,-1.0742047368799348,-0.5058856499589423,0.47087095579741883,-0.6589728319256667,0.24198831185855807,0.09627044375555406,0.1557070814399298,0.33809616377248186,0.6534968667474336,0.7713528455785257,-0.37234031447388954,1.3664463776568336,0.956397271554127,-0.5197543381314,-0.4421885641408914,-1.216108852854004,-0.6451239966845644,-0.5810160220117815,-1.1078234188139944,0.9436409819008672,3,0
-0.5351035113981373,1,1,0.4630693729820337,0.0876134841591082,4,0.2546249253678617,0,0.5466274902799411,-1.0261667362455194,-0.9686946078410421,2,-0.6608531809232983,1,-0.9812713441485061,-0.6738292391077482,-0.8255297098943152,1.4798801467918874,0.26623257679518353,0.24198831185855807,-1.1937710541538757,-0.6201892226844657,0.33809616377248186,-0.8198779708579764,-0.6216307944711459,-0.061174730462168335,-0.5951514496435035,0.956397271554127,-0.3507626205824189,-0.4421885641408914,-1.216108852854004,-0.6451239966845644,-0.5810160220117815,-1.1078234188139944,0.9436409819008672,3,0
-0.5351035113981373,1,1,-0.8904793907778153,-0.8880821348855039,1,1.1697805251007627,0,-1.3724266443035866,0.3796721288811475,-0.06744076383703446,6,0.24620020465769926,2,-1.6829922353599953,0.5272972542088118,1.4918897246371383,-0.5381382351970498,1.1914379855160337,-0.9320143892374165,-0.1617378558263319,-0.6201892226844657,0.33809616377248186,0.16237192087896354,0.7713528455785257,-0.6835058984856107,0.8059898555710231,-0.6708064196317143,-1.2756633980660639,0.4421885641408914,0.8222948115649081,-0.6451239966845644,-0.5810160220117815,-1.1078234188139944,-0.10962571771513507,2,0
-0.0978593970261182,2,1,-1.013529278392347,0.0876134841591082,5,0.2546249253678617,0,0.5466274902799411,-2.432005601372186,0.8338130801669732,4,-1.5679065665042957,0,-1.416386080617717,-0.2734537413355615,0.6927795747987061,0.47087095579741883,0.26623257679518353,0.24198831185855807,0.741291192710269,-0.6201892226844657,0.33809616377248186,-0.001336394410526465,0.7713528455785257,1.4946531895964377,0.8059898555710231,-1.4844082652246349,-0.9336322571585454,-1.3265656924226743,-1.216108852854004,-0.6451239966845644,-0.5810160220117815,-1.1078234188139944,-0.10962571771513507,2,0
-0.4257924828051325,2,1,-0.02913017747609325,0.0876134841591082,3,-1.5756862740979403,1,-0.2898832863333916,0.3796721288811475,-0.9686946078410421,6,1.1532535902386967,1,-1.1246230984116183,-1.0742047368799348,-1.0652627548458449,-0.5381382351970498,-0.6589728319256667,0.24198831185855807,0.483282893128383,1.707499689688721,0.33809616377248186,1.1446218126159036,1.6071430296083287,0.5611564375612741,1.646674638699739,1.7699991171470477,0.9343839739517488,1.3265656924226743,0.8222948115649081,1.5500896031448563,1.7211229331292395,0.9026709338484401,-1.1628924173311372,1,0
0.33938471734590087,2,2,0.09391971013843849,0.0876134841591082,5,-0.6605306743650393,0,0.8910731041795485,-1.0261667362455194,-0.06744076383703446,7,-0.6608531809232983,0,-0.3825669586966848,1.7284237475253719,1.8914447995563546,-0.5381382351970498,-0.6589728319256667,0.24198831185855807,-0.5487503051991608,-0.6201892226844657,1.754054456494842,-0.3287530249895065,-0.9002275224810803,-0.37234031447388954,-0.31492318860059826,-1.4844082652246349,0.698099147318892,-1.3265656924226743,-1.216108852854004,-0.6451239966845644,-0.5810160220117815,-1.1078234188139944,0.9436409819008672,5,1
-1.3002807115491706,2,2,0.09391971013843849,1.0633091032037203,1,0.2546249253678617,1,-0.4375028351475091,0.3796721288811475,-0.06744076383703446,7,1.1532535902386967,2,0.8867987712096181,-1.0742047368799348,-0.9853517398620016,0.47087095579741883,-0.6589728319256667,-0.9320143892374165,-0.8067586047810468,0.9316033855643254,0.33809616377248186,-0.49246134027899646,-0.3430340664612116,-0.37234031447388954,-0.875379710686409,0.956397271554127,-0.11346586749717297,-0.4421885641408914,0.8222948115649081,-0.6451239966845644,-0.5810160220117815,-1.1078234188139944,0.9436409819008672,3,0
-0.7537255685841467,2,1,-1.013529278392347,0.0876134841591082,3,1.1697805251007627,1,-0.14226373751927407,0.3796721288811475,-0.9686946078410421,6,-0.6608531809232983,1,-0.694848917493386,-1.0742047368799348,-1.1451737698296882,1.4798801467918874,-1.584178240646517,0.24198831185855807,0.09627044375555406,-0.6201892226844657,0.33809616377248186,0.6534968667474336,1.3285463015983943,0.8723220215729953,0.8059898555710231,0.1427954259612064,-0.47118186841672277,0.4421885641408914,0.8222948115649081,-0.6451239966845644,-0.5810160220117815,0.9026709338484401,-0.10962571771513507,3,0
0.5580067745319104,1,1,2.0627179119709464,2.0390047222483325,3,-1.5756862740979403,0,-0.2898832863333916,0.3796721288811475,0.8338130801669732,5,-1.5679065665042957,1,1.2603565779070223,0.12692175643662515,1.5718007396209817,0.47087095579741883,0.26623257679518353,-0.9320143892374165,1.1283036420830979,2.4833959938131165,0.33809616377248186,-0.9835862861474665,-1.1788242504910145,-0.6835058984856107,-1.1556079717293142,0.956397271554127,1.0887027579410877,-1.3265656924226743,-1.216108852854004,-0.6451239966845644,-0.5810160220117815,-1.1078234188139944,1.9969076815168694,4,0
-0.20717042561912297,0,2,-0.15218006509062498,-0.8880821348855039,2,0.2546249253678617,0,0.5958340065513135,-1.0261667362455194,0.8338130801669732,7,1.1532535902386967,1,-0.07843637416200369,0.5272972542088118,-0.745618694910472,-1.5471474261915186,-0.6589728319256667,0.24198831185855807,0.612287042919326,2.4833959938131165,-1.0778621289498782,0.9809134973264135,-0.6216307944711459,0.5611564375612741,2.2071311607855497,0.956397271554127,0.6029780607943158,1.3265656924226743,0.8222948115649081,1.5500896031448563,1.7211229331292395,0.9026709338484401,0.9436409819008672,2,0
-1.081658654363161,2,1,0.5861192605965654,0.0876134841591082,1,-1.5756862740979403,1,-1.1756005792180968,0.3796721288811475,-0.9686946078410421,6,-1.5679065665042957,1,0.008980087751384315,-0.6738292391077482,-0.9054407248781584,-0.5381382351970498,1.1914379855160337,1.4159910129545328,-0.29074200561727487,0.1557070814399298,-1.0778621289498782,0.32608023616845355,0.7713528455785257,1.1834876055847166,1.0862181166139284,0.1427954259612064,-1.2159597373751065,0.4421885641408914,-1.216108852854004,-0.6451239966845644,-0.5810160220117815,0.9026709338484401,0.9436409819008672,2,0
1.8697391176479676,1,1,-1.013529278392347,1.0633091032037203,1,1.1697805251007627,0,-0.6343289002329991,0.3796721288811475,0.8338130801669732,4,0.24620020465769926,0,-0.6540920461832854,1.7284237475253719,-1.2250847848135313,0.47087095579741883,-1.584178240646517,0.24198831185855807,2.805357589365357,-0.6201892226844657,-2.4938204216722384,-0.3287530249895065,-0.06443733845127728,-0.37234031447388954,-0.03469492755769292,-0.6708064196317143,0.42083129936427627,-1.3265656924226743,-1.216108852854004,-0.6451239966845644,-0.5810160220117815,-1.1078234188139944,-0.10962571771513507,2,0
0.7766288317179199,2,1,-0.8904793907778153,-1.863777753930116,1,-1.5756862740979403,0,0.3005949089230785,1.7855109940078144,-0.9686946078410421,6,1.1532535902386967,1,0.7967120315207408,-0.6738292391077482,-0.34606361999125584,-0.5381382351970498,1.1914379855160337,0.24198831185855807,-0.1617378558263319,1.707499689688721,0.33809616377248186,0.48978855145794353,0.21415938955865704,1.4946531895964377,0.8059898555710231,-0.6708064196317143,-1.1355115844101724,1.3265656924226743,0.8222948115649081,1.5500896031448563,1.7211229331292395,0.9026709338484401,-1.1628924173311372,2,0
-1.956146883107199,0,1,0.09391971013843849,0.0876134841591082,3,-1.5756862740979403,0,1.4815512994360187,-1.0261667362455194,-0.9686946078410421,6,-0.6608531809232983,2,-1.147531270906606,-0.6738292391077482,-1.2250847848135313,0.47087095579741883,-0.6589728319256667,-0.9320143892374165,-1.3227752039448188,-0.6201892226844657,1.754054456494842,-0.9835862861474665,-0.9002275224810803,-0.6835058984856107,-1.1556079717293142,0.1427954259612064,0.8539358209868146,-1.3265656924226743,0.8222948115649081,-0.6451239966845644,-0.5810160220117815,-1.1078234188139944,-0.10962571771513507,3,0
-0.8630365971771515,2,1,-1.013529278392347,0.0876134841591082,1,-1.5756862740979403,0,1.5307578157073911,0.3796721288811475,-0.9686946078410421,6,1.1532535902386967,0,-1.2248287854602447,-0.6738292391077482,0.0534914549279603,-0.5381382351970498,-1.584178240646517,2.5899937140505074,-1.0647669043629329,1.707499689688721,0.33809616377248186,-0.6561696555684865,-0.6216307944711459,-0.37234031447388954,-0.5951514496435035,-0.6708064196317143,-0.28599932762951596,-1.3265656924226743,-1.216108852854004,-0.6451239966845644,-0.5810160220117815,-1.1078234188139944,0.9436409819008672,3,0
1.8697391176479676,2,1,-0.7674295031632836,0.0876134841591082,1,1.1697805251007627,1,0.9402796204509211,0.3796721288811475,1.7350669241709809,5,1.1532535902386967,1,1.287480978468572,0.12692175643662515,1.6517117546048248,0.47087095579741883,-1.584178240646517,-0.9320143892374165,3.1923700387381855,-0.6201892226844657,0.33809616377248186,0.48978855145794353,1.3285463015983943,-0.6835058984856107,1.3664463776568336,0.1427954259612064,0.6783665814973043,-0.4421885641408914,-1.216108852854004,-0.6451239966845644,-0.5810160220117815,-1.1078234188139944,-1.1628924173311372,3,0
-0.6444145399911421,2,1,0.21696959775297023,-0.8880821348855039,3,0.2546249253678617,1,0.6942470390940585,0.3796721288811475,-0.06744076383703446,0,-1.5679065665042957,1,0.39012710496860015,-0.6738292391077482,0.37313551486333324,-0.5381382351970498,1.1914379855160337,-0.9320143892374165,-0.6777544549901038,-0.6201892226844657,-1.0778621289498782,-0.16504470970001647,0.21415938955865704,-0.6835058984856107,-0.875379710686409,-0.6708064196317143,-0.3851681199636486,-1.3265656924226743,-1.216108852854004,-0.6451239966845644,-0.5810160220117815,-1.1078234188139944,-1.1628924173311372,4,0
-0.6444145399911421,2,1,1.8166181367418828,0.0876134841591082,3,0.2546249253678617,0,1.4815512994360187,-1.0261667362455194,-0.06744076383703446,0,-1.5679065665042957,2,0.4054460669437759,-0.6738292391077482,-0.5857966649427855,1.4798801467918874,-0.6589728319256667,-0.9320143892374165,-0.1617378558263319,-0.6201892226844657,0.33809616377248186,0.48978855145794353,1.3285463015983943,-0.37234031447388954,1.0862181166139284,0.956397271554127,0.7067005221641994,1.3265656924226743,0.8222948115649081,1.5500896031448563,1.7211229331292395,0.9026709338484401,-0.10962571771513507,2,0
2.4162942606129914,2,2,-0.7674295031632836,0.0876134841591082,1,0.2546249253678617,0,-0.8803614815898617,-1.0261667362455194,-0.06744076383703446,7,1.1532535902386967,2,0.3059430845729098,0.9276727519809984,0.0534914549279603,0.47087095579741883,1.1914379855160337,-0.9320143892374165,0.22527459354649704,-0.6201892226844657,0.33809616377248186,-0.16504470970001647,-0.9002275224810803,-0.6835058984856107,0.24553333348521242,0.1427954259612064,-1.1198267243981412,0.4421885641408914,0.8222948115649081,1.5500896031448563,-0.5810160220117815,0.9026709338484401,-0.10962571771513507,2,0
0.6673178031249152,2,1,-0.7674295031632836,0.0876134841591082,1,0.2546249253678617,1,1.4815512994360187,-2.432005601372186,2.6363207681749885,5,1.1532535902386967,1,0.6059979819765808,0.12692175643662515,0.7726905897825493,0.47087095579741883,-0.6589728319256667,0.24198831185855807,1.773324391037813,-0.6201892226844657,0.33809616377248186,0.16237192087896354,0.7713528455785257,-0.6835058984856107,0.8059898555710231,-0.6708064196317143,0.4527069826145332,-0.4421885641408914,0.8222948115649081,-0.6451239966845644,-0.5810160220117815,-1.1078234188139944,-1.1628924173311372,2,0
1.3231839746829437,2,1,-0.6443796155487519,-0.8880821348855039,3,-1.5756862740979403,1,0.9402796204509211,-1.0261667362455194,2.6363207681749885,3,0.24620020465769926,1,-0.30765864004743104,-0.2734537413355615,0.9325126197502358,-0.5381382351970498,0.26623257679518353,0.24198831185855807,1.515316091455927,-0.6201892226844657,1.754054456494842,-0.9835862861474665,-1.1788242504910145,-0.6835058984856107,-1.1556079717293142,-0.6708064196317143,1.4196027078723263,0.4421885641408914,0.8222948115649081,-0.6451239966845644,1.7211229331292395,0.9026709338484401,-0.10962571771513507,2,0
-0.0978593970261182,1,1,-1.013529278392347,0.0876134841591082,2,0.2546249253678617,0,-0.9787745141326066,0.3796721288811475,0.8338130801669732,7,-0.6608531809232983,1,-0.7107300432107699,-0.6738292391077482,-0.2661526050074126,-0.5381382351970498,0.26623257679518353,-0.9320143892374165,-0.032733706035388915,-0.6201892226844657,-1.0778621289498782,0.6534968667474336,1.04994957358846,-0.37234031447388954,1.3664463776568336,-0.6708064196317143,-0.2885291437604887,1.3265656924226743,0.8222948115649081,1.5500896031448563,1.7211229331292395,0.9026709338484401,-1.1628924173311372,1,0
1.213872946089939,2,1,-0.8904793907778153,-0.8880821348855039,5,1.1697805251007627,1,0.4974209740085685,1.7855109940078144,-0.9686946078410421,2,-0.6608531809232983,2,0.324213406194679,0.9276727519809984,0.13340246991180352,-1.5471474261915186,0.26623257679518353,-0.9320143892374165,-0.5487503051991608,0.9316033855643254,-1.0778621289498782,-0.9835862861474665,-1.1788242504910145,-0.6835058984856107,-1.1556079717293142,-1.4844082652246349,0.43752808582869657,1.3265656924226743,0.8222948115649081,1.5500896031448563,-0.5810160220117815,0.9026709338484401,-1.1628924173311372,1,0
-1.081658654363161,2,1,-0.6443796155487519,-0.8880821348855039,1,-1.5756862740979403,1,0.4974209740085685,0.3796721288811475,-0.9686946078410421,6,0.24620020465769926,0,-1.5607216214296937,-0.6738292391077482,-0.026419560055882932,-1.5471474261915186,-0.6589728319256667,2.5899937140505074,-0.8067586047810468,-0.6201892226844657,0.33809616377248186,-0.3287530249895065,-0.3430340664612116,-0.6835058984856107,-0.31492318860059826,-1.4844082652246349,-0.3993350902970961,-1.3265656924226743,-1.216108852854004,-0.6451239966845644,-0.5810160220117815,-1.1078234188139944,0.9436409819008672,3,0
-0.8630365971771515,2,1,-0.2752299527051567,0.0876134841591082,1,0.2546249253678617,1,0.7926600716368035,0.3796721288811475,-0.06744076383703446,0,1.1532535902386967,0,-1.4207428496198313,-0.6738292391077482,-1.1451737698296882,-1.5471474261915186,-0.6589728319256667,1.4159910129545328,-0.6777544549901038,-0.6201892226844657,0.33809616377248186,-0.16504470970001647,-1.1788242504910145,-0.37234031447388954,-1.1556079717293142,-1.4844082652246349,0.6510445672827985,0.4421885641408914,0.8222948115649081,-0.6451239966845644,-0.5810160220117815,0.9026709338484401,-0.10962571771513507,2,0
1.213872946089939,2,1,-1.013529278392347,0.0876134841591082,1,1.1697805251007627,1,0.4974209740085685,-1.0261667362455194,2.6363207681749885,5,1.1532535902386967,2,-0.784232952504503,1.3280482497531851,-0.34606361999125584,-0.5381382351970498,0.26623257679518353,-0.9320143892374165,1.773324391037813,0.1557070814399298,1.754054456494842,-0.9835862861474665,-1.1788242504910145,-0.6835058984856107,-1.1556079717293142,0.1427954259612064,0.5872932007822846,-1.3265656924226743,0.8222948115649081,-0.6451239966845644,-0.5810160220117815,-1.1078234188139944,-1.1628924173311372,2,0
-0.7537255685841467,2,1,-0.7674295031632836,-0.8880821348855039,3,1.1697805251007627,0,1.038692652993666,-1.0261667362455194,1.7350669241709809,7,1.1532535902386967,0,-1.5305053202859986,-0.6738292391077482,-1.1451737698296882,0.47087095579741883,-0.6589728319256667,1.4159910129545328,-0.5487503051991608,-0.6201892226844657,-1.0778621289498782,-0.001336394410526465,-0.9002275224810803,-0.061174730462168335,-0.31492318860059826,0.956397271554127,0.395027174828354,-0.4421885641408914,0.8222948115649081,-0.6451239966845644,-0.5810160220117815,-1.1078234188139944,-1.1628924173311372,2,0
-0.3164814542121277,2,1,1.3244185862837559,0.0876134841591082,5,0.2546249253678617,0,1.137105685536411,1.7855109940078144,-0.9686946078410421,6,0.24620020465769926,1,1.0301505254727303,-1.0742047368799348,-0.745618694910472,0.47087095579741883,1.1914379855160337,-0.9320143892374165,-1.1937710541538757,1.707499689688721,-1.0778621289498782,-0.9835862861474665,-1.1788242504910145,-0.6835058984856107,-1.1556079717293142,0.1427954259612064,1.0097724946547373,-0.4421885641408914,-1.216108852854004,-0.6451239966845644,-0.5810160220117815,0.9026709338484401,0.9436409819008672,3,0
0.4486957459389056,2,2,0.832219035825629,-0.8880821348855039,1,-0.6605306743650393,1,1.0878991692650386,0.3796721288811475,2.6363207681749885,6,-0.6608531809232983,1,-0.7817032156645657,2.529174743069745,-0.5857966649427855,-1.5471474261915186,0.26623257679518353,0.24198831185855807,-0.5487503051991608,1.707499689688721,0.33809616377248186,-0.3287530249895065,-0.3430340664612116,-0.37234031447388954,-0.875379710686409,-0.6708064196317143,-0.17873512367627045,0.4421885641408914,0.8222948115649081,-0.6451239966845644,-0.5810160220117815,-1.1078234188139944,0.9436409819008672,3,0
-0.4257924828051325,2,2,0.09391971013843849,2.0390047222483325,2,1.1697805251007627,1,0.7926600716368035,1.7855109940078144,0.8338130801669732,7,0.24620020465769926,0,1.0392856862836148,-1.0742047368799348,-0.18624159002356938,0.47087095579741883,1.1914379855160337,1.4159910129545328,-0.1617378558263319,0.1557070814399298,0.33809616377248186,0.32608023616845355,1.04994957358846,-0.6835058984856107,1.0862181166139284,0.956397271554127,1.2865343793831585,1.3265656924226743,0.8222948115649081,1.5500896031448563,-0.5810160220117815,0.9026709338484401,-1.1628924173311372,2,0
-1.956146883107199,2,1,1.9396680243564146,0.0876134841591082,1,-0.6605306743650393,0,-0.4375028351475091,1.7855109940078144,-0.9686946078410421,6,1.1532535902386967,2,0.9708422506697565,-0.6738292391077482,-0.10633057503972616,-0.5381382351970498,1.1914379855160337,-0.9320143892374165,-1.3227752039448188,-0.6201892226844657,0.33809616377248186,-0.9835862861474665,-1.1788242504910145,-0.6835058984856107,-0.875379710686409,0.956397271554127,0.37377671932818274,0.4421885641408914,0.8222948115649081,1.5500896031448563,-0.5810160220117815,0.9026709338484401,-1.1628924173311372,2,0
-1.5189027687351802,2,1,-1.013529278392347,-0.8880821348855039,1,1.1697805251007627,1,-0.9295679978612341,0.3796721288811475,-0.9686946078410421,6,0.24620020465769926,1,0.36370540908481086,-0.6738292391077482,-0.745618694910472,1.4798801467918874,1.1914379855160337,0.24198831185855807,-1.3227752039448188,-0.6201892226844657,0.33809616377248186,-0.9835862861474665,-1.1788242504910145,-0.6835058984856107,-0.875379710686409,0.956397271554127,-1.7168633313077153,1.3265656924226743,0.8222948115649081,1.5500896031448563,-0.5810160220117815,0.9026709338484401,1.9969076815168694,2,0
-1.3002807115491706,1,2,1.8166181367418828,-1.863777753930116,1,0.2546249253678617,1,0.349801425194451,-2.432005601372186,-0.9686946078410421,8,1.1532535902386967,2,-0.8816278208420879,-0.6738292391077482,-1.2250847848135313,-0.5381382351970498,1.1914379855160337,-0.9320143892374165,-1.3227752039448188,0.9316033855643254,0.33809616377248186,-0.9835862861474665,-1.1788242504910145,-0.37234031447388954,-1.1556079717293142,-2.2980101108175557,-0.37353096576117384,1.3265656924226743,0.8222948115649081,1.5500896031448563,1.7211229331292395,0.9026709338484401,-1.1628924173311372,1,1
-1.1909696829561658,2,1,-0.6443796155487519,-0.8880821348855039,1,0.2546249253678617,1,-0.6343289002329991,0.3796721288811475,-0.9686946078410421,6,1.1532535902386967,2,-0.6099621924199352,-0.6738292391077482,-0.5857966649427855,1.4798801467918874,-0.6589728319256667,-0.9320143892374165,-0.41974615540821786,-0.6201892226844657,-1.0778621289498782,0.16237192087896354,0.21415938955865704,-0.061174730462168335,-0.5951514496435035,0.956397271554127,-0.17418145464051948,-0.4421885641408914,-1.216108852854004,-0.6451239966845644,-0.5810160220117815,-1.1078234188139944,-0.10962571771513507,3,0
0.8859398603109246,2,2,-0.8904793907778153,0.0876134841591082,2,-1.5756862740979403,0,1.3831382668932737,-2.432005601372186,2.6363207681749885,3,-0.6608531809232983,2,-1.6612083903494244,-0.2734537413355615,1.3320676946694519,0.47087095579741883,-1.584178240646517,-0.9320143892374165,1.9023285408287558,-0.6201892226844657,0.33809616377248186,2.7817049655108033,1.6071430296083287,-0.37234031447388954,1.9269028997426445,-0.6708064196317143,-0.40085297997567976,1.3265656924226743,0.8222948115649081,1.5500896031448563,1.7211229331292395,0.9026709338484401,-0.10962571771513507,2,1
1.9790501462409722,0,1,-0.15218006509062498,-1.863777753930116,3,1.1697805251007627,1,-1.4216331605749593,-1.0261667362455194,1.7350669241709809,0,-0.6608531809232983,0,1.5851466799678577,-0.6738292391077482,0.8526016047663926,0.47087095579741883,1.1914379855160337,0.24198831185855807,2.9343617391562997,0.1557070814399298,0.33809616377248186,4.255079803116214,1.3285463015983943,3.9839778616902075,-1.1556079717293142,0.1427954259612064,-1.208876252208383,1.3265656924226743,0.8222948115649081,1.5500896031448563,-0.5810160220117815,0.9026709338484401,0.9436409819008672,3,0
-1.7375248259211897,1,1,0.09391971013843849,-0.8880821348855039,1,-1.5756862740979403,0,-1.0279810304039791,-1.0261667362455194,-0.9686946078410421,2,0.24620020465769926,2,1.5452330542710695,-0.6738292391077482,-0.6657076799266287,1.4798801467918874,0.26623257679518353,-0.9320143892374165,-1.1937710541538757,-0.6201892226844657,-2.4938204216722384,-0.8198779708579764,-0.6216307944711459,-0.061174730462168335,-0.5951514496435035,0.1427954259612064,1.9452984998884681,-1.3265656924226743,-1.216108852854004,-0.6451239966845644,-0.5810160220117815,-1.1078234188139944,1.9969076815168694,4,1
0.9952508889039294,2,2,-0.6443796155487519,-0.8880821348855039,2,1.1697805251007627,0,-1.6184592256604493,-1.0261667362455194,2.6363207681749885,3,-0.6608531809232983,1,-0.6137567976798411,-0.2734537413355615,-0.745618694910472,0.47087095579741883,0.26623257679518353,0.24198831185855807,1.9023285408287558,-0.6201892226844657,0.33809616377248186,0.6534968667474336,-0.06443733845127728,-0.6835058984856107,1.0862181166139284,-1.4844082652246349,-1.649064258997645,-1.3265656924226743,-1.216108852854004,-0.6451239966845644,-0.5810160220117815,-1.1078234188139944,-1.1628924173311372,3,0
-0.6444145399911421,2,2,1.9396680243564146,-0.8880821348855039,5,0.2546249253678617,0,0.9894861367222936,0.3796721288811475,-0.06744076383703446,7,-1.5679065665042957,0,-1.1628502328817816,1.7284237475253719,-0.5857966649427855,-0.5381382351970498,1.1914379855160337,-0.9320143892374165,-0.8067586047810468,0.1557070814399298,0.33809616377248186,-0.6561696555684865,-0.3430340664612116,0.24999085354955286,-0.31492318860059826,-1.4844082652246349,0.6687532801996078,0.4421885641408914,0.8222948115649081,1.5500896031448563,1.7211229331292395,0.9026709338484401,-0.10962571771513507,2,0
1.5418060318689533,1,2,-0.02913017747609325,0.0876134841591082,1,1.1697805251007627,1,0.841866587908176,0.3796721288811475,2.6363207681749885,3,-0.6608531809232983,0,0.6862468561768132,0.5272972542088118,-1.2250847848135313,1.4798801467918874,-1.584178240646517,0.24198831185855807,2.5473492897834706,1.707499689688721,-1.0778621289498782,3.600246541958253,1.6071430296083287,2.7393155256433226,1.646674638699739,0.1427954259612064,-0.9756272049326933,-1.3265656924226743,-1.216108852854004,-0.6451239966845644,-0.5810160220117815,-1.1078234188139944,1.9969076815168694,4,0
2.4162942606129914,2,1,1.0783188110546924,1.0633091032037203,3,1.1697805251007627,1,0.05456232756621595,0.3796721288811475,0.8338130801669732,4,1.1532535902386967,2,0.7995228502317823,1.3280482497531851,-0.18624159002356938,-0.5381382351970498,1.1914379855160337,-0.9320143892374165,1.773324391037813,2.4833959938131165,-1.0778621289498782,0.32608023616845355,0.7713528455785257,0.8723220215729953,-0.03469492755769292,0.1427954259612064,1.0704880817980837,-1.3265656924226743,-1.216108852854004,-0.6451239966845644,-0.5810160220117815,-1.1078234188139944,-0.10962571771513507,3,0
-0.3164814542121277,1,1,1.201368698669224,0.0876134841591082,3,0.2546249253678617,0,-0.9787745141326066,0.3796721288811475,-0.06744076383703446,2,-0.6608531809232983,0,1.1553724990496252,0.5272972542088118,0.21331348489564675,-0.5381382351970498,0.26623257679518353,1.4159910129545328,0.483282893128383,-0.6201892226844657,1.754054456494842,0.6534968667474336,1.04994957358846,0.8723220215729953,1.646674638699739,0.1427954259612064,-1.1264042463386705,-0.4421885641408914,-1.216108852854004,-0.6451239966845644,-0.5810160220117815,-1.1078234188139944,0.9436409819008672,4,0
-0.9723476257701563,1,1,-1.013529278392347,1.0633091032037203,3,1.1697805251007627,1,-1.0771875466753518,0.3796721288811475,-0.9686946078410421,2,0.24620020465769926,2,-1.0499958616334688,-1.0742047368799348,-0.4259746349750991,-1.5471474261915186,0.26623257679518353,-0.9320143892374165,-0.8067586047810468,-0.6201892226844657,-1.0778621289498782,-0.49246134027899646,-0.6216307944711459,-0.6835058984856107,-0.5951514496435035,-0.6708064196317143,0.29737627217280505,-1.3265656924226743,-1.216108852854004,-0.6451239966845644,-0.5810160220117815,-1.1078234188139944,0.9436409819008672,3,0
0.7766288317179199,2,1,-0.6443796155487519,-0.8880821348855039,1,0.2546249253678617,1,1.2847252343505287,1.7855109940078144,2.6363207681749885,3,-1.5679065665042957,0,0.4446569879628036,-0.6738292391077482,-0.18624159002356938,0.47087095579741883,1.1914379855160337,1.4159910129545328,1.9023285408287558,0.9316033855643254,-1.0778621289498782,2.9454132808002935,1.3285463015983943,3.672812277678486,2.487359421828455,-2.2980101108175557,1.2966536439070495,-0.4421885641408914,0.8222948115649081,-0.6451239966845644,1.7211229331292395,-1.1078234188139944,0.9436409819008672,3,0
-0.3164814542121277,1,0,0.21696959775297023,0.0876134841591082,1,0.2546249253678617,1,-0.4867093514188816,-1.0261667362455194,-0.06744076383703446,1,-0.6608531809232983,1,1.0568533032276237,0.5272972542088118,1.0124236347340791,-1.5471474261915186,1.1914379855160337,1.4159910129545328,0.35427874333744,1.707499689688721,1.754054456494842,0.48978855145794353,1.3285463015983943,-0.37234031447388954,1.0862181166139284,-0.6708064196317143,0.7927142706172736,0.4421885641408914,-1.216108852854004,-0.6451239966845644,-0.5810160220117815,0.9026709338484401,0.9436409819008672,2,0
0.4486957459389056,2,1,-0.8904793907778153,-0.8880821348855039,3,0.2546249253678617,1,0.005355811294843447,0.3796721288811475,2.6363207681749885,5,0.24620020465769926,1,-1.1655205106572708,-1.0742047368799348,-0.5058856499589423,0.47087095579741883,1.1914379855160337,-0.9320143892374165,1.515316091455927,0.1557070814399298,0.33809616377248186,2.454288334931823,1.04994957358846,0.5611564375612741,1.646674638699739,0.1427954259612064,-0.5450524994411277,0.4421885641408914,0.8222948115649081,-0.6451239966845644,-0.5810160220117815,0.9026709338484401,-0.10962571771513507,2,0
0.5580067745319104,2,1,-0.2752299527051567,1.0633091032037203,3,-0.6605306743650393,0,0.5958340065513135,1.7855109940078144,-0.06744076383703446,6,-0.6608531809232983,1,-1.2206125573936826,1.3280482497531851,1.0124236347340791,0.47087095579741883,1.1914379855160337,-0.9320143892374165,0.870295342501212,-0.6201892226844657,0.33809616377248186,-0.9835862861474665,-1.1788242504910145,-0.6835058984856107,-1.1556079717293142,0.1427954259612064,0.03174557842066408,-0.4421885641408914,-1.216108852854004,-0.6451239966845644,-0.5810160220117815,0.9026709338484401,-0.10962571771513507,3,0
0.6673178031249152,2,2,-0.6443796155487519,1.0633091032037203,2,1.1697805251007627,0,-0.4867093514188816,-1.0261667362455194,0.8338130801669732,7,1.1532535902386967,2,0.8503986689016318,0.12692175643662515,1.8914447995563546,0.47087095579741883,1.1914379855160337,-0.9320143892374165,1.515316091455927,0.1557070814399298,1.754054456494842,2.2905800196423334,0.7713528455785257,3.9839778616902075,3.6082724660000762,0.1427954259612064,0.95563442945192,1.3265656924226743,0.8222948115649081,1.5500896031448563,1.7211229331292395,0.9026709338484401,-1.1628924173311372,1,0
-0.0978593970261182,2,1,-0.8904793907778153,1.0633091032037203,1,0.2546249253678617,0,-0.6343289002329991,0.3796721288811475,-0.06744076383703446,4,-0.6608531809232983,2,-1.6851003493932764,2.529174743069745,-0.9853517398620016,-1.5471474261915186,1.1914379855160337,-0.9320143892374165,0.870295342501212,-0.6201892226844657,0.33809616377248186,1.4720384431948834,2.7215299416480656,0.8723220215729953,2.2071311607855497,-0.6708064196317143,0.6662234640686351,-0.4421885641408914,0.8222948115649081,-0.6451239966845644,-0.5810160220117815,-1.1078234188139944,-0.10962571771513507,2,0
0.7766288317179199,2,1,0.7091691482110972,0.0876134841591082,3,-1.5756862740979403,0,0.349801425194451,0.3796721288811475,0.8338130801669732,0,1.1532535902386967,1,-0.03346327478534105,-0.6738292391077482,-1.2250847848135313,-1.5471474261915186,1.1914379855160337,0.24198831185855807,-0.1617378558263319,-0.6201892226844657,0.33809616377248186,0.48978855145794353,0.7713528455785257,-0.6835058984856107,0.24553333348521242,0.956397271554127,-1.3201881619711848,-0.4421885641408914,-1.216108852854004,-0.6451239966845644,-0.5810160220117815,0.9026709338484401,1.9969076815168694,4,1
-0.9723476257701563,1,1,-0.8904793907778153,0.0876134841591082,1,1.1697805251007627,1,-0.6835354165043717,-1.0261667362455194,-0.9686946078410421,2,1.1532535902386967,1,-0.01280375725918665,-0.6738292391077482,1.1722456647017656,-0.5381382351970498,-0.6589728319256667,0.24198831185855807,-1.1937710541538757,-0.6201892226844657,0.33809616377248186,-0.8198779708579764,-0.6216307944711459,-0.061174730462168335,-0.5951514496435035,0.1427954259612064,2.2898594569269592,0.4421885641408914,-1.216108852854004,-0.6451239966845644,-0.5810160220117815,-1.1078234188139944,-0.10962571771513507,2,0
1.5418060318689533,1,1,-0.39827984031968844,-0.8880821348855039,3,-0.6605306743650393,0,-1.2740136117608418,-1.0261667362455194,-0.9686946078410421,2,0.24620020465769926,2,-1.4132941800355716,-1.0742047368799348,0.0534914549279603,0.47087095579741883,-0.6589728319256667,-0.9320143892374165,-0.41974615540821786,2.4833959938131165,-1.0778621289498782,-0.001336394410526465,-1.1788242504910145,1.4946531895964377,0.8059898555710231,0.1427954259612064,-0.5349332349172367,-0.4421885641408914,-1.216108852854004,-0.6451239966845644,-0.5810160220117815,-1.1078234188139944,0.9436409819008672,3,0
1.3231839746829437,0,1,-0.39827984031968844,0.0876134841591082,1,0.2546249253678617,1,0.3005949089230785,0.3796721288811475,-0.06744076383703446,0,0.24620020465769926,2,-0.20450159335221113,-0.2734537413355615,-0.8255297098943152,0.47087095579741883,0.26623257679518353,-0.9320143892374165,1.1283036420830979,0.1557070814399298,0.33809616377248186,-0.6561696555684865,-0.3430340664612116,0.24999085354955286,-0.31492318860059826,0.1427954259612064,-0.06489339778249577,-1.3265656924226743,0.8222948115649081,1.5500896031448563,-0.5810160220117815,-1.1078234188139944,-1.1628924173311372,2,0
-0.8630365971771515,2,1,-0.2752299527051567,0.0876134841591082,5,-0.6605306743650393,0,-1.3232201280322142,0.3796721288811475,-0.9686946078410421,2,0.24620020465769926,0,0.41767312833680603,0.12692175643662515,-0.4259746349750991,-0.5381382351970498,-1.584178240646517,1.4159910129545328,-0.1617378558263319,-0.6201892226844657,0.33809616377248186,-0.001336394410526465,0.7713528455785257,1.4946531895964377,0.8059898555710231,-0.6708064196317143,-2.243571049776246,-0.4421885641408914,-1.216108852854004,-0.6451239966845644,-0.5810160220117815,-1.1078234188139944,-0.10962571771513507,5,1
-0.9723476257701563,2,1,-1.013529278392347,0.0876134841591082,5,1.1697805251007627,1,0.8910731041795485,0.3796721288811475,-0.9686946078410421,6,-1.5679065665042957,2,-1.346537235648338,-0.2734537413355615,-0.10633057503972616,-1.5471474261915186,-0.6589728319256667,-0.9320143892374165,-0.8067586047810468,-0.6201892226844657,-1.0778621289498782,-0.6561696555684865,-0.6216307944711459,-0.37234031447388954,-0.5951514496435035,-2.2980101108175557,0.7279509776643707,-1.3265656924226743,0.8222948115649081,-0.6451239966845644,-0.5810160220117815,-1.1078234188139944,-1.1628924173311372,3,0
-1.3002807115491706,2,1,-1.013529278392347,0.0876134841591082,3,1.1697805251007627,0,-1.2740136117608418,0.3796721288811475,-0.9686946078410421,6,-0.6608531809232983,2,0.6348088737647554,-0.6738292391077482,-0.4259746349750991,-0.5381382351970498,1.1914379855160337,-0.9320143892374165,-1.1937710541538757,0.1557070814399298,-1.0778621289498782,-0.8198779708579764,-0.6216307944711459,-0.061174730462168335,-0.875379710686409,-0.6708064196317143,1.5688618595997197,-0.4421885641408914,0.8222948115649081,-0.6451239966845644,-0.5810160220117815,0.9026709338484401,-0.10962571771513507,2,0
-0.5351035113981373,2,2,-0.15218006509062498,0.0876134841591082,3,0.2546249253678617,1,-0.4867093514188816,1.7855109940078144,-0.06744076383703446,7,1.1532535902386967,1,-0.36823178327037354,-0.6738292391077482,-1.0652627548458449,0.47087095579741883,0.26623257679518353,1.4159910129545328,-0.1617378558263319,0.9316033855643254,1.754054456494842,0.48978855145794353,0.7713528455785257,-0.6835058984856107,1.0862181166139284,0.1427954259612064,0.8979546216657409,1.3265656924226743,0.8222948115649081,1.5500896031448563,-0.5810160220117815,0.9026709338484401,-0.10962571771513507,1,0
0.8859398603109246,1,1,1.9396680243564146,0.0876134841591082,3,-0.6605306743650393,0,0.841866587908176,0.3796721288811475,2.6363207681749885,3,-0.6608531809232983,2,-0.1796258477594946,0.12692175643662515,1.3320676946694519,1.4798801467918874,0.26623257679518353,-0.9320143892374165,1.3863119416649838,0.9316033855643254,0.33809616377248186,-1.1472946014369565,-1.1788242504910145,-0.6835058984856107,-1.1556079717293142,1.7699991171470477,0.3398771831731476,-1.3265656924226743,-1.216108852854004,-0.6451239966845644,-0.5810160220117815,-1.1078234188139944,-1.1628924173311372,3,0
0.23007368875289608,2,1,0.4630693729820337,1.0633091032037203,3,0.2546249253678617,0,1.3831382668932737,-1.0261667362455194,1.7350669241709809,3,-0.6608531809232983,0,0.4245596341788575,1.3280482497531851,1.0124236347340791,-0.5381382351970498,1.1914379855160337,1.4159910129545328,1.257307791874041,0.9316033855643254,0.33809616377248186,1.9631633890633533,1.3285463015983943,3.9839778616902075,-0.5951514496435035,-0.6708064196317143,-0.7813373260739845,1.3265656924226743,0.8222948115649081,1.5500896031448563,1.7211229331292395,0.9026709338484401,-0.10962571771513507,2,0
2.3069832320199866,2,1,1.6935682491273512,1.0633091032037203,1,-1.5756862740979403,1,1.0878991692650386,0.3796721288811475,-0.9686946078410421,6,0.24620020465769926,0,1.6531684927750598,-0.6738292391077482,1.5718007396209817,-0.5381382351970498,1.1914379855160337,1.4159910129545328,-1.1937710541538757,0.1557070814399298,0.33809616377248186,-0.8198779708579764,-0.6216307944711459,-0.061174730462168335,-0.5951514496435035,0.956397271554127,-0.020874597103569554,-1.3265656924226743,-1.216108852854004,-0.6451239966845644,-0.5810160220117815,-1.1078234188139944,-0.10962571771513507,3,0
-0.5351035113981373,2,1,-0.2752299527051567,-0.8880821348855039,1,1.1697805251007627,1,0.645040522822686,0.3796721288811475,-0.06744076383703446,2,0.24620020465769926,1,1.1990807300063193,-0.6738292391077482,0.8526016047663926,0.47087095579741883,-1.584178240646517,0.24198831185855807,-0.1617378558263319,0.1557070814399298,0.33809616377248186,0.48978855145794353,-0.06443733845127728,-0.37234031447388954,-0.875379710686409,0.1427954259612064,-0.5404988304053767,1.3265656924226743,0.8222948115649081,1.5500896031448563,-0.5810160220117815,0.9026709338484401,-1.1628924173311372,2,1
0.23007368875289608,2,1,1.6935682491273512,0.0876134841591082,3,0.2546249253678617,1,1.333931750621901,0.3796721288811475,-0.9686946078410421,6,-1.5679065665042957,2,1.1019669435398385,-1.0742047368799348,-1.1451737698296882,-0.5381382351970498,-1.584178240646517,-0.9320143892374165,-0.6777544549901038,-0.6201892226844657,0.33809616377248186,-0.3287530249895065,-0.6216307944711459,-0.6835058984856107,-0.31492318860059826,-2.2980101108175557,0.7785473002838261,-1.3265656924226743,0.8222948115649081,-0.6451239966845644,-0.5810160220117815,-1.1078234188139944,0.9436409819008672,4,1
-0.7537255685841467,2,1,-0.39827984031968844,0.0876134841591082,5,-1.5756862740979403,0,-0.8803614815898617,-1.0261667362455194,-0.06744076383703446,2,1.1532535902386967,1,1.309545905350247,-1.0742047368799348,1.0124236347340791,-0.5381382351970498,-1.584178240646517,0.24198831185855807,-0.1617378558263319,2.4833959938131165,0.33809616377248186,0.32608023616845355,-0.6216307944711459,1.1834876055847166,0.8059898555710231,0.1427954259612064,0.7532491389740984,1.3265656924226743,0.8222948115649081,-0.6451239966845644,1.7211229331292395,0.9026709338484401,-1.1628924173311372,2,0
-0.0978593970261182,2,1,0.09391971013843849,1.0633091032037203,5,1.1697805251007627,0,-0.14226373751927407,0.3796721288811475,0.8338130801669732,0,0.24620020465769926,1,-1.2038881860629862,0.12692175643662515,-0.9054407248781584,-0.5381382351970498,-1.584178240646517,-0.9320143892374165,-0.1617378558263319,-2.171981830933257,0.33809616377248186,-0.001336394410526465,0.7713528455785257,-0.37234031447388954,0.8059898555710231,-0.6708064196317143,0.5240477975079653,1.3265656924226743,0.8222948115649081,1.5500896031448563,1.7211229331292395,0.9026709338484401,-1.1628924173311372,1,0
0.9952508889039294,2,0,-1.013529278392347,-0.8880821348855039,1,1.1697805251007627,0,-1.0771875466753518,0.3796721288811475,-0.9686946078410421,1,-1.5679065665042957,2,1.2148213147881513,1.3280482497531851,0.7726905897825493,-0.5381382351970498,0.26623257679518353,-0.9320143892374165,-0.1617378558263319,0.1557070814399298,1.754054456494842,-0.001336394410526465,0.4927561175685914,0.8723220215729953,0.8059898555710231,-0.6708064196317143,-0.6194290936917272,-0.4421885641408914,0.8222948115649081,-0.6451239966845644,-0.5810160220117815,-1.1078234188139944,-1.1628924173311372,2,0
0.23007368875289608,0,1,-0.39827984031968844,-0.8880821348855039,4,0.2546249253678617,0,-0.5359158676902541,-2.432005601372186,-0.06744076383703446,2,1.1532535902386967,1,0.29217007288880686,-0.6738292391077482,-0.34606361999125584,-1.5471474261915186,-1.584178240646517,2.5899937140505074,-0.6777544549901038,2.4833959938131165,0.33809616377248186,-0.16504470970001647,0.21415938955865704,-0.37234031447388954,0.24553333348521242,0.1427954259612064,-0.645739181453844,1.3265656924226743,0.8222948115649081,1.5500896031448563,1.7211229331292395,0.9026709338484401,-1.1628924173311372,1,0
1.4324950032759485,2,1,2.3088176872000097,0.0876134841591082,1,1.1697805251007627,0,-1.1263940629467242,0.3796721288811475,1.7350669241709809,5,-1.5679065665042957,1,1.1396319142677933,0.5272972542088118,0.21331348489564675,-1.5471474261915186,-0.6589728319256667,-0.9320143892374165,1.773324391037813,-0.6201892226844657,0.33809616377248186,-0.6561696555684865,-0.6216307944711459,-0.37234031447388954,-0.5951514496435035,-0.6708064196317143,-1.0889629676002734,-1.3265656924226743,-1.216108852854004,-0.6451239966845644,-0.5810160220117815,-1.1078234188139944,-0.10962571771513507,4,0
0.33938471734590087,2,2,1.9396680243564146,1.0633091032037203,2,1.1697805251007627,1,-0.4375028351475091,-1.0261667362455194,0.8338130801669732,7,-0.6608531809232983,2,0.41064608155920246,-0.2734537413355615,0.6128685598148629,-0.5381382351970498,0.26623257679518353,-0.9320143892374165,-0.29074200561727487,-0.6201892226844657,0.33809616377248186,-0.3287530249895065,-0.06443733845127728,-0.37234031447388954,-1.1556079717293142,-2.2980101108175557,1.4540082072535558,-0.4421885641408914,0.8222948115649081,-0.6451239966845644,-0.5810160220117815,0.9026709338484401,-0.10962571771513507,2,1
1.651117060461958,2,2,-0.5213297279342202,0.0876134841591082,1,-0.6605306743650393,1,-0.09305722124790157,0.3796721288811475,0.8338130801669732,7,-0.6608531809232983,2,1.0148315634975547,2.529174743069745,-0.9853517398620016,1.4798801467918874,0.26623257679518353,-0.9320143892374165,-0.1617378558263319,-0.6201892226844657,-1.0778621289498782,0.16237192087896354,0.7713528455785257,1.4946531895964377,0.8059898555710231,0.956397271554127,-0.10941816168761653,-0.4421885641408914,-1.216108852854004,-0.6451239966845644,-0.5810160220117815,-1.1078234188139944,0.9436409819008672,4,1
-0.7537255685841467,2,1,0.9552689234401607,1.0633091032037203,3,-0.6605306743650393,0,1.432344783164646,0.3796721288811475,0.8338130801669732,3,-1.5679065665042957,1,1.6322278933778014,-0.6738292391077482,1.7316227695886681,1.4798801467918874,1.1914379855160337,1.4159910129545328,-0.29074200561727487,-0.6201892226844657,0.33809616377248186,0.32608023616845355,-0.9002275224810803,-0.6835058984856107,1.0862181166139284,0.956397271554127,-0.32344060636791294,0.4421885641408914,0.8222948115649081,-0.6451239966845644,1.7211229331292395,0.9026709338484401,0.9436409819008672,2,0
0.23007368875289608,2,1,1.0783188110546924,-0.8880821348855039,1,-1.5756862740979403,1,-1.6676657419318217,0.3796721288811475,-0.06744076383703446,4,0.24620020465769926,2,-0.1350743711894882,-1.0742047368799348,0.29322449987949,-1.5471474261915186,-1.584178240646517,-0.9320143892374165,-0.29074200561727487,2.4833959938131165,0.33809616377248186,0.16237192087896354,0.7713528455785257,-0.37234031447388954,0.8059898555710231,0.956397271554127,0.17240335530275014,-1.3265656924226743,-1.216108852854004,-0.6451239966845644,-0.5810160220117815,-1.1078234188139944,3.0501743811328716,2,0
-0.6444145399911421,0,2,-0.8904793907778153,1.0633091032037203,1,1.1697805251007627,0,-0.4375028351475091,0.3796721288811475,0.8338130801669732,7,0.24620020465769926,0,-0.7558436835229847,-0.6738292391077482,1.0124236347340791,1.4798801467918874,-1.584178240646517,0.24198831185855807,-0.1617378558263319,1.707499689688721,-1.0778621289498782,0.48978855145794353,1.04994957358846,2.11698435761988,0.5257615945281178,0.956397271554127,2.2579837736767026,1.3265656924226743,0.8222948115649081,1.5500896031448563,1.7211229331292395,0.9026709338484401,-0.10962571771513507,2,0
0.4486957459389056,0,2,0.09391971013843849,-0.8880821348855039,3,0.2546249253678617,1,-1.2740136117608418,-2.432005601372186,-0.06744076383703446,7,-0.6608531809232983,2,1.0907236686956727,-0.6738292391077482,0.29322449987949,-0.5381382351970498,-1.584178240646517,-0.9320143892374165,0.999299492292155,0.9316033855643254,0.33809616377248186,1.9631633890633533,-0.6216307944711459,2.7393155256433226,1.3664463776568336,0.1427954259612064,-0.9715794991231369,1.3265656924226743,0.8222948115649081,1.5500896031448563,1.7211229331292395,0.9026709338484401,-0.10962571771513507,2,0
-0.6444145399911421,1,2,-1.013529278392347,0.0876134841591082,1,1.1697805251007627,0,-0.5851223839616266,0.3796721288811475,-0.9686946078410421,8,-0.6608531809232983,2,-0.8424168998230602,-0.6738292391077482,-0.8255297098943152,-1.5471474261915186,-1.584178240646517,-0.9320143892374165,-1.0647669043629329,-0.6201892226844657,1.754054456494842,-0.6561696555684865,-0.6216307944711459,-0.061174730462168335,-0.5951514496435035,-1.4844082652246349,-1.5114422614727263,-1.3265656924226743,-1.216108852854004,-0.6451239966845644,-0.5810160220117815,-1.1078234188139944,0.9436409819008672,4,1
0.7766288317179199,2,1,-0.7674295031632836,0.0876134841591082,1,-1.5756862740979403,1,1.137105685536411,0.3796721288811475,-0.9686946078410421,2,-1.5679065665042957,1,0.05001804093258897,0.5272972542088118,0.29322449987949,-0.5381382351970498,0.26623257679518353,-0.9320143892374165,-0.1617378558263319,0.9316033855643254,1.754054456494842,-0.6561696555684865,-0.6216307944711459,-0.37234031447388954,-0.5951514496435035,-2.2980101108175557,1.1064114708578972,-0.4421885641408914,0.8222948115649081,-0.6451239966845644,-0.5810160220117815,-1.1078234188139944,0.9436409819008672,3,0
0.5580067745319104,0,1,-0.8904793907778153,-1.863777753930116,1,0.2546249253678617,1,-1.4216331605749593,0.3796721288811475,1.7350669241709809,3,0.24620020465769926,1,1.7242822061644076,-1.0742047368799348,1.6517117546048248,-0.5381382351970498,1.1914379855160337,-0.9320143892374165,1.257307791874041,0.1557070814399298,-1.0778621289498782,2.1268717043528436,1.04994957358846,-0.061174730462168335,1.646674638699739,0.1427954259612064,-0.08462596360408338,1.3265656924226743,0.8222948115649081,1.5500896031448563,-0.5810160220117815,0.9026709338484401,-0.10962571771513507,2,0
1.9790501462409722,2,1,-0.8904793907778153,-0.8880821348855039,3,1.1697805251007627,0,-0.3882963188761366,-2.432005601372186,2.6363207681749885,3,0.24620020465769926,1,-1.0289147213006582,0.5272972542088118,-0.9054407248781584,0.47087095579741883,1.1914379855160337,0.24198831185855807,1.515316091455927,1.707499689688721,0.33809616377248186,1.9631633890633533,1.3285463015983943,2.11698435761988,1.9269028997426445,-0.6708064196317143,-0.2799277689151813,1.3265656924226743,0.8222948115649081,1.5500896031448563,1.7211229331292395,0.9026709338484401,-1.1628924173311372,1,0
2.088361174833977,2,0,-0.15218006509062498,1.0633091032037203,1,1.1697805251007627,1,1.6291708482501361,0.3796721288811475,2.6363207681749885,3,-0.6608531809232983,2,-1.446321299890308,1.3280482497531851,-1.1451737698296882,0.47087095579741883,-1.584178240646517,-0.9320143892374165,3.1923700387381855,0.9316033855643254,0.33809616377248186,-0.001336394410526465,-0.3430340664612116,1.4946531895964377,0.8059898555710231,0.956397271554127,1.1559958670249635,-1.3265656924226743,0.8222948115649081,-0.6451239966845644,-0.5810160220117815,-1.1078234188139944,-0.10962571771513507,2,0
0.33938471734590087,0,1,0.832219035825629,-0.8880821348855039,1,0.2546249253678617,1,0.3990079414658235,0.3796721288811475,-0.9686946078410421,6,0.24620020465769926,0,-0.8124816805504691,2.529174743069745,0.7726905897825493,0.47087095579741883,-0.6589728319256667,0.24198831185855807,-0.6777544549901038,-2.171981830933257,0.33809616377248186,-0.49246134027899646,-0.6216307944711459,-0.6835058984856107,-1.1556079717293142,0.956397271554127,-0.47927728003583564,0.4421885641408914,0.8222948115649081,1.5500896031448563,-0.5810160220117815,0.9026709338484401,-0.10962571771513507,2,0
-0.3164814542121277,2,1,-0.02913017747609325,0.0876134841591082,1,1.1697805251007627,1,0.9894861367222936,0.3796721288811475,0.8338130801669732,0,1.1532535902386967,0,-1.23944504275766,-1.0742047368799348,0.29322449987949,-1.5471474261915186,1.1914379855160337,0.24198831185855807,-0.1617378558263319,-2.171981830933257,-1.0778621289498782,0.32608023616845355,0.7713528455785257,-0.37234031447388954,0.5257615945281178,0.956397271554127,0.3606216754471243,0.4421885641408914,0.8222948115649081,1.5500896031448563,-0.5810160220117815,0.9026709338484401,-1.1628924173311372,2,0
0.33938471734590087,2,1,-0.8904793907778153,0.0876134841591082,1,0.2546249253678617,1,1.5799643319787637,0.3796721288811475,-0.06744076383703446,6,1.1532535902386967,2,1.1442697651410116,-0.6738292391077482,-0.9054407248781584,-0.5381382351970498,0.26623257679518353,-0.9320143892374165,-0.29074200561727487,0.9316033855643254,0.33809616377248186,0.32608023616845355,1.04994957358846,1.8058187736081588,1.0862181166139284,-0.6708064196317143,-0.1352222862235388,-0.4421885641408914,0.8222948115649081,-0.6451239966845644,-0.5810160220117815,-1.1078234188139944,-1.1628924173311372,3,0
0.4486957459389056,1,2,-1.013529278392347,0.0876134841591082,2,0.2546249253678617,0,0.005355811294843447,0.3796721288811475,-0.06744076383703446,7,-1.5679065665042957,0,-1.4076725426134886,-1.0742047368799348,0.5329575448310196,0.47087095579741883,1.1914379855160337,0.24198831185855807,-0.1617378558263319,-0.6201892226844657,0.33809616377248186,0.32608023616845355,-0.3430340664612116,-0.37234031447388954,0.8059898555710231,-0.6708064196317143,-0.6376437698347311,0.4421885641408914,0.8222948115649081,-0.6451239966845644,-0.5810160220117815,0.9026709338484401,-0.10962571771513507,2,0
-0.20717042561912297,1,1,-0.6443796155487519,1.0633091032037203,1,0.2546249253678617,1,1.038692652993666,0.3796721288811475,-0.06744076383703446,6,0.24620020465769926,2,-1.6335218260456663,-0.6738292391077482,-1.2250847848135313,-1.5471474261915186,-0.6589728319256667,-0.9320143892374165,-0.29074200561727487,0.1557070814399298,0.33809616377248186,0.32608023616845355,0.4927561175685914,-0.37234031447388954,-0.875379710686409,-0.6708064196317143,2.3070622066175743,-0.4421885641408914,0.8222948115649081,-0.6451239966845644,-0.5810160220117815,-1.1078234188139944,0.9436409819008672,3,0
1.5418060318689533,2,0,-0.5213297279342202,0.0876134841591082,1,0.2546249253678617,1,0.8910731041795485,0.3796721288811475,1.7350669241709809,3,-0.6608531809232983,0,0.46025703180908345,-0.6738292391077482,-0.34606361999125584,-1.5471474261915186,-0.6589728319256667,0.24198831185855807,2.805357589365357,-0.6201892226844657,0.33809616377248186,4.255079803116214,1.3285463015983943,-0.6835058984856107,1.646674638699739,-0.6708064196317143,0.15368271593355165,0.4421885641408914,0.8222948115649081,-0.6451239966845644,-0.5810160220117815,-1.1078234188139944,0.9436409819008672,3,0
0.12076266015989133,2,2,-0.8904793907778153,-0.8880821348855039,1,-0.6605306743650393,0,-1.7168722582031943,0.3796721288811475,-0.06744076383703446,7,-1.5679065665042957,0,0.7234902040981119,0.12692175643662515,-1.0652627548458449,-0.5381382351970498,1.1914379855160337,0.24198831185855807,-0.032733706035388915,0.1557070814399298,0.33809616377248186,-0.001336394410526465,0.7713528455785257,-0.37234031447388954,0.8059898555710231,-0.6708064196317143,-1.5645684002231544,-0.4421885641408914,-1.216108852854004,-0.6451239966845644,-0.5810160220117815,-1.1078234188139944,0.9436409819008672,2,0
-0.3164814542121277,2,2,0.7091691482110972,-0.8880821348855039,3,0.2546249253678617,0,0.005355811294843447,0.3796721288811475,-0.06744076383703446,7,-1.5679065665042957,2,1.2985837123771855,-0.6738292391077482,1.0923346497179223,-0.5381382351970498,1.1914379855160337,-0.9320143892374165,-0.1617378558263319,2.4833959938131165,1.754054456494842,0.48978855145794353,1.04994957358846,2.11698435761988,0.5257615945281178,-0.6708064196317143,-0.5162125955480381,1.3265656924226743,0.8222948115649081,1.5500896031448563,1.7211229331292395,0.9026709338484401,-0.10962571771513507,1,0
-1.3002807115491706,2,1,1.201368698669224,-1.863777753930116,3,1.1697805251007627,1,0.05456232756621595,0.3796721288811475,-0.9686946078410421,2,1.1532535902386967,1,-0.7361679525456948,0.12692175643662515,1.0923346497179223,-1.5471474261915186,0.26623257679518353,2.5899937140505074,-0.5487503051991608,2.4833959938131165,-1.0778621289498782,-0.6561696555684865,-0.6216307944711459,-0.37234031447388954,-0.5951514496435035,0.956397271554127,-0.047184684865686374,1.3265656924226743,0.8222948115649081,1.5500896031448563,1.7211229331292395,0.9026709338484401,-1.1628924173311372,2,0
2.3069832320199866,2,1,-0.2752299527051567,1.0633091032037203,3,0.2546249253678617,0,-0.6343289002329991,-1.0261667362455194,0.8338130801669732,4,-1.5679065665042957,1,-0.3218532745381902,1.7284237475253719,-0.026419560055882932,0.47087095579741883,1.1914379855160337,-0.9320143892374165,2.5473492897834706,-2.171981830933257,-1.0778621289498782,0.48978855145794353,1.3285463015983943,0.8723220215729953,1.3664463776568336,-1.4844082652246349,-0.9326203307061562,1.3265656924226743,0.8222948115649081,1.5500896031448563,-0.5810160220117815,0.9026709338484401,-1.1628924173311372,1,1
0.33938471734590087,2,1,-1.013529278392347,1.0633091032037203,1,-0.6605306743650393,1,1.0878991692650386,0.3796721288811475,-0.9686946078410421,2,-0.6608531809232983,1,-1.0612391364776343,0.12692175643662515,0.0534914549279603,1.4798801467918874,0.26623257679518353,0.24198831185855807,-0.5487503051991608,0.1557070814399298,0.33809616377248186,-0.49246134027899646,-0.6216307944711459,-0.6835058984856107,-0.31492318860059826,-0.6708064196317143,0.4587785413288678,-0.4421885641408914,0.8222948115649081,-0.6451239966845644,-0.5810160220117815,-1.1078234188139944,-1.1628924173311372,3,0
-0.0978593970261182,1,2,-0.2752299527051567,0.0876134841591082,2,-1.5756862740979403,0,0.841866587908176,1.7855109940078144,-0.06744076383703446,7,-1.5679065665042957,1,-1.6938138873975048,-0.2734537413355615,-0.4259746349750991,0.47087095579741883,1.1914379855160337,0.24198831185855807,0.741291192710269,-0.6201892226844657,-1.0778621289498782,1.3083301279053936,0.7713528455785257,1.1834876055847166,2.487359421828455,-0.6708064196317143,-0.6599061517872915,1.3265656924226743,0.8222948115649081,-0.6451239966845644,-0.5810160220117815,0.9026709338484401,-0.10962571771513507,2,0
1.213872946089939,2,1,-0.6443796155487519,0.0876134841591082,1,1.1697805251007627,1,-0.5851223839616266,0.3796721288811475,0.8338130801669732,4,1.1532535902386967,2,0.6173817977562985,-0.6738292391077482,-0.4259746349750991,-1.5471474261915186,0.26623257679518353,-0.9320143892374165,-0.032733706035388915,-0.6201892226844657,0.33809616377248186,0.48978855145794353,1.3285463015983943,-0.6835058984856107,1.0862181166139284,0.1427954259612064,0.004423564206158155,0.4421885641408914,0.8222948115649081,1.5500896031448563,-0.5810160220117815,-1.1078234188139944,-1.1628924173311372,1,0
-1.081658654363161,2,2,0.21696959775297023,0.0876134841591082,3,0.2546249253678617,0,1.5799643319787637,1.7855109940078144,-0.9686946078410421,8,1.1532535902386967,1,-1.094266256332371,2.1287992452975586,0.9325126197502358,0.47087095579741883,-0.6589728319256667,0.24198831185855807,-0.8067586047810468,0.9316033855643254,0.33809616377248186,-0.9835862861474665,-1.1788242504910145,-0.6835058984856107,-1.1556079717293142,1.7699991171470477,-1.0231877481949814,0.4421885641408914,0.8222948115649081,1.5500896031448563,-0.5810160220117815,0.9026709338484401,-0.10962571771513507,3,0
1.5418060318689533,2,1,0.21696959775297023,-0.8880821348855039,5,1.1697805251007627,0,0.7926600716368035,-1.0261667362455194,1.7350669241709809,4,-0.6608531809232983,2,1.42310298127632,0.12692175643662515,1.8115337845725112,0.47087095579741883,-0.6589728319256667,-0.9320143892374165,2.289340990201585,-1.3960855268088614,-1.0778621289498782,-0.3287530249895065,-0.6216307944711459,-0.6835058984856107,-0.31492318860059826,0.1427954259612064,-0.16456815334282296,-1.3265656924226743,0.8222948115649081,-0.6451239966845644,-0.5810160220117815,-1.1078234188139944,-0.10962571771513507,3,0
-2.065457911700204,0,1,-1.013529278392347,0.0876134841591082,1,1.1697805251007627,0,1.5307578157073911,0.3796721288811475,-0.9686946078410421,2,1.1532535902386967,2,0.7015658181519889,-0.6738292391077482,1.3320676946694519,-0.5381382351970498,0.26623257679518353,-0.9320143892374165,-1.4517793537357617,1.707499689688721,1.754054456494842,-1.1472946014369565,-1.1788242504910145,-0.6835058984856107,-1.1556079717293142,0.1427954259612064,-0.2551355708316482,0.4421885641408914,0.8222948115649081,1.5500896031448563,1.7211229331292395,0.9026709338484401,-0.10962571771513507,2,0
-0.20717042561912297,2,1,-1.013529278392347,0.0876134841591082,3,1.1697805251007627,0,-0.2898832863333916,-1.0261667362455194,-0.06744076383703446,2,1.1532535902386967,1,-0.4872699556829775,-1.0742047368799348,-1.2250847848135313,-0.5381382351970498,-0.6589728319256667,0.24198831185855807,-0.1617378558263319,-2.171981830933257,0.33809616377248186,0.32608023616845355,0.7713528455785257,-0.6835058984856107,-1.1556079717293142,0.1427954259612064,-1.468435387246189,1.3265656924226743,0.8222948115649081,1.5500896031448563,1.7211229331292395,0.9026709338484401,-0.10962571771513507,2,0
-1.081658654363161,1,2,-0.8904793907778153,-1.863777753930116,1,1.1697805251007627,1,-1.1263940629467242,-2.432005601372186,-0.06744076383703446,7,1.1532535902386967,2,0.8543338150970898,0.12692175643662515,-0.9054407248781584,1.4798801467918874,-0.6589728319256667,-0.9320143892374165,-0.41974615540821786,0.1557070814399298,0.33809616377248186,-0.16504470970001647,-0.6216307944711459,-0.6835058984856107,-1.1556079717293142,0.956397271554127,-1.387987234281255,-0.4421885641408914,-1.216108852854004,-0.6451239966845644,-0.5810160220117815,-1.1078234188139944,0.9436409819008672,3,0
1.9790501462409722,2,2,0.4630693729820337,1.0633091032037203,2,-1.5756862740979403,1,0.9402796204509211,1.7855109940078144,1.7350669241709809,7,0.24620020465769926,2,-0.7077786835641765,1.3280482497531851,1.2521566796856087,0.47087095579741883,0.26623257679518353,-0.9320143892374165,1.6443202412468698,-0.6201892226844657,-1.0778621289498782,1.9631633890633533,0.7713528455785257,0.24999085354955286,1.0862181166139284,0.956397271554127,0.9040261803800755,0.4421885641408914,0.8222948115649081,1.5500896031448563,-0.5810160220117815,-1.1078234188139944,0.9436409819008672,3,0
2.088361174833977,2,1,1.6935682491273512,0.0876134841591082,1,1.1697805251007627,1,0.10376884383758846,0.3796721288811475,1.7350669241709809,4,-0.6608531809232983,1,0.5511870171112733,0.5272972542088118,-1.2250847848135313,-0.5381382351970498,-1.584178240646517,0.24198831185855807,2.805357589365357,-2.171981830933257,0.33809616377248186,1.9631633890633533,3.2787233976679344,3.9839778616902075,1.3664463776568336,0.956397271554127,-2.1170802432276075,-1.3265656924226743,-1.216108852854004,-0.6451239966845644,-0.5810160220117815,-1.1078234188139944,1.9969076815168694,3,0
-0.3164814542121277,0,1,2.0627179119709464,-1.863777753930116,5,-1.5756862740979403,0,1.2847252343505287,-1.0261667362455194,-0.9686946078410421,6,0.24620020465769926,0,0.2217590641772194,-0.6738292391077482,-1.1451737698296882,1.4798801467918874,0.26623257679518353,2.5899937140505074,-0.8067586047810468,-0.6201892226844657,0.33809616377248186,-0.3287530249895065,-0.06443733845127728,-0.6835058984856107,-1.1556079717293142,1.7699991171470477,-0.3740369289873684,0.4421885641408914,0.8222948115649081,1.5500896031448563,1.7211229331292395,0.9026709338484401,-0.10962571771513507,2,0
0.33938471734590087,2,1,-0.8904793907778153,-1.863777753930116,3,-0.6605306743650393,0,1.137105685536411,1.7855109940078144,-0.06744076383703446,0,0.24620020465769926,0,-0.059744429733578276,0.9276727519809984,-0.026419560055882932,1.4798801467918874,-0.6589728319256667,2.5899937140505074,0.483282893128383,-2.171981830933257,0.33809616377248186,0.8172051820369235,1.885739757618263,2.7393155256433226,1.0862181166139284,0.956397271554127,1.0674523024409166,1.3265656924226743,0.8222948115649081,-0.6451239966845644,-0.5810160220117815,0.9026709338484401,-0.10962571771513507,3,0
-0.3164814542121277,2,1,2.4318675748145413,0.0876134841591082,3,-0.6605306743650393,1,0.9894861367222936,0.3796721288811475,-0.06744076383703446,2,0.24620020465769926,1,0.4466245610605326,0.5272972542088118,1.0923346497179223,-0.5381382351970498,-1.584178240646517,1.4159910129545328,-0.1617378558263319,-1.3960855268088614,0.33809616377248186,0.16237192087896354,0.7713528455785257,1.4946531895964377,0.8059898555710231,1.7699991171470477,0.2073148179101744,1.3265656924226743,0.8222948115649081,1.5500896031448563,-0.5810160220117815,0.9026709338484401,1.9969076815168694,3,1
-0.6444145399911421,1,2,-0.8904793907778153,0.0876134841591082,1,0.2546249253678617,0,1.1863122018077836,-1.0261667362455194,-0.9686946078410421,8,1.1532535902386967,2,-0.3416695464510322,1.7284237475253719,0.9325126197502358,0.47087095579741883,0.26623257679518353,-0.9320143892374165,-1.0647669043629329,0.1557070814399298,1.754054456494842,-0.9835862861474665,-1.1788242504910145,-0.6835058984856107,-1.1556079717293142,-0.6708064196317143,0.0646331881233101,1.3265656924226743,0.8222948115649081,1.5500896031448563,1.7211229331292395,0.9026709338484401,-1.1628924173311372,1,1
-0.20717042561912297,1,2,1.0783188110546924,1.0633091032037203,2,1.1697805251007627,0,0.05456232756621595,0.3796721288811475,-0.06744076383703446,7,0.24620020465769926,1,1.2613403644558867,-1.0742047368799348,1.2521566796856087,0.47087095579741883,0.26623257679518353,0.24198831185855807,-0.8067586047810468,-2.171981830933257,-1.0778621289498782,-0.49246134027899646,-0.6216307944711459,0.24999085354955286,-0.5951514496435035,0.956397271554127,-0.4706759051905282,-0.4421885641408914,-1.216108852854004,-0.6451239966845644,-0.5810160220117815,-1.1078234188139944,-0.10962571771513507,3,1
0.12076266015989133,1,1,-0.2752299527051567,0.0876134841591082,1,1.1697805251007627,1,-0.4375028351475091,1.7855109940078144,-0.9686946078410421,6,0.24620020465769926,0,0.2016617103932733,-0.6738292391077482,-0.745618694910472,-1.5471474261915186,1.1914379855160337,2.5899937140505074,-0.9357627545719898,-0.6201892226844657,0.33809616377248186,-0.49246134027899646,-0.6216307944711459,-0.6835058984856107,-0.31492318860059826,-0.6708064196317143,0.3469606683398713,1.3265656924226743,0.8222948115649081,1.5500896031448563,-0.5810160220117815,0.9026709338484401,-1.1628924173311372,1,0
-0.3164814542121277,2,1,-0.8904793907778153,1.0633091032037203,5,0.2546249253678617,0,1.5799643319787637,0.3796721288811475,-0.06744076383703446,0,1.1532535902386967,2,-1.1454231568733246,-0.6738292391077482,-0.5058856499589423,-1.5471474261915186,1.1914379855160337,-0.9320143892374165,0.35427874333744,-0.6201892226844657,1.754054456494842,1.1446218126159036,1.885739757618263,0.5611564375612741,1.9269028997426445,-0.6708064196317143,0.04996025456366803,1.3265656924226743,0.8222948115649081,1.5500896031448563,1.7211229331292395,0.9026709338484401,-1.1628924173311372,2,0
-0.9723476257701563,2,2,2.0627179119709464,0.0876134841591082,1,0.2546249253678617,1,-0.8803614815898617,-1.0261667362455194,-0.06744076383703446,7,-1.5679065665042957,1,1.3940110076170416,-0.6738292391077482,1.0124236347340791,-1.5471474261915186,0.26623257679518353,0.24198831185855807,-0.8067586047810468,-2.171981830933257,0.33809616377248186,-0.3287530249895065,-0.3430340664612116,-0.6835058984856107,-0.03469492755769292,0.1427954259612064,-2.554738433885897,1.3265656924226743,0.8222948115649081,-0.6451239966845644,1.7211229331292395,0.9026709338484401,-0.10962571771513507,2,0
-0.6444145399911421,2,1,1.5705183615128193,1.0633091032037203,3,1.1697805251007627,1,1.5799643319787637,0.3796721288811475,-0.06744076383703446,4,0.24620020465769926,1,0.9477935372392169,-0.6738292391077482,0.6128685598148629,0.47087095579741883,1.1914379855160337,1.4159910129545328,-0.1617378558263319,0.1557070814399298,-1.0778621289498782,0.48978855145794353,-0.6216307944711459,1.1834876055847166,0.8059898555710231,0.956397271554127,1.9559237276385537,-0.4421885641408914,-1.216108852854004,-0.6451239966845644,-0.5810160220117815,0.9026709338484401,-0.10962571771513507,4,1
0.23007368875289608,2,2,1.4474684738982875,1.0633091032037203,1,-1.5756862740979403,1,-1.0771875466753518,-1.0261667362455194,-0.06744076383703446,7,1.1532535902386967,1,-1.5102674255665003,0.12692175643662515,1.8115337845725112,-0.5381382351970498,1.1914379855160337,1.4159910129545328,-0.41974615540821786,-0.6201892226844657,1.754054456494842,-0.3287530249895065,-0.06443733845127728,-0.37234031447388954,-0.03469492755769292,1.7699991171470477,1.3826673923601238,0.4421885641408914,-1.216108852854004,-0.6451239966845644,-0.5810160220117815,0.9026709338484401,0.9436409819008672,3,0
1.5418060318689533,1,2,-0.8904793907778153,0.0876134841591082,2,-0.6605306743650393,1,-0.6835354165043717,0.3796721288811475,0.8338130801669732,7,-0.6608531809232983,1,0.15205076014339233,-0.2734537413355615,-0.745618694910472,-1.5471474261915186,-0.6589728319256667,-0.9320143892374165,0.35427874333744,1.707499689688721,0.33809616377248186,-0.49246134027899646,-0.6216307944711459,0.24999085354955286,-0.5951514496435035,-1.4844082652246349,-0.046172758413297266,-1.3265656924226743,-1.216108852854004,-0.6451239966845644,-0.5810160220117815,-1.1078234188139944,-0.10962571771513507,3,0
0.4486957459389056,1,1,1.5705183615128193,0.0876134841591082,1,1.1697805251007627,0,0.448214457737196,0.3796721288811475,-0.06744076383703446,6,1.1532535902386967,0,-0.05060926892269368,0.12692175643662515,-0.10633057503972616,0.47087095579741883,-1.584178240646517,1.4159910129545328,0.09627044375555406,0.9316033855643254,-1.0778621289498782,-0.16504470970001647,-0.6216307944711459,0.24999085354955286,-0.31492318860059826,1.7699991171470477,-0.9690496829921641,-0.4421885641408914,-1.216108852854004,-0.6451239966845644,-0.5810160220117815,0.9026709338484401,-1.1628924173311372,3,0
0.01145163156688656,2,1,-0.6443796155487519,-1.863777753930116,1,0.2546249253678617,1,-0.5851223839616266,0.3796721288811475,-0.9686946078410421,6,0.24620020465769926,1,-1.2832938146499062,1.7284237475253719,1.1722456647017656,0.47087095579741883,1.1914379855160337,-0.9320143892374165,-0.41974615540821786,-0.6201892226844657,0.33809616377248186,-0.16504470970001647,-0.06443733845127728,-0.37234031447388954,-0.31492318860059826,0.1427954259612064,2.0050021605794255,1.3265656924226743,0.8222948115649081,-0.6451239966845644,-0.5810160220117815,0.9026709338484401,-0.10962571771513507,2,0
-0.4257924828051325,1,2,-0.5213297279342202,-1.863777753930116,1,-0.6605306743650393,1,-0.2406767700620191,0.3796721288811475,-0.06744076383703446,7,1.1532535902386967,1,0.699879326925364,1.3280482497531851,1.1722456647017656,-0.5381382351970498,-1.584178240646517,-0.9320143892374165,-0.41974615540821786,-0.6201892226844657,1.754054456494842,-0.3287530249895065,-0.06443733845127728,-0.37234031447388954,-0.5951514496435035,-0.6708064196317143,2.1562851652115973,-1.3265656924226743,-1.216108852854004,-0.6451239966845644,-0.5810160220117815,-1.1078234188139944,-0.10962571771513507,4,0
-0.5351035113981373,2,2,-0.8904793907778153,-1.863777753930116,2,0.2546249253678617,1,-1.4708396768463317,0.3796721288811475,-0.06744076383703446,7,-0.6608531809232983,1,0.8690906133300572,-1.0742047368799348,-0.9054407248781584,-0.5381382351970498,-1.584178240646517,2.5899937140505074,-0.9357627545719898,0.1557070814399298,-1.0778621289498782,-0.6561696555684865,-0.6216307944711459,-0.37234031447388954,-0.5951514496435035,0.1427954259612064,1.393798583336404,-0.4421885641408914,-1.216108852854004,-0.6451239966845644,-0.5810160220117815,-1.1078234188139944,3.0501743811328716,3,0
0.23007368875289608,0,1,1.9396680243564146,-0.8880821348855039,1,0.2546249253678617,1,0.251388392651706,0.3796721288811475,0.8338130801669732,0,0.24620020465769926,1,-1.5268512559616447,0.12692175643662515,1.0923346497179223,1.4798801467918874,-0.6589728319256667,0.24198831185855807,0.22527459354649704,-0.6201892226844657,0.33809616377248186,-0.16504470970001647,-0.06443733845127728,-0.6835058984856107,0.24553333348521242,1.7699991171470477,-1.6141527963902207,1.3265656924226743,0.8222948115649081,1.5500896031448563,1.7211229331292395,0.9026709338484401,-0.10962571771513507,2,0
-1.3002807115491706,2,2,1.0783188110546924,-1.863777753930116,1,-1.5756862740979403,1,1.333931750621901,1.7855109940078144,-0.06744076383703446,7,0.24620020465769926,1,-0.2580476897975501,-0.2734537413355615,-0.2661526050074126,-1.5471474261915186,-0.6589728319256667,-0.9320143892374165,-0.6777544549901038,0.1557070814399298,-1.0778621289498782,-0.6561696555684865,-0.6216307944711459,-0.37234031447388954,-0.5951514496435035,0.1427954259612064,0.4694037690789535,0.4421885641408914,0.8222948115649081,-0.6451239966845644,-0.5810160220117815,0.9026709338484401,-0.10962571771513507,2,0
-0.0978593970261182,1,1,0.09391971013843849,0.0876134841591082,4,1.1697805251007627,1,-0.3390898026047641,1.7855109940078144,1.7350669241709809,2,0.24620020465769926,1,-0.6439730988235364,-0.6738292391077482,-1.2250847848135313,-1.5471474261915186,-0.6589728319256667,0.24198831185855807,-0.9357627545719898,0.1557070814399298,-1.0778621289498782,-0.49246134027899646,-0.3430340664612116,-0.061174730462168335,-0.31492318860059826,0.956397271554127,-0.697853393751883,-1.3265656924226743,-1.216108852854004,-0.6451239966845644,-0.5810160220117815,-1.1078234188139944,0.9436409819008672,3,0
0.6673178031249152,2,1,-0.39827984031968844,0.0876134841591082,3,-1.5756862740979403,0,0.349801425194451,-1.0261667362455194,-0.06744076383703446,6,0.24620020465769926,2,0.7996633911673343,-0.6738292391077482,0.13340246991180352,0.47087095579741883,-1.584178240646517,-0.9320143892374165,1.1283036420830979,0.1557070814399298,-2.4938204216722384,2.1268717043528436,0.7713528455785257,-0.37234031447388954,1.0862181166139284,0.1427954259612064,-0.0800722945683324,1.3265656924226743,0.8222948115649081,1.5500896031448563,1.7211229331292395,0.9026709338484401,-0.10962571771513507,3,0
-1.081658654363161,2,2,0.09391971013843849,0.0876134841591082,2,1.1697805251007627,0,1.5799643319787637,-1.0261667362455194,-0.06744076383703446,7,1.1532535902386967,1,-1.0137363002610345,-0.6738292391077482,-1.1451737698296882,-1.5471474261915186,1.1914379855160337,-0.9320143892374165,-0.6777544549901038,0.1557070814399298,0.33809616377248186,-0.16504470970001647,-0.6216307944711459,0.5611564375612741,-0.03469492755769292,0.956397271554127,0.3742826825543773,0.4421885641408914,0.8222948115649081,-0.6451239966845644,-0.5810160220117815,0.9026709338484401,-1.1628924173311372,2,0
-1.081658654363161,2,1,0.9552689234401607,1.0633091032037203,1,1.1697805251007627,0,-0.7327419327757442,0.3796721288811475,-0.9686946078410421,6,0.24620020465769926,2,1.597654823231992,-0.6738292391077482,2.051266829524041,-0.5381382351970498,1.1914379855160337,-0.9320143892374165,-0.41974615540821786,-0.6201892226844657,0.33809616377248186,0.16237192087896354,-0.6216307944711459,1.4946531895964377,0.8059898555710231,0.1427954259612064,-0.2313552992005041,0.4421885641408914,0.8222948115649081,1.5500896031448563,-0.5810160220117815,0.9026709338484401,-0.10962571771513507,2,1
-1.1909696829561658,2,1,-0.8904793907778153,-1.863777753930116,3,-1.5756862740979403,1,-1.4708396768463317,-1.0261667362455194,-0.9686946078410421,6,1.1532535902386967,2,-1.4423861536948501,-1.0742047368799348,-0.745618694910472,-0.5381382351970498,1.1914379855160337,-0.9320143892374165,-0.8067586047810468,-0.6201892226844657,0.33809616377248186,-0.49246134027899646,-0.3430340664612116,-0.37234031447388954,-0.875379710686409,0.1427954259612064,-1.2270909283513867,0.4421885641408914,0.8222948115649081,-0.6451239966845644,-0.5810160220117815,-1.1078234188139944,-1.1628924173311372,2,0
0.5580067745319104,2,0,0.09391971013843849,0.0876134841591082,0,0.2546249253678617,0,-1.7168722582031943,0.3796721288811475,1.7350669241709809,3,-1.5679065665042957,1,0.3236512424524707,-1.0742047368799348,0.5329575448310196,0.47087095579741883,0.26623257679518353,0.24198831185855807,1.257307791874041,1.707499689688721,0.33809616377248186,2.1268717043528436,0.7713528455785257,-0.6835058984856107,1.3664463776568336,-1.4844082652246349,-0.6239827627274781,1.3265656924226743,0.8222948115649081,-0.6451239966845644,1.7211229331292395,0.9026709338484401,-1.1628924173311372,2,0
1.651117060461958,2,1,-0.15218006509062498,1.0633091032037203,4,0.2546249253678617,0,-0.5851223839616266,0.3796721288811475,-0.9686946078410421,2,-1.5679065665042957,1,0.42863532130986753,2.529174743069745,0.9325126197502358,-0.5381382351970498,0.26623257679518353,-0.9320143892374165,0.09627044375555406,-0.6201892226844657,-2.4938204216722384,-0.3287530249895065,-0.06443733845127728,-0.6835058984856107,-0.03469492755769292,0.1427954259612064,-0.2657607985817338,-0.4421885641408914,-1.216108852854004,-0.6451239966845644,-0.5810160220117815,0.9026709338484401,-0.10962571771513507,3,0
0.01145163156688656,2,1,0.21696959775297023,0.0876134841591082,3,-1.5756862740979403,0,1.3831382668932737,0.3796721288811475,-0.9686946078410421,2,0.24620020465769926,2,0.6735981719771268,0.5272972542088118,-0.9853517398620016,0.47087095579741883,-1.584178240646517,-0.9320143892374165,-0.41974615540821786,2.4833959938131165,0.33809616377248186,-0.6561696555684865,-0.6216307944711459,-0.6835058984856107,-0.5951514496435035,-0.6708064196317143,0.7274450144381761,-0.4421885641408914,0.8222948115649081,-0.6451239966845644,-0.5810160220117815,0.9026709338484401,0.9436409819008672,3,0
-0.20717042561912297,1,1,1.0783188110546924,-0.8880821348855039,1,0.2546249253678617,1,-0.2898832863333916,0.3796721288811475,0.8338130801669732,4,1.1532535902386967,2,0.7913714759697621,-0.2734537413355615,0.5329575448310196,-1.5471474261915186,0.26623257679518353,-0.9320143892374165,-0.1617378558263319,-0.6201892226844657,0.33809616377248186,-0.8198779708579764,-0.6216307944711459,-0.061174730462168335,-0.5951514496435035,0.956397271554127,0.22957719986273478,-1.3265656924226743,-1.216108852854004,-0.6451239966845644,-0.5810160220117815,-1.1078234188139944,0.9436409819008672,3,0
-1.3002807115491706,2,1,-1.013529278392347,0.0876134841591082,5,-1.5756862740979403,1,0.743453555365431,0.3796721288811475,-0.9686946078410421,2,1.1532535902386967,1,-1.3215209491200695,0.5272972542088118,-0.745618694910472,-1.5471474261915186,-0.6589728319256667,0.24198831185855807,-0.5487503051991608,-0.6201892226844657,-1.0778621289498782,-0.6561696555684865,-0.6216307944711459,-0.6835058984856107,-0.5951514496435035,0.1427954259612064,0.1607662011002754,-1.3265656924226743,-1.216108852854004,-0.6451239966845644,-0.5810160220117815,-1.1078234188139944,1.9969076815168694,4,1
-1.1909696829561658,2,1,-0.2752299527051567,0.0876134841591082,4,0.2546249253678617,1,1.6783773645215088,1.7855109940078144,-0.9686946078410421,2,-1.5679065665042957,2,1.301956694830435,-1.0742047368799348,-0.9054407248781584,-0.5381382351970498,1.1914379855160337,-0.9320143892374165,-0.41974615540821786,-0.6201892226844657,0.33809616377248186,-0.001336394410526465,0.7713528455785257,-0.6835058984856107,0.8059898555710231,-1.4844082652246349,0.41526570387613615,0.4421885641408914,0.8222948115649081,1.5500896031448563,-0.5810160220117815,0.9026709338484401,-0.10962571771513507,2,0
-0.8630365971771515,2,0,0.9552689234401607,0.0876134841591082,4,-0.6605306743650393,1,-0.7327419327757442,-1.0261667362455194,0.8338130801669732,1,-1.5679065665042957,2,-0.6386325432725577,-0.6738292391077482,0.6128685598148629,-0.5381382351970498,-1.584178240646517,-0.9320143892374165,-0.1617378558263319,0.1557070814399298,-1.0778621289498782,0.48978855145794353,1.3285463015983943,-0.6835058984856107,1.3664463776568336,-0.6708064196317143,-0.6472570711324277,-1.3265656924226743,-1.216108852854004,-0.6451239966845644,-0.5810160220117815,-1.1078234188139944,1.9969076815168694,4,0
1.3231839746829437,1,1,2.3088176872000097,-0.8880821348855039,1,-1.5756862740979403,1,1.5307578157073911,-1.0261667362455194,-0.06744076383703446,2,-1.5679065665042957,2,1.1801077037067897,0.12692175643662515,-1.2250847848135313,1.4798801467918874,-1.584178240646517,-0.9320143892374165,1.1283036420830979,-0.6201892226844657,0.33809616377248186,-0.49246134027899646,-0.3430340664612116,-0.37234031447388954,-0.31492318860059826,1.7699991171470477,-1.536740422782454,-0.4421885641408914,-1.216108852854004,-0.6451239966845644,-0.5810160220117815,0.9026709338484401,-0.10962571771513507,2,1
-0.8630365971771515,1,1,0.5861192605965654,-1.863777753930116,4,0.2546249253678617,0,0.8910731041795485,0.3796721288811475,0.8338130801669732,0,1.1532535902386967,2,1.2110267095282454,-1.0742047368799348,-0.2661526050074126,-0.5381382351970498,-1.584178240646517,-0.9320143892374165,-0.29074200561727487,-1.3960855268088614,0.33809616377248186,0.16237192087896354,0.7713528455785257,1.4946531895964377,0.8059898555710231,0.956397271554127,0.3940152483759649,-0.4421885641408914,-1.216108852854004,-0.6451239966845644,-0.5810160220117815,-1.1078234188139944,-1.1628924173311372,3,0
1.8697391176479676,2,1,-1.013529278392347,0.0876134841591082,3,1.1697805251007627,0,-0.5851223839616266,0.3796721288811475,1.7350669241709809,5,1.1532535902386967,2,-1.2172395749404328,1.3280482497531851,0.29322449987949,1.4798801467918874,1.1914379855160337,-0.9320143892374165,2.289340990201585,0.1557070814399298,-1.0778621289498782,2.1268717043528436,0.7713528455785257,3.0504811096550437,0.8059898555710231,0.956397271554127,0.3945212116021594,0.4421885641408914,0.8222948115649081,1.5500896031448563,-0.5810160220117815,-1.1078234188139944,-1.1628924173311372,2,0
2.3069832320199866,2,1,-1.013529278392347,0.0876134841591082,3,1.1697805251007627,0,0.4974209740085685,0.3796721288811475,2.6363207681749885,5,-1.5679065665042957,1,1.1444103060765638,0.12692175643662515,1.0923346497179223,1.4798801467918874,0.26623257679518353,0.24198831185855807,2.6763534395744135,0.1557070814399298,0.33809616377248186,0.32608023616845355,1.04994957358846,-0.37234031447388954,0.24553333348521242,-0.6708064196317143,-0.5167185587742327,0.4421885641408914,0.8222948115649081,-0.6451239966845644,1.7211229331292395,0.9026709338484401,-0.10962571771513507,2,0
1.9790501462409722,2,1,-1.013529278392347,1.0633091032037203,3,-0.6605306743650393,1,0.743453555365431,1.7855109940078144,1.7350669241709809,5,1.1532535902386967,0,-0.26690176873733057,-0.2734537413355615,-0.745618694910472,-0.5381382351970498,1.1914379855160337,1.4159910129545328,2.5473492897834706,0.9316033855643254,1.754054456494842,-0.001336394410526465,0.7713528455785257,-0.6835058984856107,-1.1556079717293142,0.1427954259612064,1.8876186921022888,0.4421885641408914,0.8222948115649081,-0.6451239966845644,-0.5810160220117815,-1.1078234188139944,-1.1628924173311372,2,0
-0.0978593970261182,2,2,-0.7674295031632836,1.0633091032037203,2,-1.5756862740979403,0,1.6291708482501361,0.3796721288811475,-0.06744076383703446,7,-0.6608531809232983,2,0.9064745021869081,0.12692175643662515,-0.6657076799266287,0.47087095579741883,1.1914379855160337,-0.9320143892374165,0.483282893128383,0.1557070814399298,0.33809616377248186,-0.3287530249895065,-0.06443733845127728,-0.6835058984856107,-0.875379710686409,0.1427954259612064,0.6055078769252885,0.4421885641408914,0.8222948115649081,1.5500896031448563,1.7211229331292395,0.9026709338484401,-1.1628924173311372,2,0
-0.6444145399911421,1,2,-1.013529278392347,1.0633091032037203,1,-0.6605306743650393,0,-0.7819484490471167,-2.432005601372186,-0.9686946078410421,8,0.24620020465769926,2,0.258721330227414,-0.6738292391077482,-0.8255297098943152,-0.5381382351970498,-0.6589728319256667,-0.9320143892374165,-1.3227752039448188,0.1557070814399298,0.33809616377248186,-0.9835862861474665,-1.1788242504910145,-0.6835058984856107,-1.1556079717293142,-1.4844082652246349,1.1377811908819595,-0.4421885641408914,0.8222948115649081,-0.6451239966845644,-0.5810160220117815,-1.1078234188139944,-1.1628924173311372,2,1
-0.7537255685841467,2,2,-0.2752299527051567,1.0633091032037203,2,1.1697805251007627,0,0.349801425194451,0.3796721288811475,-0.06744076383703446,7,-1.5679065665042957,0,-0.218134064100762,1.7284237475253719,1.2521566796856087,0.47087095579741883,-0.6589728319256667,1.4159910129545328,-0.41974615540821786,0.1557070814399298,0.33809616377248186,-0.6561696555684865,-0.6216307944711459,-0.6835058984856107,-0.5951514496435035,-0.6708064196317143,0.038829063587387844,-0.4421885641408914,0.8222948115649081,-0.6451239966845644,-0.5810160220117815,0.9026709338484401,-0.10962571771513507,2,0
-0.6444145399911421,2,1,-0.15218006509062498,2.0390047222483325,1,-1.5756862740979403,0,1.333931750621901,0.3796721288811475,1.7350669241709809,5,-0.6608531809232983,2,-0.7682112858515668,0.12692175643662515,-0.5857966649427855,-1.5471474261915186,0.26623257679518353,-0.9320143892374165,-0.29074200561727487,0.1557070814399298,1.754054456494842,-0.6561696555684865,-0.6216307944711459,-0.37234031447388954,-1.1556079717293142,-0.6708064196317143,0.4405638651858639,-0.4421885641408914,0.8222948115649081,-0.6451239966845644,-0.5810160220117815,0.9026709338484401,-0.10962571771513507,2,0
-0.3164814542121277,1,1,-1.013529278392347,1.0633091032037203,4,1.1697805251007627,1,1.235518718079156,0.3796721288811475,-0.9686946078410421,6,-1.5679065665042957,0,0.8391553940574662,0.9276727519809984,1.3320676946694519,0.47087095579741883,0.26623257679518353,1.4159910129545328,-0.1617378558263319,-0.6201892226844657,0.33809616377248186,-0.49246134027899646,-0.3430340664612116,-0.37234031447388954,-0.31492318860059826,-0.6708064196317143,0.7244092350810087,-1.3265656924226743,-1.216108852854004,-0.6451239966845644,-0.5810160220117815,-1.1078234188139944,-0.10962571771513507,3,0
-0.6444145399911421,2,1,-0.15218006509062498,0.0876134841591082,1,-1.5756862740979403,0,-1.5692527093890767,-1.0261667362455194,-0.9686946078410421,6,-0.6608531809232983,2,1.117145364579462,-0.6738292391077482,0.5329575448310196,-0.5381382351970498,0.26623257679518353,-0.9320143892374165,-1.3227752039448188,0.1557070814399298,1.754054456494842,-0.9835862861474665,-1.1788242504910145,-0.6835058984856107,-1.1556079717293142,-0.6708064196317143,-1.1648574515294565,-0.4421885641408914,0.8222948115649081,-0.6451239966845644,-0.5810160220117815,0.9026709338484401,-1.1628924173311372,2,1
-1.081658654363161,2,1,0.21696959775297023,-1.863777753930116,1,-0.6605306743650393,1,1.235518718079156,0.3796721288811475,-0.9686946078410421,2,-1.5679065665042957,1,-0.9323630985763854,-1.0742047368799348,-0.9054407248781584,-0.5381382351970498,-0.6589728319256667,-0.9320143892374165,-0.6777544549901038,0.1557070814399298,1.754054456494842,-0.3287530249895065,-1.1788242504910145,-0.37234031447388954,-0.03469492755769292,0.1427954259612064,0.1374918926953259,0.4421885641408914,0.8222948115649081,-0.6451239966845644,1.7211229331292395,0.9026709338484401,0.9436409819008672,3,0
-0.0978593970261182,2,1,-0.6443796155487519,1.0633091032037203,1,-1.5756862740979403,1,-1.4216331605749593,-1.0261667362455194,-0.06744076383703446,2,1.1532535902386967,2,1.1652103645382703,-0.6738292391077482,1.0124236347340791,0.47087095579741883,0.26623257679518353,-0.9320143892374165,-0.1617378558263319,-0.6201892226844657,-1.0778621289498782,0.48978855145794353,-0.06443733845127728,-0.37234031447388954,1.0862181166139284,0.1427954259612064,0.29585838249422136,1.3265656924226743,0.8222948115649081,1.5500896031448563,-0.5810160220117815,0.9026709338484401,-0.10962571771513507,2,0
-0.0978593970261182,2,2,0.832219035825629,1.0633091032037203,2,0.2546249253678617,0,1.5799643319787637,-1.0261667362455194,-0.06744076383703446,7,-1.5679065665042957,1,-0.11511755834109415,0.5272972542088118,-0.026419560055882932,-0.5381382351970498,-1.584178240646517,1.4159910129545328,-0.032733706035388915,0.1557070814399298,-1.0778621289498782,-0.6561696555684865,-0.6216307944711459,-0.6835058984856107,-0.5951514496435035,0.1427954259612064,-0.10284063974708733,-1.3265656924226743,-1.216108852854004,-0.6451239966845644,-0.5810160220117815,0.9026709338484401,1.9969076815168694,4,0
1.104561917496934,2,1,-1.013529278392347,0.0876134841591082,5,-1.5756862740979403,1,0.3990079414658235,0.3796721288811475,-0.9686946078410421,6,1.1532535902386967,1,-0.5773566953718549,1.7284237475253719,-0.4259746349750991,-0.5381382351970498,0.26623257679518353,0.24198831185855807,0.741291192710269,-0.6201892226844657,-1.0778621289498782,-0.16504470970001647,0.21415938955865704,-0.37234031447388954,-0.5951514496435035,-0.6708064196317143,0.21996389856503823,-0.4421885641408914,-1.216108852854004,-0.6451239966845644,-0.5810160220117815,-1.1078234188139944,-0.10962571771513507,3,0
-1.3002807115491706,2,2,-0.02913017747609325,-0.8880821348855039,1,-1.5756862740979403,1,0.10376884383758846,-1.0261667362455194,-0.9686946078410421,8,-1.5679065665042957,1,0.12211554087080126,0.12692175643662515,-0.5857966649427855,-0.5381382351970498,-1.584178240646517,-0.9320143892374165,-0.6777544549901038,-0.6201892226844657,0.33809616377248186,-0.6561696555684865,-0.6216307944711459,-0.061174730462168335,-0.5951514496435035,0.1427954259612064,-1.3996243884837298,-0.4421885641408914,-1.216108852854004,-0.6451239966845644,-0.5810160220117815,-1.1078234188139944,-0.10962571771513507,4,1
0.01145163156688656,0,1,-0.5213297279342202,-0.8880821348855039,5,0.2546249253678617,1,0.8910731041795485,1.7855109940078144,-0.9686946078410421,2,0.24620020465769926,2,1.5680006858305051,-1.0742047368799348,-0.4259746349750991,0.47087095579741883,-1.584178240646517,-0.9320143892374165,-0.5487503051991608,-0.6201892226844657,-2.4938204216722384,-0.16504470970001647,0.21415938955865704,-0.37234031447388954,-0.31492318860059826,0.1427954259612064,0.32672213929208915,-1.3265656924226743,0.8222948115649081,-0.6451239966845644,-0.5810160220117815,-1.1078234188139944,-0.10962571771513507,3,0
2.088361174833977,2,1,-1.013529278392347,-0.8880821348855039,1,-1.5756862740979403,0,1.1863122018077836,0.3796721288811475,-0.9686946078410421,6,-1.5679065665042957,1,-0.5367403649973064,-0.2734537413355615,1.7316227695886681,1.4798801467918874,1.1914379855160337,0.24198831185855807,-0.8067586047810468,0.1557070814399298,1.754054456494842,-0.6561696555684865,-0.6216307944711459,-0.37234031447388954,-1.1556079717293142,-0.6708064196317143,-0.5996965278701396,-0.4421885641408914,0.8222948115649081,-0.6451239966845644,-0.5810160220117815,0.9026709338484401,-1.1628924173311372,2,0
1.104561917496934,2,1,-0.8904793907778153,1.0633091032037203,3,-1.5756862740979403,0,0.7926600716368035,0.3796721288811475,1.7350669241709809,5,0.24620020465769926,1,1.7412876593662083,0.12692175643662515,1.3320676946694519,1.4798801467918874,-0.6589728319256667,1.4159910129545328,1.9023285408287558,-0.6201892226844657,1.754054456494842,2.1268717043528436,3.557320125677869,0.8723220215729953,0.5257615945281178,0.1427954259612064,0.8291436229032815,0.4421885641408914,0.8222948115649081,-0.6451239966845644,-0.5810160220117815,0.9026709338484401,0.9436409819008672,3,0
-1.4095917401421754,2,2,-0.6443796155487519,-1.863777753930116,3,1.1697805251007627,0,-1.1756005792180968,0.3796721288811475,-0.06744076383703446,7,0.24620020465769926,1,0.12619122800181132,-0.6738292391077482,-0.9853517398620016,-1.5471474261915186,0.26623257679518353,1.4159910129545328,-0.8067586047810468,0.1557070814399298,0.33809616377248186,-0.3287530249895065,-0.06443733845127728,-0.6835058984856107,-0.31492318860059826,-0.6708064196317143,-0.986252432682779,-0.4421885641408914,-1.216108852854004,-0.6451239966845644,-0.5810160220117815,-1.1078234188139944,0.9436409819008672,3,0
-0.5351035113981373,2,2,-0.2752299527051567,2.0390047222483325,2,1.1697805251007627,1,1.5307578157073911,0.3796721288811475,-0.06744076383703446,7,1.1532535902386967,1,1.2690701159112505,0.5272972542088118,-0.4259746349750991,-0.5381382351970498,0.26623257679518353,0.24198831185855807,-0.5487503051991608,0.1557070814399298,-1.0778621289498782,-0.49246134027899646,-0.3430340664612116,-0.6835058984856107,-0.31492318860059826,0.1427954259612064,2.2863177143435975,1.3265656924226743,0.8222948115649081,1.5500896031448563,1.7211229331292395,0.9026709338484401,-0.10962571771513507,2,0
-0.3164814542121277,2,1,-1.013529278392347,0.0876134841591082,1,1.1697805251007627,0,0.9894861367222936,-1.0261667362455194,-0.9686946078410421,2,-0.6608531809232983,1,-1.4904511536536584,0.9276727519809984,-0.5058856499589423,-0.5381382351970498,-1.584178240646517,0.24198831185855807,-0.5487503051991608,-0.6201892226844657,-1.0778621289498782,-0.3287530249895065,-0.06443733845127728,-0.6835058984856107,-0.5951514496435035,-0.6708064196317143,-0.24552226953395162,-1.3265656924226743,0.8222948115649081,-0.6451239966845644,-0.5810160220117815,-1.1078234188139944,-0.10962571771513507,3,1
0.4486957459389056,2,1,-0.5213297279342202,2.0390047222483325,3,-0.6605306743650393,1,1.1863122018077836,1.7855109940078144,-0.9686946078410421,6,0.24620020465769926,1,-1.2300288000756714,-0.2734537413355615,-1.0652627548458449,-1.5471474261915186,-1.584178240646517,-0.9320143892374165,-0.5487503051991608,1.707499689688721,-1.0778621289498782,-0.49246134027899646,-0.6216307944711459,-0.6835058984856107,-0.31492318860059826,0.1427954259612064,0.6055078769252885,-0.4421885641408914,-1.216108852854004,-0.6451239966845644,-0.5810160220117815,-1.1078234188139944,0.9436409819008672,3,0
0.33938471734590087,0,1,-0.02913017747609325,1.0633091032037203,4,0.2546249253678617,1,0.743453555365431,0.3796721288811475,-0.06744076383703446,2,0.24620020465769926,0,1.2347781276365453,0.12692175643662515,-1.2250847848135313,-1.5471474261915186,0.26623257679518353,1.4159910129545328,-0.032733706035388915,-0.6201892226844657,1.754054456494842,0.16237192087896354,0.7713528455785257,-0.6835058984856107,0.8059898555710231,-0.6708064196317143,-1.453762453686547,0.4421885641408914,0.8222948115649081,1.5500896031448563,1.7211229331292395,0.9026709338484401,-0.10962571771513507,1,0
-0.6444145399911421,2,2,-0.15218006509062498,-0.8880821348855039,1,-1.5756862740979403,1,-1.7168722582031943,0.3796721288811475,0.8338130801669732,7,1.1532535902386967,0,-0.8330006571410715,-0.6738292391077482,-0.9054407248781584,0.47087095579741883,-1.584178240646517,0.24198831185855807,0.22527459354649704,1.707499689688721,0.33809616377248186,0.9809134973264135,0.7713528455785257,2.11698435761988,1.3664463776568336,0.956397271554127,-1.4087317265552317,1.3265656924226743,0.8222948115649081,-0.6451239966845644,-0.5810160220117815,0.9026709338484401,-1.1628924173311372,2,0
0.9952508889039294,2,2,-0.02913017747609325,0.0876134841591082,2,-1.5756862740979403,1,-0.6835354165043717,0.3796721288811475,0.8338130801669732,7,1.1532535902386967,0,0.23511045305466613,0.5272972542088118,-1.0652627548458449,-1.5471474261915186,-1.584178240646517,0.24198831185855807,2.160336840410642,-1.3960855268088614,1.754054456494842,-0.001336394410526465,0.7713528455785257,0.5611564375612741,-0.31492318860059826,0.956397271554127,-0.7034189892400232,1.3265656924226743,0.8222948115649081,1.5500896031448563,-0.5810160220117815,0.9026709338484401,-1.1628924173311372,1,1
0.23007368875289608,0,1,-0.8904793907778153,0.0876134841591082,1,-1.5756862740979403,0,-0.5851223839616266,-1.0261667362455194,-0.9686946078410421,2,-1.5679065665042957,2,0.40305687103939064,-0.2734537413355615,1.9713558145401977,0.47087095579741883,-0.6589728319256667,-0.9320143892374165,-0.032733706035388915,-0.6201892226844657,1.754054456494842,-0.9835862861474665,-1.1788242504910145,-0.6835058984856107,-1.1556079717293142,-0.6708064196317143,-1.4815904311272474,-0.4421885641408914,0.8222948115649081,-0.6451239966845644,-0.5810160220117815,-1.1078234188139944,-0.10962571771513507,3,1
-0.6444145399911421,1,1,-1.013529278392347,2.0390047222483325,1,0.2546249253678617,0,1.6783773645215088,1.7855109940078144,0.8338130801669732,4,-0.6608531809232983,2,-0.7564058472651929,-0.6738292391077482,-1.1451737698296882,-1.5471474261915186,-1.584178240646517,-0.9320143892374165,-0.1617378558263319,-0.6201892226844657,0.33809616377248186,0.48978855145794353,1.04994957358846,0.5611564375612741,0.8059898555710231,-0.6708064196317143,0.4830647761862064,-1.3265656924226743,-1.216108852854004,-0.6451239966845644,-0.5810160220117815,-1.1078234188139944,0.9436409819008672,3,0
0.8859398603109246,2,1,1.3244185862837559,0.0876134841591082,3,-0.6605306743650393,1,1.432344783164646,-2.432005601372186,0.8338130801669732,0,-1.5679065665042957,0,0.7799876601900444,-0.2734537413355615,-0.5058856499589423,1.4798801467918874,-0.6589728319256667,0.24198831185855807,1.6443202412468698,-0.6201892226844657,0.33809616377248186,-0.001336394410526465,0.7713528455785257,-0.6835058984856107,0.8059898555710231,0.956397271554127,1.1873655870490258,-0.4421885641408914,-1.216108852854004,-0.6451239966845644,-0.5810160220117815,0.9026709338484401,0.9436409819008672,3,0
-0.6444145399911421,2,0,-0.15218006509062498,-0.8880821348855039,3,1.1697805251007627,0,1.4815512994360187,1.7855109940078144,-0.9686946078410421,1,-0.6608531809232983,2,1.446994940320172,2.529174743069745,0.13340246991180352,0.47087095579741883,1.1914379855160337,-0.9320143892374165,-0.41974615540821786,0.1557070814399298,0.33809616377248186,-0.6561696555684865,-0.6216307944711459,-0.6835058984856107,-0.5951514496435035,-0.6708064196317143,-0.4701699419643337,0.4421885641408914,0.8222948115649081,1.5500896031448563,-0.5810160220117815,0.9026709338484401,-1.1628924173311372,2,1
-0.6444145399911421,1,1,-0.8904793907778153,0.0876134841591082,1,-0.6605306743650393,1,1.3831382668932737,0.3796721288811475,-0.9686946078410421,2,1.1532535902386967,1,0.9511665196924666,1.3280482497531851,1.0923346497179223,-0.5381382351970498,0.26623257679518353,0.24198831185855807,-0.5487503051991608,-0.6201892226844657,-2.4938204216722384,-0.8198779708579764,-0.6216307944711459,-0.061174730462168335,-0.5951514496435035,-0.6708064196317143,-0.3730250025349793,-1.3265656924226743,-1.216108852854004,-0.6451239966845644,-0.5810160220117815,-1.1078234188139944,0.9436409819008672,5,1
0.8859398603109246,2,1,2.4318675748145413,0.0876134841591082,5,-0.6605306743650393,1,-0.5359158676902541,0.3796721288811475,0.8338130801669732,4,1.1532535902386967,1,0.05718562864574458,0.5272972542088118,1.0923346497179223,-0.5381382351970498,1.1914379855160337,1.4159910129545328,-0.1617378558263319,0.9316033855643254,1.754054456494842,-0.6561696555684865,-0.9002275224810803,-0.37234031447388954,-0.5951514496435035,0.956397271554127,-1.1157790185885847,-1.3265656924226743,-1.216108852854004,-0.6451239966845644,-0.5810160220117815,-1.1078234188139944,-1.1628924173311372,3,0
1.213872946089939,2,2,-0.2752299527051567,0.0876134841591082,2,0.2546249253678617,1,1.4815512994360187,0.3796721288811475,-0.06744076383703446,7,-1.5679065665042957,0,1.4731355543328573,0.5272972542088118,1.0923346497179223,-1.5471474261915186,-1.584178240646517,2.5899937140505074,0.483282893128383,0.1557070814399298,0.33809616377248186,-0.8198779708579764,-0.6216307944711459,-0.061174730462168335,-0.5951514496435035,-0.6708064196317143,-0.8810120816343117,0.4421885641408914,0.8222948115649081,-0.6451239966845644,-0.5810160220117815,0.9026709338484401,-1.1628924173311372,2,0
-0.3164814542121277,2,0,-0.02913017747609325,1.0633091032037203,5,-1.5756862740979403,0,-0.6835354165043717,0.3796721288811475,-0.9686946078410421,1,0.24620020465769926,1,-1.5798351886647755,-0.6738292391077482,-0.745618694910472,-0.5381382351970498,1.1914379855160337,-0.9320143892374165,-1.1937710541538757,-2.171981830933257,0.33809616377248186,-0.8198779708579764,-0.6216307944711459,-0.061174730462168335,-0.5951514496435035,-1.4844082652246349,-1.7032023242004624,-0.4421885641408914,0.8222948115649081,-0.6451239966845644,-0.5810160220117815,0.9026709338484401,-1.1628924173311372,2,1
0.33938471734590087,0,1,-0.15218006509062498,-1.863777753930116,3,1.1697805251007627,1,-0.5359158676902541,-1.0261667362455194,0.8338130801669732,5,-0.6608531809232983,0,1.5269627326493003,-0.2734537413355615,-0.4259746349750991,-1.5471474261915186,0.26623257679518353,0.24198831185855807,0.612287042919326,1.707499689688721,0.33809616377248186,0.32608023616845355,1.04994957358846,0.5611564375612741,1.0862181166139284,-2.2980101108175557,-0.12156127911628584,1.3265656924226743,0.8222948115649081,1.5500896031448563,1.7211229331292395,0.9026709338484401,-1.1628924173311372,1,0
-0.9723476257701563,2,2,-0.5213297279342202,0.0876134841591082,3,1.1697805251007627,1,0.8910731041795485,0.3796721288811475,-0.06744076383703446,7,-1.5679065665042957,2,1.2897296334374049,-1.0742047368799348,-0.18624159002356938,0.47087095579741883,1.1914379855160337,-0.9320143892374165,-0.6777544549901038,0.9316033855643254,0.33809616377248186,-0.3287530249895065,-0.06443733845127728,-0.37234031447388954,-0.31492318860059826,-0.6708064196317143,1.896726030173791,-0.4421885641408914,0.8222948115649081,-0.6451239966845644,-0.5810160220117815,-1.1078234188139944,-0.10962571771513507,3,0
0.7766288317179199,0,1,-0.5213297279342202,0.0876134841591082,1,0.2546249253678617,1,1.1863122018077836,-1.0261667362455194,-0.9686946078410421,2,0.24620020465769926,2,-0.8910440635240767,0.12692175643662515,-0.5857966649427855,0.47087095579741883,1.1914379855160337,-0.9320143892374165,-0.5487503051991608,1.707499689688721,0.33809616377248186,-0.3287530249895065,-0.6216307944711459,-0.6835058984856107,-0.31492318860059826,0.1427954259612064,1.8658622733759231,1.3265656924226743,0.8222948115649081,1.5500896031448563,1.7211229331292395,0.9026709338484401,-1.1628924173311372,1,0
1.7604280890549628,2,1,-0.8904793907778153,0.0876134841591082,3,1.1697805251007627,1,-1.3232201280322142,1.7855109940078144,1.7350669241709809,5,-0.6608531809232983,2,0.7660741075703894,0.5272972542088118,0.0534914549279603,-0.5381382351970498,-0.6589728319256667,-0.9320143892374165,3.0633658889472426,-0.6201892226844657,-1.0778621289498782,0.32608023616845355,1.04994957358846,1.8058187736081588,1.0862181166139284,-1.4844082652246349,-1.2341744135181105,-1.3265656924226743,-1.216108852854004,-0.6451239966845644,-0.5810160220117815,-1.1078234188139944,-0.10962571771513507,3,0
1.3231839746829437,2,1,-0.5213297279342202,1.0633091032037203,5,-1.5756862740979403,1,1.4815512994360187,0.3796721288811475,-0.06744076383703446,0,0.24620020465769926,1,1.0148315634975547,-0.2734537413355615,-1.2250847848135313,0.47087095579741883,-0.6589728319256667,0.24198831185855807,1.1283036420830979,-2.171981830933257,-1.0778621289498782,-0.6561696555684865,-0.6216307944711459,-0.37234031447388954,-0.5951514496435035,0.956397271554127,-0.5465703891197113,-1.3265656924226743,-1.216108852854004,-0.6451239966845644,-0.5810160220117815,-1.1078234188139944,1.9969076815168694,4,0
0.33938471734590087,2,1,-0.8904793907778153,0.0876134841591082,3,0.2546249253678617,1,0.10376884383758846,0.3796721288811475,-0.9686946078410421,6,0.24620020465769926,0,-0.8809251161643276,-0.2734537413355615,1.2521566796856087,-0.5381382351970498,0.26623257679518353,0.24198831185855807,-0.41974615540821786,0.1557070814399298,1.754054456494842,-0.6561696555684865,-0.9002275224810803,-0.37234031447388954,-0.5951514496435035,-0.6708064196317143,-0.2920708863438506,0.4421885641408914,0.8222948115649081,-0.6451239966845644,-0.5810160220117815,0.9026709338484401,-0.10962571771513507,2,0
0.7766288317179199,2,1,1.3244185862837559,0.0876134841591082,1,1.1697805251007627,1,-0.8311549653184892,0.3796721288811475,-0.9686946078410421,6,-0.6608531809232983,2,0.961988171729976,-0.6738292391077482,-0.745618694910472,-0.5381382351970498,0.26623257679518353,-0.9320143892374165,-0.6777544549901038,0.1557070814399298,-1.0778621289498782,-0.3287530249895065,-0.6216307944711459,-0.37234031447388954,-0.31492318860059826,0.956397271554127,-0.9245249190870434,-1.3265656924226743,-1.216108852854004,-0.6451239966845644,1.7211229331292395,-1.1078234188139944,-1.1628924173311372,4,0
-0.4257924828051325,1,2,-0.2752299527051567,0.0876134841591082,3,1.1697805251007627,1,-0.5851223839616266,0.3796721288811475,-0.06744076383703446,7,-1.5679065665042957,1,0.44170562831621013,-1.0742047368799348,-0.2661526050074126,-0.5381382351970498,-1.584178240646517,1.4159910129545328,-0.8067586047810468,-0.6201892226844657,0.33809616377248186,-0.49246134027899646,-0.3430340664612116,-0.6835058984856107,-0.31492318860059826,-1.4844082652246349,-0.40085297997567976,-0.4421885641408914,-1.216108852854004,-0.6451239966845644,-0.5810160220117815,-1.1078234188139944,0.9436409819008672,3,0
-0.3164814542121277,2,2,-0.7674295031632836,0.0876134841591082,4,1.1697805251007627,1,0.743453555365431,-2.432005601372186,-0.06744076383703446,7,-1.5679065665042957,2,0.2217590641772194,0.12692175643662515,0.37313551486333324,0.47087095579741883,1.1914379855160337,-0.9320143892374165,0.483282893128383,-0.6201892226844657,0.33809616377248186,0.9809134973264135,1.3285463015983943,0.24999085354955286,2.2071311607855497,-0.6708064196317143,-0.0800722945683324,1.3265656924226743,0.8222948115649081,1.5500896031448563,1.7211229331292395,0.9026709338484401,-1.1628924173311372,2,0
-0.7537255685841467,2,2,0.832219035825629,-1.863777753930116,1,1.1697805251007627,1,1.4815512994360187,0.3796721288811475,-0.06744076383703446,7,0.24620020465769926,1,-1.5985271330932007,2.1287992452975586,0.0534914549279603,-0.5381382351970498,0.26623257679518353,1.4159910129545328,-0.9357627545719898,-0.6201892226844657,-1.0778621289498782,-0.8198779708579764,-0.9002275224810803,-0.061174730462168335,-0.5951514496435035,1.7699991171470477,-0.2667727250341229,0.4421885641408914,0.8222948115649081,1.5500896031448563,-0.5810160220117815,0.9026709338484401,-1.1628924173311372,3,0
0.5580067745319104,1,1,-0.02913017747609325,-0.8880821348855039,3,-1.5756862740979403,0,0.3990079414658235,0.3796721288811475,-0.9686946078410421,2,1.1532535902386967,2,0.3014457746352435,-0.6738292391077482,0.6927795747987061,-0.5381382351970498,0.26623257679518353,-0.9320143892374165,0.09627044375555406,0.1557070814399298,0.33809616377248186,0.8172051820369235,1.3285463015983943,0.8723220215729953,1.0862181166139284,0.1427954259612064,-0.5258258968457347,0.4421885641408914,-1.216108852854004,-0.6451239966845644,-0.5810160220117815,0.9026709338484401,0.9436409819008672,3,0
0.7766288317179199,1,2,-1.013529278392347,2.0390047222483325,2,-1.5756862740979403,0,0.645040522822686,0.3796721288811475,-0.06744076383703446,7,0.24620020465769926,1,-0.707075978886416,1.7284237475253719,-0.6657076799266287,0.47087095579741883,0.26623257679518353,0.24198831185855807,-0.032733706035388915,0.9316033855643254,-1.0778621289498782,-0.9835862861474665,-1.1788242504910145,-0.6835058984856107,-1.1556079717293142,0.1427954259612064,0.20023133274345062,-0.4421885641408914,-1.216108852854004,-0.6451239966845644,-0.5810160220117815,-1.1078234188139944,0.9436409819008672,3,0
-1.081658654363161,0,1,-0.39827984031968844,0.0876134841591082,4,0.2546249253678617,1,-0.09305722124790157,0.3796721288811475,-0.9686946078410421,2,0.24620020465769926,0,-1.0064281716123267,-1.0742047368799348,-0.2661526050074126,-0.5381382351970498,-0.6589728319256667,1.4159910129545328,-0.29074200561727487,-0.6201892226844657,-1.0778621289498782,0.16237192087896354,1.04994957358846,1.8058187736081588,1.0862181166139284,0.1427954259612064,-0.5789520355961628,1.3265656924226743,0.8222948115649081,1.5500896031448563,1.7211229331292395,0.9026709338484401,-1.1628924173311372,1,1
2.1976722034269818,2,1,-1.013529278392347,-0.8880821348855039,1,-0.6605306743650393,1,1.333931750621901,1.7855109940078144,-0.06744076383703446,6,0.24620020465769926,1,-1.6291650570435523,-1.0742047368799348,1.8115337845725112,1.4798801467918874,-1.584178240646517,0.24198831185855807,0.22527459354649704,-0.6201892226844657,-1.0778621289498782,0.8172051820369235,1.3285463015983943,-0.061174730462168335,1.0862181166139284,0.956397271554127,-0.21718832886705658,0.4421885641408914,0.8222948115649081,-0.6451239966845644,-0.5810160220117815,0.9026709338484401,-0.10962571771513507,3,0
1.3231839746829437,2,1,-0.2752299527051567,1.0633091032037203,1,0.2546249253678617,1,-1.5200461931177043,0.3796721288811475,0.8338130801669732,0,-0.6608531809232983,0,0.9324745752640411,0.12692175643662515,-0.6657076799266287,0.47087095579741883,-0.6589728319256667,1.4159910129545328,2.289340990201585,0.1557070814399298,0.33809616377248186,0.16237192087896354,0.7713528455785257,-0.6835058984856107,0.8059898555710231,-1.4844082652246349,1.054297258559858,-0.4421885641408914,0.8222948115649081,-0.6451239966845644,-0.5810160220117815,-1.1078234188139944,0.9436409819008672,3,0
-0.3164814542121277,1,1,0.7091691482110972,0.0876134841591082,3,-0.6605306743650393,1,0.251388392651706,0.3796721288811475,1.7350669241709809,5,-1.5679065665042957,0,-0.3350641224800849,1.7284237475253719,1.4918897246371383,0.47087095579741883,1.1914379855160337,1.4159910129545328,0.612287042919326,0.1557070814399298,-1.0778621289498782,1.1446218126159036,1.04994957358846,1.1834876055847166,1.3664463776568336,0.1427954259612064,-0.137246139128317,-1.3265656924226743,-1.216108852854004,-0.6451239966845644,-0.5810160220117815,-1.1078234188139944,-0.10962571771513507,4,0
-0.9723476257701563,1,2,-1.013529278392347,0.0876134841591082,5,-1.5756862740979403,1,1.2847252343505287,0.3796721288811475,-0.9686946078410421,8,0.24620020465769926,1,0.20152116945772122,0.12692175643662515,-0.6657076799266287,0.47087095579741883,1.1914379855160337,0.24198831185855807,-0.8067586047810468,0.1557070814399298,1.754054456494842,-0.6561696555684865,-0.6216307944711459,-0.37234031447388954,-0.5951514496435035,-0.6708064196317143,-0.38769793609462133,1.3265656924226743,0.8222948115649081,-0.6451239966845644,1.7211229331292395,0.9026709338484401,-1.1628924173311372,2,1
-0.8630365971771515,1,2,0.4630693729820337,0.0876134841591082,5,-1.5756862740979403,0,-0.7327419327757442,0.3796721288811475,-0.06744076383703446,7,-0.6608531809232983,2,0.44578131544722016,0.9276727519809984,0.13340246991180352,-1.5471474261915186,-1.584178240646517,-0.9320143892374165,-0.5487503051991608,0.9316033855643254,-2.4938204216722384,-0.3287530249895065,-0.3430340664612116,-0.6835058984856107,-1.1556079717293142,0.956397271554127,-1.0828914088859387,-1.3265656924226743,-1.216108852854004,-0.6451239966845644,-0.5810160220117815,-1.1078234188139944,-1.1628924173311372,4,1
-0.3164814542121277,2,2,1.8166181367418828,1.0633091032037203,3,-1.5756862740979403,0,-1.2740136117608418,-1.0261667362455194,-0.06744076383703446,7,-0.6608531809232983,2,-0.9132495313413038,-1.0742047368799348,-0.5058856499589423,0.47087095579741883,0.26623257679518353,-0.9320143892374165,0.612287042919326,-0.6201892226844657,1.754054456494842,1.3083301279053936,1.3285463015983943,2.4281499416316015,1.646674638699739,0.956397271554127,1.2318903509541466,1.3265656924226743,0.8222948115649081,1.5500896031448563,-0.5810160220117815,0.9026709338484401,-0.10962571771513507,2,1
-0.20717042561912297,2,2,-0.2752299527051567,-1.863777753930116,1,1.1697805251007627,1,0.4974209740085685,0.3796721288811475,-0.9686946078410421,8,0.24620020465769926,1,0.2640618857783927,-0.6738292391077482,-0.9054407248781584,-0.5381382351970498,-1.584178240646517,0.24198831185855807,-1.3227752039448188,0.1557070814399298,0.33809616377248186,-0.9835862861474665,-1.1788242504910145,-0.6835058984856107,-1.1556079717293142,-0.6708064196317143,-0.23995667404581153,0.4421885641408914,0.8222948115649081,-0.6451239966845644,1.7211229331292395,0.9026709338484401,-0.10962571771513507,2,0
-1.4095917401421754,1,1,-0.02913017747609325,0.0876134841591082,3,-0.6605306743650393,1,1.137105685536411,0.3796721288811475,-0.9686946078410421,2,-1.5679065665042957,2,0.3773378798333617,-0.2734537413355615,-0.745618694910472,-1.5471474261915186,0.26623257679518353,-0.9320143892374165,-0.9357627545719898,-0.6201892226844657,-1.0778621289498782,-1.1472946014369565,-1.1788242504910145,-0.6835058984856107,-1.1556079717293142,-2.2980101108175557,-0.08816770618744527,-1.3265656924226743,0.8222948115649081,-0.6451239966845644,-0.5810160220117815,-1.1078234188139944,-0.10962571771513507,3,1
-1.4095917401421754,0,2,0.4630693729820337,-0.8880821348855039,1,1.1697805251007627,0,0.5958340065513135,0.3796721288811475,-0.9686946078410421,8,-0.6608531809232983,1,-1.0133146774543782,-0.6738292391077482,-0.8255297098943152,-0.5381382351970498,0.26623257679518353,0.24198831185855807,-1.3227752039448188,-0.6201892226844657,0.33809616377248186,-0.9835862861474665,-1.1788242504910145,-0.6835058984856107,-1.1556079717293142,0.1427954259612064,0.6763427285925261,1.3265656924226743,0.8222948115649081,1.5500896031448563,1.7211229331292395,0.9026709338484401,-0.10962571771513507,2,0
0.7766288317179199,1,1,-0.8904793907778153,-1.863777753930116,3,-0.6605306743650393,1,0.9894861367222936,0.3796721288811475,0.8338130801669732,4,0.24620020465769926,2,0.7597497654705462,0.9276727519809984,0.7726905897825493,0.47087095579741883,-0.6589728319256667,-0.9320143892374165,0.612287042919326,-0.6201892226844657,-1.0778621289498782,-0.8198779708579764,-0.6216307944711459,-0.061174730462168335,-0.5951514496435035,-0.6708064196317143,1.0092665314285427,-1.3265656924226743,-1.216108852854004,-0.6451239966845644,-0.5810160220117815,-1.1078234188139944,1.9969076815168694,4,0
-0.8630365971771515,2,2,1.201368698669224,0.0876134841591082,1,0.2546249253678617,1,0.5466274902799411,-1.0261667362455194,-0.06744076383703446,7,0.24620020465769926,0,1.3272540632298078,-0.6738292391077482,-1.0652627548458449,0.47087095579741883,0.26623257679518353,1.4159910129545328,-0.1617378558263319,0.1557070814399298,0.33809616377248186,0.48978855145794353,0.7713528455785257,-0.6835058984856107,-0.03469492755769292,1.7699991171470477,0.6464908982470474,1.3265656924226743,0.8222948115649081,1.5500896031448563,-0.5810160220117815,0.9026709338484401,-0.10962571771513507,1,0
-0.7537255685841467,2,0,-1.013529278392347,0.0876134841591082,1,0.2546249253678617,1,-0.9787745141326066,0.3796721288811475,-0.9686946078410421,1,0.24620020465769926,0,0.15668861101661066,-1.0742047368799348,2.2110888594917273,1.4798801467918874,-1.584178240646517,0.24198831185855807,-0.6777544549901038,0.1557070814399298,1.754054456494842,-0.3287530249895065,-0.3430340664612116,-0.37234031447388954,-0.31492318860059826,0.1427954259612064,-1.7725192861891161,0.4421885641408914,0.8222948115649081,-0.6451239966845644,-0.5810160220117815,-1.1078234188139944,-0.10962571771513507,2,0
1.9790501462409722,2,1,-0.6443796155487519,1.0633091032037203,1,1.1697805251007627,1,-1.7660787744745667,0.3796721288811475,-0.06744076383703446,0,0.24620020465769926,1,0.25717537993634126,-1.0742047368799348,-0.2661526050074126,0.47087095579741883,-0.6589728319256667,-0.9320143892374165,-0.9357627545719898,-0.6201892226844657,0.33809616377248186,-0.6561696555684865,-0.6216307944711459,-0.37234031447388954,-0.5951514496435035,0.1427954259612064,0.30041205152997236,1.3265656924226743,0.8222948115649081,1.5500896031448563,1.7211229331292395,0.9026709338484401,-1.1628924173311372,1,0
-0.4257924828051325,2,1,-0.6443796155487519,1.0633091032037203,3,-1.5756862740979403,0,0.7926600716368035,-1.0261667362455194,-0.9686946078410421,2,-0.6608531809232983,1,-0.8602655986381732,2.1287992452975586,0.5329575448310196,-1.5471474261915186,1.1914379855160337,-0.9320143892374165,-0.41974615540821786,1.707499689688721,0.33809616377248186,-0.3287530249895065,-0.06443733845127728,-0.6835058984856107,-0.5951514496435035,-1.4844082652246349,-0.5172245220004272,0.4421885641408914,0.8222948115649081,-0.6451239966845644,1.7211229331292395,0.9026709338484401,-0.10962571771513507,3,0
1.104561917496934,2,2,0.5861192605965654,0.0876134841591082,3,0.2546249253678617,0,0.5958340065513135,0.3796721288811475,-0.06744076383703446,7,0.24620020465769926,1,1.3895136976793752,0.12692175643662515,-1.0652627548458449,0.47087095579741883,0.26623257679518353,0.24198831185855807,-0.032733706035388915,0.9316033855643254,-1.0778621289498782,-0.3287530249895065,-0.06443733845127728,-0.37234031447388954,-0.5951514496435035,0.1427954259612064,-0.32900620185605306,-0.4421885641408914,-1.216108852854004,-0.6451239966845644,1.7211229331292395,0.9026709338484401,-0.10962571771513507,3,0
-0.9723476257701563,1,1,-0.8904793907778153,-0.8880821348855039,3,0.2546249253678617,1,-1.3724266443035866,-1.0261667362455194,-0.9686946078410421,2,-1.5679065665042957,2,-1.258980232799398,1.7284237475253719,1.8914447995563546,-1.5471474261915186,0.26623257679518353,-0.9320143892374165,-0.41974615540821786,-0.6201892226844657,-1.0778621289498782,-1.1472946014369565,-1.1788242504910145,-0.6835058984856107,-1.1556079717293142,-2.2980101108175557,-1.1982510244582971,-1.3265656924226743,-1.216108852854004,-0.6451239966845644,-0.5810160220117815,-1.1078234188139944,0.9436409819008672,4,1
-0.9723476257701563,2,1,-1.013529278392347,0.0876134841591082,1,-1.5756862740979403,1,0.3005949089230785,-1.0261667362455194,-0.9686946078410421,6,0.24620020465769926,0,-0.25059902021329034,-0.6738292391077482,-0.18624159002356938,0.47087095579741883,1.1914379855160337,0.24198831185855807,-1.3227752039448188,-0.6201892226844657,-2.4938204216722384,-0.9835862861474665,-1.1788242504910145,-0.6835058984856107,-1.1556079717293142,0.956397271554127,0.441575791638253,-1.3265656924226743,-1.216108852854004,-0.6451239966845644,-0.5810160220117815,-1.1078234188139944,0.9436409819008672,3,0
-0.9723476257701563,1,2,-0.2752299527051567,0.0876134841591082,1,0.2546249253678617,1,-0.5359158676902541,0.3796721288811475,-0.06744076383703446,7,-1.5679065665042957,2,-0.34939929790639607,-1.0742047368799348,-0.6657076799266287,0.47087095579741883,1.1914379855160337,-0.9320143892374165,-0.8067586047810468,1.707499689688721,0.33809616377248186,-0.49246134027899646,-0.6216307944711459,-0.37234031447388954,-0.31492318860059826,-0.6708064196317143,-0.902262537134483,-0.4421885641408914,0.8222948115649081,-0.6451239966845644,-0.5810160220117815,-1.1078234188139944,-1.1628924173311372,2,0
1.3231839746829437,2,1,-0.7674295031632836,-0.8880821348855039,3,0.2546249253678617,0,-1.1263940629467242,-1.0261667362455194,-0.06744076383703446,2,-1.5679065665042957,1,1.2307024405055353,0.5272972542088118,-0.9054407248781584,1.4798801467918874,-1.584178240646517,0.24198831185855807,-0.1617378558263319,0.1557070814399298,0.33809616377248186,-0.6561696555684865,-0.6216307944711459,-0.37234031447388954,-0.5951514496435035,0.1427954259612064,-0.846606582253082,1.3265656924226743,0.8222948115649081,1.5500896031448563,1.7211229331292395,0.9026709338484401,1.9969076815168694,1,0
-0.8630365971771515,1,1,-0.8904793907778153,-1.863777753930116,1,1.1697805251007627,0,1.5307578157073911,0.3796721288811475,-0.9686946078410421,2,-0.6608531809232983,1,-1.3555318555236704,-1.0742047368799348,-0.8255297098943152,-0.5381382351970498,0.26623257679518353,2.5899937140505074,-0.9357627545719898,0.1557070814399298,0.33809616377248186,-0.6561696555684865,-0.6216307944711459,-0.6835058984856107,-0.5951514496435035,-0.6708064196317143,-0.7600868705738132,1.3265656924226743,0.8222948115649081,-0.6451239966845644,-0.5810160220117815,0.9026709338484401,-0.10962571771513507,2,1
-0.9723476257701563,2,1,2.4318675748145413,-1.863777753930116,1,0.2546249253678617,1,1.4815512994360187,-2.432005601372186,-0.06744076383703446,4,-0.6608531809232983,1,-1.5656405541740162,-0.6738292391077482,-0.9054407248781584,-0.5381382351970498,-0.6589728319256667,1.4159910129545328,-0.41974615540821786,-0.6201892226844657,-1.0778621289498782,0.16237192087896354,0.4927561175685914,-0.37234031447388954,0.8059898555710231,0.956397271554127,-1.1511964444222036,-1.3265656924226743,-1.216108852854004,-0.6451239966845644,-0.5810160220117815,-1.1078234188139944,0.9436409819008672,4,0
-0.4257924828051325,2,1,-0.15218006509062498,2.0390047222483325,1,1.1697805251007627,1,0.15297536010896096,0.3796721288811475,-0.06744076383703446,0,0.24620020465769926,2,1.087210145306871,-0.2734537413355615,0.6128685598148629,0.47087095579741883,-1.584178240646517,-0.9320143892374165,0.35427874333744,2.4833959938131165,0.33809616377248186,-1.1472946014369565,-1.1788242504910145,-0.6835058984856107,-1.1556079717293142,0.956397271554127,0.4754753277932881,-0.4421885641408914,0.8222948115649081,-0.6451239966845644,-0.5810160220117815,-1.1078234188139944,-1.1628924173311372,2,0
-0.5351035113981373,2,1,0.09391971013843849,0.0876134841591082,3,0.2546249253678617,1,-0.09305722124790157,0.3796721288811475,0.8338130801669732,3,1.1532535902386967,2,0.9499016512724979,-0.2734537413355615,1.3320676946694519,1.4798801467918874,-0.6589728319256667,-0.9320143892374165,-0.1617378558263319,1.707499689688721,1.754054456494842,-0.3287530249895065,-0.6216307944711459,-0.6835058984856107,-1.1556079717293142,1.7699991171470477,0.558453296889195,-1.3265656924226743,-1.216108852854004,-0.6451239966845644,-0.5810160220117815,-1.1078234188139944,0.9436409819008672,3,0
1.8697391176479676,1,1,0.21696959775297023,1.0633091032037203,3,-0.6605306743650393,0,1.038692652993666,0.3796721288811475,1.7350669241709809,3,1.1532535902386967,0,1.4254921771807052,0.12692175643662515,-0.6657076799266287,1.4798801467918874,-1.584178240646517,0.24198831185855807,1.9023285408287558,-0.6201892226844657,0.33809616377248186,1.1446218126159036,1.3285463015983943,-0.37234031447388954,2.2071311607855497,0.956397271554127,0.5417565104247747,-1.3265656924226743,-1.216108852854004,-0.6451239966845644,-0.5810160220117815,-1.1078234188139944,-0.10962571771513507,3,0
-0.8630365971771515,2,1,-1.013529278392347,1.0633091032037203,5,-1.5756862740979403,1,1.6783773645215088,-1.0261667362455194,-0.9686946078410421,6,-1.5679065665042957,2,-0.9479631424226653,1.3280482497531851,-0.34606361999125584,-1.5471474261915186,0.26623257679518353,-0.9320143892374165,-0.032733706035388915,-0.6201892226844657,-2.4938204216722384,0.32608023616845355,0.7713528455785257,-0.6835058984856107,0.8059898555710231,-1.4844082652246349,0.5134225697578797,-1.3265656924226743,0.8222948115649081,-0.6451239966845644,-0.5810160220117815,-1.1078234188139944,0.9436409819008672,3,1
0.7766288317179199,2,1,2.3088176872000097,0.0876134841591082,1,1.1697805251007627,1,-1.6676657419318217,0.3796721288811475,1.7350669241709809,5,-1.5679065665042957,1,1.0907236686956727,0.12692175643662515,-0.9054407248781584,-0.5381382351970498,0.26623257679518353,0.24198831185855807,1.6443202412468698,-1.3960855268088614,1.754054456494842,2.1268717043528436,0.4927561175685914,3.672812277678486,3.6082724660000762,0.1427954259612064,-1.6940949861289603,-0.4421885641408914,-1.216108852854004,-0.6451239966845644,-0.5810160220117815,-1.1078234188139944,1.9969076815168694,4,0
0.23007368875289608,2,1,-0.39827984031968844,0.0876134841591082,1,-0.6605306743650393,0,-1.6676657419318217,0.3796721288811475,0.8338130801669732,4,-0.6608531809232983,2,-0.7256273823792895,0.5272972542088118,-0.026419560055882932,0.47087095579741883,1.1914379855160337,-0.9320143892374165,-0.29074200561727487,0.1557070814399298,0.33809616377248186,-0.8198779708579764,-1.1788242504910145,-0.061174730462168335,-0.5951514496435035,0.1427954259612064,2.3429855956773875,-1.3265656924226743,-1.216108852854004,-0.6451239966845644,-0.5810160220117815,-1.1078234188139944,-1.1628924173311372,3,0
0.7766288317179199,2,2,2.185767799585478,0.0876134841591082,1,0.2546249253678617,0,-0.7327419327757442,0.3796721288811475,1.7350669241709809,4,-0.6608531809232983,1,-0.4122210960981717,2.1287992452975586,-1.2250847848135313,-0.5381382351970498,1.1914379855160337,0.24198831185855807,0.999299492292155,-0.6201892226844657,1.754054456494842,0.32608023616845355,1.04994957358846,-0.37234031447388954,-0.5951514496435035,-1.4844082652246349,-0.7504735692761167,0.4421885641408914,0.8222948115649081,-0.6451239966845644,-0.5810160220117815,0.9026709338484401,-0.10962571771513507,1,0
-0.20717042561912297,2,1,0.832219035825629,0.0876134841591082,1,1.1697805251007627,0,1.235518718079156,-1.0261667362455194,0.8338130801669732,0,-0.6608531809232983,2,0.9671881863454026,-0.6738292391077482,0.7726905897825493,1.4798801467918874,1.1914379855160337,-0.9320143892374165,-0.032733706035388915,0.1557070814399298,-2.4938204216722384,0.6534968667474336,1.04994957358846,0.24999085354955286,-0.31492318860059826,0.956397271554127,0.4633322103646188,0.4421885641408914,0.8222948115649081,1.5500896031448563,-0.5810160220117815,0.9026709338484401,0.9436409819008672,3,0
-1.5189027687351802,2,1,1.3244185862837559,-1.863777753930116,1,-1.5756862740979403,1,1.5307578157073911,0.3796721288811475,-0.06744076383703446,2,0.24620020465769926,2,1.4755247502372424,-1.0742047368799348,-1.2250847848135313,0.47087095579741883,-0.6589728319256667,-0.9320143892374165,-0.8067586047810468,-0.6201892226844657,0.33809616377248186,-0.49246134027899646,-0.3430340664612116,-0.37234031447388954,-0.5951514496435035,0.1427954259612064,-0.4954681032740614,-0.4421885641408914,0.8222948115649081,-0.6451239966845644,-0.5810160220117815,0.9026709338484401,0.9436409819008672,3,0
0.33938471734590087,2,1,-0.02913017747609325,1.0633091032037203,1,1.1697805251007627,1,0.9894861367222936,0.3796721288811475,-0.9686946078410421,2,-1.5679065665042957,2,1.0565722213565196,0.12692175643662515,-0.4259746349750991,0.47087095579741883,-0.6589728319256667,-0.9320143892374165,0.483282893128383,0.1557070814399298,-2.4938204216722384,-0.3287530249895065,-0.06443733845127728,-0.37234031447388954,-1.1556079717293142,-1.4844082652246349,-0.08310807392549972,-1.3265656924226743,0.8222948115649081,-0.6451239966845644,-0.5810160220117815,-1.1078234188139944,0.9436409819008672,3,1
-0.3164814542121277,2,2,-1.013529278392347,0.0876134841591082,5,1.1697805251007627,1,-0.09305722124790157,-1.0261667362455194,0.8338130801669732,7,0.24620020465769926,1,-0.28460992661689144,-0.6738292391077482,-0.18624159002356938,0.47087095579741883,1.1914379855160337,-0.9320143892374165,-0.1617378558263319,0.1557070814399298,0.33809616377248186,0.48978855145794353,1.3285463015983943,1.8058187736081588,0.5257615945281178,0.1427954259612064,0.32621617606589465,0.4421885641408914,0.8222948115649081,-0.6451239966845644,-0.5810160220117815,0.9026709338484401,-0.10962571771513507,3,0
-0.6444145399911421,1,1,-0.7674295031632836,0.0876134841591082,1,1.1697805251007627,0,-1.6184592256604493,0.3796721288811475,-0.9686946078410421,6,0.24620020465769926,2,-1.4274888145263307,-0.6738292391077482,0.6927795747987061,-0.5381382351970498,-1.584178240646517,-0.9320143892374165,-0.5487503051991608,-0.6201892226844657,-2.4938204216722384,-0.001336394410526465,-0.6216307944711459,1.4946531895964377,0.8059898555710231,-0.6708064196317143,-1.7639179113438088,-1.3265656924226743,-1.216108852854004,-0.6451239966845644,-0.5810160220117815,-1.1078234188139944,1.9969076815168694,4,1
1.4324950032759485,1,1,1.5705183615128193,2.0390047222483325,3,0.2546249253678617,1,1.0878991692650386,-2.432005601372186,1.7350669241709809,5,1.1532535902386967,2,1.424648931567393,-0.6738292391077482,-1.2250847848135313,-0.5381382351970498,1.1914379855160337,-0.9320143892374165,2.6763534395744135,-0.6201892226844657,0.33809616377248186,4.0913714878267236,0.4927561175685914,3.361646693666765,1.3664463776568336,0.956397271554127,0.8159885790222231,1.3265656924226743,0.8222948115649081,1.5500896031448563,1.7211229331292395,0.9026709338484401,-1.1628924173311372,2,0
-0.3164814542121277,2,2,-0.2752299527051567,-0.8880821348855039,5,-0.6605306743650393,1,-0.5359158676902541,0.3796721288811475,-0.9686946078410421,8,0.24620020465769926,1,-1.316742557311299,-1.0742047368799348,-0.10633057503972616,1.4798801467918874,-0.6589728319256667,0.24198831185855807,0.09627044375555406,0.9316033855643254,0.33809616377248186,0.6534968667474336,1.6071430296083287,0.8723220215729953,0.8059898555710231,0.956397271554127,-0.6391616595133148,1.3265656924226743,0.8222948115649081,-0.6451239966845644,-0.5810160220117815,0.9026709338484401,-1.1628924173311372,2,0
0.5580067745319104,2,1,-0.8904793907778153,0.0876134841591082,3,0.2546249253678617,1,0.10376884383758846,-1.0261667362455194,-0.9686946078410421,2,-0.6608531809232983,1,1.3687136392176686,0.5272972542088118,-0.745618694910472,0.47087095579741883,-0.6589728319256667,0.24198831185855807,-0.9357627545719898,0.1557070814399298,0.33809616377248186,-0.9835862861474665,-1.1788242504910145,-0.6835058984856107,-1.1556079717293142,-0.6708064196317143,0.3793423148163228,-0.4421885641408914,-1.216108852854004,-0.6451239966845644,-0.5810160220117815,-1.1078234188139944,0.9436409819008672,3,0
0.01145163156688656,2,1,0.4630693729820337,0.0876134841591082,3,-1.5756862740979403,1,-0.9295679978612341,0.3796721288811475,-0.06744076383703446,6,1.1532535902386967,1,-1.5855973670224104,-0.6738292391077482,-1.2250847848135313,0.47087095579741883,-1.584178240646517,-0.9320143892374165,-0.1617378558263319,-0.6201892226844657,0.33809616377248186,0.48978855145794353,1.04994957358846,0.24999085354955286,0.8059898555710231,1.7699991171470477,-0.27082043084367935,-0.4421885641408914,-1.216108852854004,-0.6451239966845644,-0.5810160220117815,-1.1078234188139944,-1.1628924173311372,4,0
-0.8630365971771515,2,1,-0.15218006509062498,-1.863777753930116,4,0.2546249253678617,0,-1.3232201280322142,-2.432005601372186,-0.06744076383703446,0,-1.5679065665042957,1,-0.9873146043772452,0.12692175643662515,-0.34606361999125584,-0.5381382351970498,0.26623257679518353,0.24198831185855807,-0.29074200561727487,0.1557070814399298,0.33809616377248186,-0.001336394410526465,0.7713528455785257,-0.6835058984856107,0.8059898555710231,-0.6708064196317143,-0.8506542880626384,1.3265656924226743,0.8222948115649081,-0.6451239966845644,1.7211229331292395,0.9026709338484401,-0.10962571771513507,2,0
-0.4257924828051325,2,1,1.9396680243564146,0.0876134841591082,1,1.1697805251007627,1,-1.0771875466753518,-1.0261667362455194,-0.06744076383703446,4,-0.6608531809232983,2,1.3827677327728758,-0.6738292391077482,1.8115337845725112,-0.5381382351970498,1.1914379855160337,-0.9320143892374165,-0.8067586047810468,-0.6201892226844657,0.33809616377248186,-0.3287530249895065,-0.3430340664612116,-0.6835058984856107,-0.5951514496435035,0.956397271554127,-0.34469106186808424,-1.3265656924226743,-1.216108852854004,-0.6451239966845644,-0.5810160220117815,-1.1078234188139944,-0.10962571771513507,2,0
0.8859398603109246,2,1,2.3088176872000097,0.0876134841591082,5,1.1697805251007627,1,1.5307578157073911,0.3796721288811475,-0.9686946078410421,6,1.1532535902386967,1,-1.3671967531744924,0.5272972542088118,0.7726905897825493,0.47087095579741883,1.1914379855160337,0.24198831185855807,-0.41974615540821786,0.1557070814399298,0.33809616377248186,-0.3287530249895065,-0.06443733845127728,-0.6835058984856107,-0.31492318860059826,1.7699991171470477,0.06969282038525565,1.3265656924226743,0.8222948115649081,1.5500896031448563,1.7211229331292395,0.9026709338484401,-0.10962571771513507,2,0
0.5580067745319104,1,1,-0.8904793907778153,0.0876134841591082,1,1.1697805251007627,1,-1.2740136117608418,0.3796721288811475,0.8338130801669732,0,1.1532535902386967,1,0.6040304088788518,-0.2734537413355615,-1.0652627548458449,0.47087095579741883,0.26623257679518353,0.24198831185855807,1.6443202412468698,0.1557070814399298,-2.4938204216722384,2.1268717043528436,1.04994957358846,3.361646693666765,1.3664463776568336,0.1427954259612064,-0.9483051907181874,1.3265656924226743,-1.216108852854004,-0.6451239966845644,-0.5810160220117815,0.9026709338484401,-1.1628924173311372,2,0
0.33938471734590087,2,2,-0.02913017747609325,-0.8880821348855039,3,-1.5756862740979403,1,-0.9295679978612341,0.3796721288811475,-0.06744076383703446,7,-1.5679065665042957,1,0.7071874555740717,-1.0742047368799348,0.7726905897825493,-0.5381382351970498,1.1914379855160337,-0.9320143892374165,-0.29074200561727487,1.707499689688721,1.754054456494842,0.16237192087896354,-0.06443733845127728,1.4946531895964377,-0.875379710686409,-1.4844082652246349,-0.7383304518474474,0.4421885641408914,0.8222948115649081,-0.6451239966845644,-0.5810160220117815,0.9026709338484401,-1.1628924173311372,3,0
-0.4257924828051325,2,1,2.3088176872000097,1.0633091032037203,1,-0.6605306743650393,1,0.645040522822686,0.3796721288811475,-0.06744076383703446,2,0.24620020465769926,1,1.2136969873037347,-0.6738292391077482,0.5329575448310196,-0.5381382351970498,-0.6589728319256667,0.24198831185855807,0.483282893128383,0.1557070814399298,0.33809616377248186,1.3083301279053936,2.7215299416480656,0.8723220215729953,0.8059898555710231,0.1427954259612064,-0.18430071916441057,1.3265656924226743,0.8222948115649081,-0.6451239966845644,-0.5810160220117815,0.9026709338484401,0.9436409819008672,3,0
0.33938471734590087,2,0,-0.39827984031968844,-0.8880821348855039,3,0.2546249253678617,1,-1.3724266443035866,0.3796721288811475,1.7350669241709809,3,1.1532535902386967,2,0.4311650581498048,-0.6738292391077482,-1.0652627548458449,1.4798801467918874,1.1914379855160337,-0.9320143892374165,1.257307791874041,-0.6201892226844657,0.33809616377248186,2.2905800196423334,0.7713528455785257,1.4946531895964377,0.8059898555710231,0.956397271554127,-0.777289620264428,0.4421885641408914,0.8222948115649081,-0.6451239966845644,-0.5810160220117815,-1.1078234188139944,-0.10962571771513507,2,0
-1.4095917401421754,2,1,1.4474684738982875,-0.8880821348855039,5,0.2546249253678617,1,-0.4375028351475091,-1.0261667362455194,-0.9686946078410421,2,-1.5679065665042957,0,-0.6011081134801548,-1.0742047368799348,-0.9853517398620016,0.47087095579741883,-0.6589728319256667,2.5899937140505074,-1.1937710541538757,0.1557070814399298,0.33809616377248186,-0.9835862861474665,-0.9002275224810803,-0.6835058984856107,-1.1556079717293142,0.956397271554127,-0.8299097957886618,-1.3265656924226743,-1.216108852854004,-0.6451239966845644,-0.5810160220117815,-1.1078234188139944,-1.1628924173311372,2,0
0.33938471734590087,0,1,-0.15218006509062498,-0.8880821348855039,1,1.1697805251007627,1,0.3005949089230785,0.3796721288811475,-0.06744076383703446,0,1.1532535902386967,0,-0.7690545314648793,0.12692175643662515,-0.9853517398620016,0.47087095579741883,0.26623257679518353,-0.9320143892374165,-0.41974615540821786,-0.6201892226844657,0.33809616377248186,-0.8198779708579764,-0.6216307944711459,-0.061174730462168335,-0.5951514496435035,-0.6708064196317143,0.05451392359941902,0.4421885641408914,0.8222948115649081,-0.6451239966845644,-0.5810160220117815,0.9026709338484401,-1.1628924173311372,2,0
0.8859398603109246,2,1,-1.013529278392347,1.0633091032037203,5,-1.5756862740979403,1,0.005355811294843447,0.3796721288811475,0.8338130801669732,0,-0.6608531809232983,0,0.9303664612307601,-0.6738292391077482,1.0124236347340791,-0.5381382351970498,-1.584178240646517,2.5899937140505074,-0.1617378558263319,0.9316033855643254,0.33809616377248186,0.48978855145794353,1.04994957358846,1.4946531895964377,0.8059898555710231,-2.2980101108175557,1.3568632678242014,-1.3265656924226743,-1.216108852854004,-0.6451239966845644,-0.5810160220117815,-1.1078234188139944,1.9969076815168694,4,0
-0.20717042561912297,2,2,2.3088176872000097,1.0633091032037203,1,-0.6605306743650393,0,1.5799643319787637,-1.0261667362455194,-0.9686946078410421,8,0.24620020465769926,1,1.671157732525725,-1.0742047368799348,-0.4259746349750991,1.4798801467918874,-1.584178240646517,1.4159910129545328,-0.6777544549901038,1.707499689688721,0.33809616377248186,-0.3287530249895065,-0.3430340664612116,0.5611564375612741,-0.5951514496435035,1.7699991171470477,-0.3163571212011892,0.4421885641408914,0.8222948115649081,1.5500896031448563,1.7211229331292395,0.9026709338484401,1.9969076815168694,3,1
-0.5351035113981373,2,1,-0.5213297279342202,-0.8880821348855039,1,1.1697805251007627,0,0.05456232756621595,-1.0261667362455194,-0.06744076383703446,6,-0.6608531809232983,1,0.18423463438481652,0.12692175643662515,-1.2250847848135313,-0.5381382351970498,-1.584178240646517,0.24198831185855807,0.09627044375555406,-0.6201892226844657,0.33809616377248186,-0.001336394410526465,-0.9002275224810803,-0.061174730462168335,0.24553333348521242,-0.6708064196317143,-1.2184895535060793,1.3265656924226743,0.8222948115649081,1.5500896031448563,1.7211229331292395,0.9026709338484401,-1.1628924173311372,1,0
-0.0978593970261182,2,2,-0.8904793907778153,1.0633091032037203,1,0.2546249253678617,1,0.20218187638033347,0.3796721288811475,-0.9686946078410421,8,1.1532535902386967,2,0.37775950264001795,0.12692175643662515,1.8914447995563546,1.4798801467918874,1.1914379855160337,-0.9320143892374165,-0.5487503051991608,0.1557070814399298,-1.0778621289498782,-0.6561696555684865,-0.6216307944711459,-0.37234031447388954,-0.5951514496435035,0.1427954259612064,1.1974848515729168,-0.4421885641408914,0.8222948115649081,-0.6451239966845644,-0.5810160220117815,-1.1078234188139944,-0.10962571771513507,2,0
1.213872946089939,2,2,0.832219035825629,1.0633091032037203,1,0.2546249253678617,0,1.4815512994360187,0.3796721288811475,-0.06744076383703446,7,0.24620020465769926,0,-0.08714991216623207,2.1287992452975586,1.1722456647017656,0.47087095579741883,0.26623257679518353,0.24198831185855807,0.870295342501212,-0.6201892226844657,0.33809616377248186,0.16237192087896354,0.7713528455785257,1.4946531895964377,0.8059898555710231,0.956397271554127,-0.32799427540366394,1.3265656924226743,0.8222948115649081,1.5500896031448563,-0.5810160220117815,0.9026709338484401,-0.10962571771513507,2,1
-0.8630365971771515,2,1,-0.02913017747609325,0.0876134841591082,1,0.2546249253678617,1,1.235518718079156,1.7855109940078144,-0.9686946078410421,6,0.24620020465769926,1,1.1331670312323983,1.3280482497531851,-0.9054407248781584,0.47087095579741883,-1.584178240646517,1.4159910129545328,-0.8067586047810468,-0.6201892226844657,-1.0778621289498782,-0.9835862861474665,-1.1788242504910145,-0.6835058984856107,-1.1556079717293142,0.1427954259612064,-0.04769064809188093,-0.4421885641408914,-1.216108852854004,-0.6451239966845644,-0.5810160220117815,-1.1078234188139944,0.9436409819008672,3,1
-0.4257924828051325,2,2,-0.15218006509062498,1.0633091032037203,1,-1.5756862740979403,1,-0.9787745141326066,0.3796721288811475,-0.06744076383703446,7,-1.5679065665042957,1,-0.5233889761198597,-0.2734537413355615,-1.0652627548458449,-0.5381382351970498,1.1914379855160337,0.24198831185855807,-0.41974615540821786,2.4833959938131165,-2.4938204216722384,-0.8198779708579764,-0.6216307944711459,-0.061174730462168335,-0.5951514496435035,-1.4844082652246349,0.7886665648077171,-0.4421885641408914,0.8222948115649081,-0.6451239966845644,-0.5810160220117815,-1.1078234188139944,0.9436409819008672,2,0
-0.7537255685841467,2,2,-1.013529278392347,0.0876134841591082,1,-0.6605306743650393,1,-0.09305722124790157,-1.0261667362455194,-0.06744076383703446,7,-1.5679065665042957,1,-1.2634775427370641,-0.6738292391077482,1.0124236347340791,-0.5381382351970498,1.1914379855160337,0.24198831185855807,-0.1617378558263319,0.9316033855643254,0.33809616377248186,0.48978855145794353,1.04994957358846,1.1834876055847166,0.8059898555710231,-1.4844082652246349,1.3690063852528709,0.4421885641408914,0.8222948115649081,-0.6451239966845644,-0.5810160220117815,0.9026709338484401,0.9436409819008672,5,1
0.12076266015989133,1,0,0.09391971013843849,1.0633091032037203,0,0.2546249253678617,1,0.251388392651706,0.3796721288811475,-0.06744076383703446,1,0.24620020465769926,1,0.07039647658763923,0.12692175643662515,0.37313551486333324,-1.5471474261915186,0.26623257679518353,-0.9320143892374165,-0.1617378558263319,-0.6201892226844657,0.33809616377248186,-0.16504470970001647,-0.3430340664612116,-0.37234031447388954,-0.5951514496435035,-0.6708064196317143,1.024951391440574,1.3265656924226743,0.8222948115649081,-0.6451239966845644,-0.5810160220117815,0.9026709338484401,-1.1628924173311372,2,0
-0.20717042561912297,2,1,-1.013529278392347,0.0876134841591082,3,1.1697805251007627,1,0.10376884383758846,-1.0261667362455194,-0.9686946078410421,2,-1.5679065665042957,2,1.0425181278013125,-0.6738292391077482,1.2521566796856087,1.4798801467918874,-0.6589728319256667,-0.9320143892374165,-1.0647669043629329,0.1557070814399298,0.33809616377248186,-0.6561696555684865,-1.1788242504910145,-0.37234031447388954,-0.5951514496435035,-0.6708064196317143,-0.538980940726793,-0.4421885641408914,0.8222948115649081,-0.6451239966845644,-0.5810160220117815,-1.1078234188139944,-0.10962571771513507,2,0
-0.7537255685841467,2,2,2.4318675748145413,1.0633091032037203,5,0.2546249253678617,1,-1.6184592256604493,0.3796721288811475,0.8338130801669732,7,-0.6608531809232983,1,0.4899111692105704,0.12692175643662515,0.37313551486333324,-0.5381382351970498,-0.6589728319256667,0.24198831185855807,-0.29074200561727487,0.1557070814399298,0.33809616377248186,-0.49246134027899646,-0.6216307944711459,-0.37234031447388954,-0.31492318860059826,0.956397271554127,-0.004177810639149266,-0.4421885641408914,-1.216108852854004,-0.6451239966845644,-0.5810160220117815,0.9026709338484401,0.9436409819008672,3,0
-0.20717042561912297,2,1,-0.8904793907778153,0.0876134841591082,1,-1.5756862740979403,0,0.15297536010896096,0.3796721288811475,-0.9686946078410421,2,-1.5679065665042957,0,1.7294822207798344,-0.6738292391077482,-0.4259746349750991,-0.5381382351970498,1.1914379855160337,0.24198831185855807,-1.3227752039448188,-0.6201892226844657,0.33809616377248186,-0.9835862861474665,-1.1788242504910145,-0.6835058984856107,-1.1556079717293142,-1.4844082652246349,0.2437441701961823,-1.3265656924226743,-1.216108852854004,-0.6451239966845644,-0.5810160220117815,-1.1078234188139944,0.9436409819008672,3,1
1.7604280890549628,2,1,-0.8904793907778153,2.0390047222483325,5,0.2546249253678617,0,0.5958340065513135,-1.0261667362455194,0.8338130801669732,4,1.1532535902386967,1,0.042850453219433364,-1.0742047368799348,-0.6657076799266287,0.47087095579741883,-0.6589728319256667,0.24198831185855807,2.9343617391562997,0.9316033855643254,0.33809616377248186,4.255079803116214,0.7713528455785257,-0.37234031447388954,1.3664463776568336,0.956397271554127,-0.5936249691558049,1.3265656924226743,0.8222948115649081,1.5500896031448563,1.7211229331292395,0.9026709338484401,-1.1628924173311372,2,1
0.12076266015989133,2,1,-0.8904793907778153,0.0876134841591082,3,0.2546249253678617,1,0.743453555365431,0.3796721288811475,-0.06744076383703446,4,-0.6608531809232983,1,-0.9360171629007393,0.5272972542088118,1.2521566796856087,-1.5471474261915186,-1.584178240646517,1.4159910129545328,-0.5487503051991608,-0.6201892226844657,0.33809616377248186,-0.3287530249895065,-0.6216307944711459,-0.37234031447388954,-0.03469492755769292,-2.2980101108175557,0.8392628874271726,-1.3265656924226743,-1.216108852854004,-0.6451239966845644,-0.5810160220117815,-1.1078234188139944,0.9436409819008672,4,1
-0.5351035113981373,0,1,-1.013529278392347,1.0633091032037203,5,1.1697805251007627,1,-0.19147025379064658,0.3796721288811475,-0.06744076383703446,6,-1.5679065665042957,1,1.526400568907092,0.5272972542088118,-1.1451737698296882,0.47087095579741883,-0.6589728319256667,0.24198831185855807,-0.29074200561727487,0.1557070814399298,-1.0778621289498782,-0.16504470970001647,0.21415938955865704,-0.37234031447388954,-0.5951514496435035,-0.6708064196317143,1.4535022440273613,-1.3265656924226743,-1.216108852854004,-0.6451239966845644,-0.5810160220117815,-1.1078234188139944,1.9969076815168694,3,0
1.213872946089939,2,1,0.7091691482110972,1.0633091032037203,4,0.2546249253678617,0,-0.043850704976529056,0.3796721288811475,-0.9686946078410421,6,-1.5679065665042957,1,0.31156472199499263,2.1287992452975586,-1.0652627548458449,-0.5381382351970498,1.1914379855160337,0.24198831185855807,-0.1617378558263319,0.1557070814399298,-1.0778621289498782,0.16237192087896354,-0.6216307944711459,1.4946531895964377,0.5257615945281178,-0.6708064196317143,1.3123385039190807,0.4421885641408914,0.8222948115649081,-0.6451239966845644,-0.5810160220117815,0.9026709338484401,-0.10962571771513507,2,0
-0.3164814542121277,2,1,-0.2752299527051567,1.0633091032037203,3,-1.5756862740979403,1,-1.5200461931177043,0.3796721288811475,-0.9686946078410421,6,1.1532535902386967,2,1.0888966365334958,-0.6738292391077482,-0.9853517398620016,-0.5381382351970498,0.26623257679518353,-0.9320143892374165,-1.3227752039448188,0.9316033855643254,-2.4938204216722384,-0.9835862861474665,-1.1788242504910145,-0.6835058984856107,-1.1556079717293142,0.956397271554127,0.4800289968290391,-1.3265656924226743,-1.216108852854004,-0.6451239966845644,-0.5810160220117815,-1.1078234188139944,-0.10962571771513507,2,0
1.9790501462409722,2,2,2.0627179119709464,2.0390047222483325,2,0.2546249253678617,1,-0.2898832863333916,-1.0261667362455194,2.6363207681749885,3,1.1532535902386967,1,1.226064589632317,-0.6738292391077482,-0.745618694910472,1.4798801467918874,0.26623257679518353,0.24198831185855807,3.1923700387381855,0.1557070814399298,0.33809616377248186,4.746204748984684,0.4927561175685914,-0.061174730462168335,2.487359421828455,1.7699991171470477,1.491449485991953,1.3265656924226743,0.8222948115649081,1.5500896031448563,-0.5810160220117815,0.9026709338484401,-0.10962571771513507,2,0
-0.3164814542121277,2,1,-1.013529278392347,1.0633091032037203,1,-0.6605306743650393,1,-1.0279810304039791,0.3796721288811475,-0.06744076383703446,6,1.1532535902386967,1,-0.18342045301940052,2.529174743069745,0.6927795747987061,0.47087095579741883,-0.6589728319256667,0.24198831185855807,-0.29074200561727487,0.1557070814399298,-1.0778621289498782,-0.8198779708579764,-0.6216307944711459,-0.061174730462168335,-0.875379710686409,0.1427954259612064,1.2754031884068784,-0.4421885641408914,-1.216108852854004,-0.6451239966845644,1.7211229331292395,-1.1078234188139944,-0.10962571771513507,3,0
-1.1909696829561658,2,1,-0.7674295031632836,0.0876134841591082,1,-1.5756862740979403,0,1.137105685536411,0.3796721288811475,-0.9686946078410421,6,1.1532535902386967,1,-0.44693470717953315,-0.6738292391077482,0.4530465298471764,1.4798801467918874,-1.584178240646517,-0.9320143892374165,-1.3227752039448188,1.707499689688721,0.33809616377248186,-0.9835862861474665,-1.1788242504910145,-0.6835058984856107,-1.1556079717293142,0.1427954259612064,1.133733485072403,1.3265656924226743,0.8222948115649081,1.5500896031448563,1.7211229331292395,0.9026709338484401,-1.1628924173311372,2,0
0.12076266015989133,2,2,0.5861192605965654,0.0876134841591082,1,0.2546249253678617,1,0.6942470390940585,0.3796721288811475,-0.06744076383703446,7,-0.6608531809232983,1,-0.27519368393490273,-1.0742047368799348,1.0124236347340791,-1.5471474261915186,1.1914379855160337,0.24198831185855807,-0.1617378558263319,0.1557070814399298,0.33809616377248186,0.32608023616845355,1.04994957358846,1.4946531895964377,0.8059898555710231,-1.4844082652246349,-0.14787136687840266,1.3265656924226743,0.8222948115649081,1.5500896031448563,1.7211229331292395,0.9026709338484401,-0.10962571771513507,2,0
0.12076266015989133,2,2,0.832219035825629,0.0876134841591082,1,-0.6605306743650393,0,1.1863122018077836,0.3796721288811475,-0.06744076383703446,7,-0.6608531809232983,2,0.2903430407266299,-0.2734537413355615,0.29322449987949,-0.5381382351970498,-0.6589728319256667,-0.9320143892374165,-0.41974615540821786,1.707499689688721,1.754054456494842,-0.6561696555684865,-0.6216307944711459,-0.37234031447388954,-0.5951514496435035,0.1427954259612064,-0.016826891294013123,-0.4421885641408914,0.8222948115649081,-0.6451239966845644,-0.5810160220117815,0.9026709338484401,0.9436409819008672,3,0
-0.0978593970261182,2,2,-1.013529278392347,1.0633091032037203,1,-0.6605306743650393,0,0.349801425194451,0.3796721288811475,-0.06744076383703446,7,0.24620020465769926,2,1.0026045021045245,1.3280482497531851,-0.6657076799266287,-0.5381382351970498,-1.584178240646517,-0.9320143892374165,0.483282893128383,1.707499689688721,0.33809616377248186,-0.9835862861474665,-1.1788242504910145,-0.6835058984856107,-1.1556079717293142,-0.6708064196317143,-0.6300543214418128,-0.4421885641408914,0.8222948115649081,-0.6451239966845644,1.7211229331292395,0.9026709338484401,-0.10962571771513507,2,0
-0.8630365971771515,2,1,-0.7674295031632836,-1.863777753930116,3,-0.6605306743650393,1,1.038692652993666,0.3796721288811475,-0.9686946078410421,2,-1.5679065665042957,2,0.26701324542498617,-0.6738292391077482,0.21331348489564675,0.47087095579741883,1.1914379855160337,-0.9320143892374165,-0.1617378558263319,0.1557070814399298,0.33809616377248186,0.48978855145794353,1.3285463015983943,-0.37234031447388954,0.24553333348521242,-1.4844082652246349,0.1774629875646957,-0.4421885641408914,0.8222948115649081,-0.6451239966845644,-0.5810160220117815,-1.1078234188139944,-0.10962571771513507,3,1
-0.20717042561912297,2,1,0.09391971013843849,1.0633091032037203,3,-1.5756862740979403,0,-0.7327419327757442,0.3796721288811475,-0.06744076383703446,0,0.24620020465769926,2,-1.4180725718443419,0.12692175643662515,-1.2250847848135313,-0.5381382351970498,0.26623257679518353,-0.9320143892374165,-0.1617378558263319,0.9316033855643254,0.33809616377248186,-0.3287530249895065,-0.6216307944711459,-0.6835058984856107,-0.03469492755769292,0.1427954259612064,1.9989306018650908,0.4421885641408914,0.8222948115649081,1.5500896031448563,-0.5810160220117815,0.9026709338484401,-1.1628924173311372,2,0
0.23007368875289608,2,2,-0.39827984031968844,0.0876134841591082,3,1.1697805251007627,1,-1.3724266443035866,1.7855109940078144,0.8338130801669732,7,0.24620020465769926,1,-1.356937264879191,-0.2734537413355615,1.1722456647017656,-1.5471474261915186,-1.584178240646517,0.24198831185855807,-0.032733706035388915,0.1557070814399298,0.33809616377248186,-0.001336394410526465,0.4927561175685914,1.4946531895964377,0.5257615945281178,0.1427954259612064,-1.7072500300100186,1.3265656924226743,0.8222948115649081,1.5500896031448563,-0.5810160220117815,0.9026709338484401,-1.1628924173311372,1,0
-0.8630365971771515,1,1,-0.8904793907778153,-1.863777753930116,1,-1.5756862740979403,1,1.038692652993666,0.3796721288811475,-0.06744076383703446,0,1.1532535902386967,0,1.4292867824406112,-0.6738292391077482,0.29322449987949,1.4798801467918874,1.1914379855160337,0.24198831185855807,-0.6777544549901038,-2.171981830933257,1.754054456494842,-0.16504470970001647,-0.06443733845127728,-0.37234031447388954,-0.31492318860059826,0.956397271554127,-1.1992629509106862,-0.4421885641408914,-1.216108852854004,-0.6451239966845644,1.7211229331292395,-1.1078234188139944,0.9436409819008672,3,0
1.4324950032759485,2,2,-0.02913017747609325,0.0876134841591082,2,0.2546249253678617,1,-0.3390898026047641,0.3796721288811475,2.6363207681749885,3,0.24620020465769926,1,0.7316415783601321,0.5272972542088118,1.6517117546048248,0.47087095579741883,0.26623257679518353,0.24198831185855807,2.0313326906196987,-0.6201892226844657,0.33809616377248186,-0.9835862861474665,-1.1788242504910145,-0.6835058984856107,-1.1556079717293142,0.1427954259612064,-0.23186126242669866,0.4421885641408914,0.8222948115649081,-0.6451239966845644,-0.5810160220117815,0.9026709338484401,-0.10962571771513507,2,0
-1.5189027687351802,2,1,0.09391971013843849,0.0876134841591082,5,1.1697805251007627,1,-1.0279810304039791,1.7855109940078144,-0.9686946078410421,6,0.24620020465769926,1,-0.2089989032898774,-0.2734537413355615,-1.2250847848135313,0.47087095579741883,1.1914379855160337,0.24198831185855807,-0.9357627545719898,-0.6201892226844657,0.33809616377248186,-0.8198779708579764,-0.6216307944711459,-0.061174730462168335,-0.5951514496435035,0.956397271554127,-1.2377161561014725,0.4421885641408914,0.8222948115649081,-0.6451239966845644,-0.5810160220117815,0.9026709338484401,-1.1628924173311372,2,0
-0.0978593970261182,1,1,-0.39827984031968844,1.0633091032037203,1,-1.5756862740979403,1,0.6942470390940585,1.7855109940078144,-0.06744076383703446,2,-1.5679065665042957,1,0.7586254379861296,0.12692175643662515,0.4530465298471764,-1.5471474261915186,1.1914379855160337,0.24198831185855807,-0.29074200561727487,0.1557070814399298,0.33809616377248186,-0.6561696555684865,-0.6216307944711459,-0.6835058984856107,-0.5951514496435035,-1.4844082652246349,0.49925559942443215,-0.4421885641408914,-1.216108852854004,-0.6451239966845644,-0.5810160220117815,-1.1078234188139944,-1.1628924173311372,3,0
0.5580067745319104,2,1,-0.02913017747609325,-0.8880821348855039,4,1.1697805251007627,1,1.333931750621901,-1.0261667362455194,2.6363207681749885,3,1.1532535902386967,2,1.6933632003429522,2.1287992452975586,-0.9853517398620016,1.4798801467918874,1.1914379855160337,-0.9320143892374165,1.6443202412468698,-0.6201892226844657,0.33809616377248186,-0.9835862861474665,-1.1788242504910145,-0.6835058984856107,-0.875379710686409,1.7699991171470477,-0.09727504425894724,-1.3265656924226743,-1.216108852854004,-0.6451239966845644,-0.5810160220117815,-1.1078234188139944,-0.10962571771513507,2,0
-0.20717042561912297,2,1,2.3088176872000097,0.0876134841591082,1,-0.6605306743650393,1,-0.9787745141326066,1.7855109940078144,-0.06744076383703446,2,0.24620020465769926,1,1.5508546916931525,-0.6738292391077482,1.7316227695886681,0.47087095579741883,1.1914379855160337,1.4159910129545328,-0.1617378558263319,0.1557070814399298,-1.0778621289498782,0.48978855145794353,1.3285463015983943,1.1834876055847166,1.0862181166139284,1.7699991171470477,-0.2445103430815625,0.4421885641408914,-1.216108852854004,-0.6451239966845644,-0.5810160220117815,0.9026709338484401,-0.10962571771513507,3,0
-0.3164814542121277,1,1,0.09391971013843849,1.0633091032037203,5,1.1697805251007627,1,1.2847252343505287,-1.0261667362455194,-0.06744076383703446,0,0.24620020465769926,1,0.14319668120361187,-0.6738292391077482,-0.745618694910472,-0.5381382351970498,-0.6589728319256667,0.24198831185855807,-0.41974615540821786,0.1557070814399298,-1.0778621289498782,0.16237192087896354,-0.6216307944711459,1.4946531895964377,0.8059898555710231,-0.6708064196317143,-0.7560391647642568,0.4421885641408914,0.8222948115649081,-0.6451239966845644,-0.5810160220117815,0.9026709338484401,0.9436409819008672,3,0
0.33938471734590087,2,2,0.5861192605965654,-0.8880821348855039,1,1.1697805251007627,0,0.8910731041795485,0.3796721288811475,-0.06744076383703446,7,-1.5679065665042957,1,-0.42880492649331603,-0.6738292391077482,-0.5857966649427855,0.47087095579741883,0.26623257679518353,0.24198831185855807,-0.8067586047810468,-0.6201892226844657,0.33809616377248186,-0.3287530249895065,-0.06443733845127728,-0.37234031447388954,-0.5951514496435035,-0.6708064196317143,-1.561532620865987,1.3265656924226743,0.8222948115649081,1.5500896031448563,1.7211229331292395,0.9026709338484401,-0.10962571771513507,2,0
0.6673178031249152,2,1,2.185767799585478,0.0876134841591082,5,1.1697805251007627,1,1.038692652993666,1.7855109940078144,-0.9686946078410421,2,-0.6608531809232983,0,-1.1887097650233625,0.9276727519809984,1.0923346497179223,-0.5381382351970498,0.26623257679518353,0.24198831185855807,-0.41974615540821786,-2.171981830933257,0.33809616377248186,-0.16504470970001647,-0.06443733845127728,-0.6835058984856107,-0.5951514496435035,0.956397271554127,0.7765234473790479,0.4421885641408914,0.8222948115649081,1.5500896031448563,-0.5810160220117815,0.9026709338484401,-0.10962571771513507,2,0
-0.20717042561912297,2,1,-0.2752299527051567,-0.8880821348855039,1,0.2546249253678617,1,-0.14226373751927407,-1.0261667362455194,-0.9686946078410421,2,1.1532535902386967,1,-0.9275847067676151,-0.6738292391077482,-0.9853517398620016,0.47087095579741883,1.1914379855160337,0.24198831185855807,-1.3227752039448188,1.707499689688721,-1.0778621289498782,-0.9835862861474665,-1.1788242504910145,-0.6835058984856107,-0.875379710686409,0.1427954259612064,0.02061438744438389,0.4421885641408914,0.8222948115649081,-0.6451239966845644,1.7211229331292395,0.9026709338484401,-0.10962571771513507,2,0
0.9952508889039294,2,2,-1.013529278392347,1.0633091032037203,1,1.1697805251007627,1,-0.4867093514188816,1.7855109940078144,1.7350669241709809,3,-1.5679065665042957,2,-1.5680297500784015,-0.6738292391077482,-0.34606361999125584,0.47087095579741883,-0.6589728319256667,-0.9320143892374165,2.0313326906196987,1.707499689688721,-2.4938204216722384,3.1091215960897833,-1.1788242504910145,-0.6835058984856107,2.2071311607855497,-1.4844082652246349,2.5939433558698863,0.4421885641408914,0.8222948115649081,-0.6451239966845644,-0.5810160220117815,-1.1078234188139944,-0.10962571771513507,3,0
-0.9723476257701563,2,1,1.8166181367418828,0.0876134841591082,3,0.2546249253678617,1,-0.7327419327757442,0.3796721288811475,-0.9686946078410421,2,-0.6608531809232983,1,-0.9822551306973706,-0.6738292391077482,2.051266829524041,0.47087095579741883,0.26623257679518353,2.5899937140505074,-1.3227752039448188,0.1557070814399298,0.33809616377248186,-0.9835862861474665,-0.9002275224810803,-0.6835058984856107,-1.1556079717293142,0.956397271554127,-0.44841352323796785,0.4421885641408914,0.8222948115649081,-0.6451239966845644,-0.5810160220117815,0.9026709338484401,-1.1628924173311372,2,1
-1.628213797328185,0,1,2.0627179119709464,-0.8880821348855039,4,-0.6605306743650393,0,0.9402796204509211,-1.0261667362455194,-0.9686946078410421,6,0.24620020465769926,1,-0.5649890930432726,-0.6738292391077482,0.9325126197502358,0.47087095579741883,-0.6589728319256667,-0.9320143892374165,-0.9357627545719898,-0.6201892226844657,-1.0778621289498782,-0.49246134027899646,-0.6216307944711459,-0.37234031447388954,-0.31492318860059826,1.7699991171470477,-0.19947961595024719,0.4421885641408914,0.8222948115649081,1.5500896031448563,1.7211229331292395,0.9026709338484401,0.9436409819008672,3,0
1.4324950032759485,1,1,1.3244185862837559,2.0390047222483325,3,-0.6605306743650393,1,-1.2248070954894692,0.3796721288811475,1.7350669241709809,0,0.24620020465769926,1,0.8960744729560548,-0.2734537413355615,0.0534914549279603,0.47087095579741883,0.26623257679518353,0.24198831185855807,2.6763534395744135,0.1557070814399298,0.33809616377248186,3.7639548572477435,1.04994957358846,3.0504811096550437,2.487359421828455,0.956397271554127,1.6660067990290741,1.3265656924226743,-1.216108852854004,-0.6451239966845644,-0.5810160220117815,0.9026709338484401,-0.10962571771513507,3,0
-0.5351035113981373,2,1,-0.5213297279342202,1.0633091032037203,4,-0.6605306743650393,0,-1.5200461931177043,1.7855109940078144,-0.9686946078410421,6,1.1532535902386967,1,0.628203449793808,0.12692175643662515,-0.8255297098943152,0.47087095579741883,1.1914379855160337,1.4159910129545328,-0.6777544549901038,0.1557070814399298,0.33809616377248186,-0.6561696555684865,-0.6216307944711459,-0.6835058984856107,-0.5951514496435035,1.7699991171470477,-0.6260066156322563,1.3265656924226743,0.8222948115649081,-0.6451239966845644,-0.5810160220117815,0.9026709338484401,-1.1628924173311372,2,0
0.7766288317179199,2,1,-0.2752299527051567,0.0876134841591082,3,-0.6605306743650393,0,-1.7168722582031943,0.3796721288811475,2.6363207681749885,5,1.1532535902386967,0,-1.5127971624064376,-1.0742047368799348,-1.2250847848135313,0.47087095579741883,1.1914379855160337,0.24198831185855807,1.515316091455927,0.9316033855643254,-1.0778621289498782,2.454288334931823,0.7713528455785257,-0.37234031447388954,1.646674638699739,0.956397271554127,-1.0312831598140944,1.3265656924226743,0.8222948115649081,1.5500896031448563,1.7211229331292395,-1.1078234188139944,-1.1628924173311372,1,0
-0.7537255685841467,2,1,-0.2752299527051567,0.0876134841591082,3,-0.6605306743650393,1,-0.8803614815898617,-1.0261667362455194,-0.9686946078410421,6,-0.6608531809232983,1,-1.2599640193482624,-0.6738292391077482,-1.2250847848135313,-0.5381382351970498,-0.6589728319256667,0.24198831185855807,-0.6777544549901038,0.1557070814399298,-1.0778621289498782,-0.16504470970001647,-0.06443733845127728,-0.37234031447388954,-0.875379710686409,-0.6708064196317143,-0.1863245720691888,-0.4421885641408914,-1.216108852854004,-0.6451239966845644,-0.5810160220117815,0.9026709338484401,-1.1628924173311372,3,0
0.8859398603109246,2,1,-0.5213297279342202,2.0390047222483325,3,0.2546249253678617,0,-0.7819484490471167,-2.432005601372186,-0.06744076383703446,2,-1.5679065665042957,2,1.2836863732086659,-0.6738292391077482,-0.9853517398620016,0.47087095579741883,-1.584178240646517,-0.9320143892374165,-0.1617378558263319,0.1557070814399298,0.33809616377248186,0.48978855145794353,0.7713528455785257,-0.37234031447388954,-0.03469492755769292,-0.6708064196317143,1.3315651065144738,1.3265656924226743,0.8222948115649081,1.5500896031448563,1.7211229331292395,0.9026709338484401,-1.1628924173311372,1,0
0.8859398603109246,0,2,2.0627179119709464,0.0876134841591082,2,-1.5756862740979403,1,-0.6835354165043717,-1.0261667362455194,-0.06744076383703446,7,-1.5679065665042957,1,1.3841731421283965,-0.6738292391077482,-0.6657076799266287,0.47087095579741883,-1.584178240646517,0.24198831185855807,-0.1617378558263319,-0.6201892226844657,0.33809616377248186,0.48978855145794353,0.7713528455785257,0.5611564375612741,0.24553333348521242,0.956397271554127,-0.6315722111203965,-0.4421885641408914,-1.216108852854004,-0.6451239966845644,-0.5810160220117815,0.9026709338484401,0.9436409819008672,3,0
-0.6444145399911421,1,2,-0.8904793907778153,1.0633091032037203,4,1.1697805251007627,1,-0.5851223839616266,0.3796721288811475,-0.06744076383703446,7,-1.5679065665042957,2,1.0243883471150954,1.7284237475253719,-0.6657076799266287,-0.5381382351970498,1.1914379855160337,-0.9320143892374165,-0.1617378558263319,0.1557070814399298,0.33809616377248186,-0.3287530249895065,-0.6216307944711459,-0.6835058984856107,-0.31492318860059826,-1.4844082652246349,1.2445394316090106,1.3265656924226743,0.8222948115649081,1.5500896031448563,-0.5810160220117815,0.9026709338484401,-1.1628924173311372,1,0
-0.0978593970261182,2,1,0.340019485367502,1.0633091032037203,1,0.2546249253678617,0,0.4974209740085685,0.3796721288811475,-0.06744076383703446,4,0.24620020465769926,1,-0.2659179821884661,2.529174743069745,1.6517117546048248,-0.5381382351970498,-0.6589728319256667,1.4159910129545328,-0.5487503051991608,-0.6201892226844657,0.33809616377248186,-0.6561696555684865,-0.6216307944711459,-0.37234031447388954,-0.875379710686409,0.1427954259612064,0.8377449977485889,-1.3265656924226743,-1.216108852854004,-0.6451239966845644,-0.5810160220117815,-1.1078234188139944,0.9436409819008672,2,0
-0.3164814542121277,1,1,0.09391971013843849,1.0633091032037203,1,0.2546249253678617,1,-1.1756005792180968,1.7855109940078144,-0.06744076383703446,4,1.1532535902386967,0,0.37761896170446585,-0.6738292391077482,-1.1451737698296882,-0.5381382351970498,-1.584178240646517,0.24198831185855807,-0.29074200561727487,0.1557070814399298,0.33809616377248186,0.32608023616845355,0.7713528455785257,1.4946531895964377,-0.5951514496435035,0.956397271554127,0.45523679874550593,-1.3265656924226743,-1.216108852854004,-0.6451239966845644,-0.5810160220117815,-1.1078234188139944,1.9969076815168694,3,0
1.3231839746829437,2,1,1.9396680243564146,1.0633091032037203,1,0.2546249253678617,0,0.8910731041795485,0.3796721288811475,-0.9686946078410421,2,-1.5679065665042957,1,1.0946588148911307,-0.6738292391077482,-0.4259746349750991,0.47087095579741883,1.1914379855160337,0.24198831185855807,-0.1617378558263319,0.1557070814399298,-1.0778621289498782,0.32608023616845355,0.4927561175685914,-0.37234031447388954,-0.03469492755769292,0.956397271554127,-0.9837226165518062,-1.3265656924226743,0.8222948115649081,-0.6451239966845644,-0.5810160220117815,-1.1078234188139944,0.9436409819008672,3,1
0.23007368875289608,2,1,0.09391971013843849,2.0390047222483325,3,-0.6605306743650393,1,0.4974209740085685,0.3796721288811475,-0.06744076383703446,4,-1.5679065665042957,1,-1.4726024548385455,-0.2734537413355615,-0.34606361999125584,-0.5381382351970498,1.1914379855160337,2.5899937140505074,-0.1617378558263319,0.1557070814399298,0.33809616377248186,-0.001336394410526465,0.7713528455785257,1.4946531895964377,0.8059898555710231,-0.6708064196317143,0.34645470511367676,-1.3265656924226743,-1.216108852854004,-0.6451239966845644,-0.5810160220117815,-1.1078234188139944,0.9436409819008672,3,0
-1.081658654363161,2,1,1.201368698669224,0.0876134841591082,4,1.1697805251007627,1,0.05456232756621595,-1.0261667362455194,-0.9686946078410421,2,-1.5679065665042957,0,0.2778348974624956,-0.6738292391077482,-0.10633057503972616,-1.5471474261915186,-1.584178240646517,1.4159910129545328,-0.5487503051991608,0.1557070814399298,0.33809616377248186,-0.001336394410526465,0.7713528455785257,-0.6835058984856107,0.8059898555710231,0.1427954259612064,-1.6515940751286178,0.4421885641408914,0.8222948115649081,-0.6451239966845644,-0.5810160220117815,0.9026709338484401,-0.10962571771513507,2,0
-0.20717042561912297,2,1,1.0783188110546924,2.0390047222483325,1,-0.6605306743650393,1,-0.8803614815898617,1.7855109940078144,-0.06744076383703446,6,-1.5679065665042957,1,1.6863361535653485,-0.6738292391077482,-1.1451737698296882,-1.5471474261915186,1.1914379855160337,-0.9320143892374165,0.612287042919326,-0.6201892226844657,0.33809616377248186,1.4720384431948834,3.000126669658,-0.37234031447388954,1.646674638699739,-1.4844082652246349,0.8170005054746122,-0.4421885641408914,-1.216108852854004,-0.6451239966845644,-0.5810160220117815,-1.1078234188139944,-0.10962571771513507,3,0
-0.9723476257701563,2,1,2.185767799585478,0.0876134841591082,3,-0.6605306743650393,0,-1.3232201280322142,-2.432005601372186,-0.06744076383703446,4,-1.5679065665042957,0,0.8638905987146306,-1.0742047368799348,-0.18624159002356938,0.47087095579741883,-0.6589728319256667,0.24198831185855807,-0.6777544549901038,1.707499689688721,-1.0778621289498782,-0.3287530249895065,-0.3430340664612116,-0.6835058984856107,-1.1556079717293142,0.1427954259612064,-1.1228625037553086,-1.3265656924226743,-1.216108852854004,-0.6451239966845644,-0.5810160220117815,-1.1078234188139944,0.9436409819008672,3,0
-1.7375248259211897,2,1,-0.5213297279342202,-1.863777753930116,3,0.2546249253678617,1,1.5307578157073911,0.3796721288811475,-0.9686946078410421,6,1.1532535902386967,2,1.6437522500930712,-0.6738292391077482,-1.2250847848135313,0.47087095579741883,0.26623257679518353,-0.9320143892374165,-1.0647669043629329,-0.6201892226844657,0.33809616377248186,-0.8198779708579764,-0.6216307944711459,-0.061174730462168335,-0.5951514496435035,0.1427954259612064,0.2988941618513887,0.4421885641408914,0.8222948115649081,1.5500896031448563,-0.5810160220117815,0.9026709338484401,-1.1628924173311372,2,0
-2.065457911700204,1,2,-0.7674295031632836,-0.8880821348855039,3,-0.6605306743650393,0,0.20218187638033347,0.3796721288811475,-0.9686946078410421,8,1.1532535902386967,2,0.5771870901884063,-0.6738292391077482,-1.0652627548458449,-1.5471474261915186,0.26623257679518353,-0.9320143892374165,-1.4517793537357617,-0.6201892226844657,1.754054456494842,-1.1472946014369565,-1.1788242504910145,-0.6835058984856107,-1.1556079717293142,0.1427954259612064,-0.4200795825710728,-1.3265656924226743,-1.216108852854004,-0.6451239966845644,-0.5810160220117815,-1.1078234188139944,0.9436409819008672,5,1
1.104561917496934,2,0,2.0627179119709464,1.0633091032037203,1,1.1697805251007627,0,1.5799643319787637,0.3796721288811475,2.6363207681749885,3,0.24620020465769926,1,-1.2779532590989275,0.12692175643662515,-1.1451737698296882,-1.5471474261915186,0.26623257679518353,0.24198831185855807,2.0313326906196987,-0.6201892226844657,0.33809616377248186,-0.3287530249895065,-0.6216307944711459,-0.37234031447388954,-1.1556079717293142,0.956397271554127,-1.4163211749481501,-0.4421885641408914,0.8222948115649081,-0.6451239966845644,-0.5810160220117815,0.9026709338484401,-0.10962571771513507,2,0
0.23007368875289608,2,1,-0.7674295031632836,-0.8880821348855039,3,0.2546249253678617,1,0.4974209740085685,-1.0261667362455194,-0.06744076383703446,2,0.24620020465769926,0,-0.563724224623304,-1.0742047368799348,-0.5857966649427855,0.47087095579741883,1.1914379855160337,0.24198831185855807,-0.032733706035388915,0.1557070814399298,0.33809616377248186,0.48978855145794353,1.04994957358846,-0.6835058984856107,0.8059898555710231,-0.6708064196317143,1.4929673756705366,1.3265656924226743,0.8222948115649081,1.5500896031448563,1.7211229331292395,0.9026709338484401,-1.1628924173311372,1,0
-0.3164814542121277,2,1,-0.2752299527051567,0.0876134841591082,3,-1.5756862740979403,1,0.6942470390940585,-1.0261667362455194,0.8338130801669732,5,0.24620020465769926,1,1.6143791945626884,-1.0742047368799348,-0.6657076799266287,-0.5381382351970498,1.1914379855160337,1.4159910129545328,0.483282893128383,-0.6201892226844657,0.33809616377248186,1.1446218126159036,1.6071430296083287,0.5611564375612741,1.0862181166139284,0.1427954259612064,-0.19644383659307987,1.3265656924226743,0.8222948115649081,1.5500896031448563,1.7211229331292395,0.9026709338484401,-1.1628924173311372,2,0
-0.20717042561912297,0,1,-0.15218006509062498,1.0633091032037203,1,0.2546249253678617,0,-0.6835354165043717,0.3796721288811475,-0.06744076383703446,0,0.24620020465769926,1,-0.28995048216787017,-0.6738292391077482,-1.0652627548458449,-0.5381382351970498,1.1914379855160337,0.24198831185855807,0.483282893128383,1.707499689688721,0.33809616377248186,1.1446218126159036,1.885739757618263,-0.061174730462168335,1.3664463776568336,0.1427954259612064,1.1109651398936482,1.3265656924226743,0.8222948115649081,1.5500896031448563,1.7211229331292395,0.9026709338484401,-1.1628924173311372,2,0
0.01145163156688656,2,1,1.201368698669224,0.0876134841591082,1,0.2546249253678617,1,0.9402796204509211,0.3796721288811475,-0.06744076383703446,4,0.24620020465769926,1,1.7117740629002733,0.12692175643662515,-0.9054407248781584,0.47087095579741883,-1.584178240646517,2.5899937140505074,-0.29074200561727487,-0.6201892226844657,-1.0778621289498782,-0.49246134027899646,-0.3430340664612116,-0.6835058984856107,-0.5951514496435035,0.956397271554127,-0.5642791020365208,-1.3265656924226743,-1.216108852854004,-0.6451239966845644,-0.5810160220117815,-1.1078234188139944,-0.10962571771513507,3,0
0.23007368875289608,1,1,-0.6443796155487519,0.0876134841591082,3,-1.5756862740979403,0,0.743453555365431,0.3796721288811475,-0.06744076383703446,4,0.24620020465769926,2,-1.5702784050472345,-1.0742047368799348,-1.2250847848135313,-0.5381382351970498,1.1914379855160337,-0.9320143892374165,-0.1617378558263319,-0.6201892226844657,-2.4938204216722384,0.32608023616845355,-0.6216307944711459,0.24999085354955286,1.0862181166139284,0.1427954259612064,0.10612217267126355,-1.3265656924226743,-1.216108852854004,-0.6451239966845644,-0.5810160220117815,-1.1078234188139944,0.9436409819008672,2,0
0.8859398603109246,2,1,-0.8904793907778153,-0.8880821348855039,4,1.1697805251007627,0,-0.3390898026047641,-1.0261667362455194,-0.06744076383703446,4,1.1532535902386967,0,-1.2543423819261796,-0.6738292391077482,-1.2250847848135313,1.4798801467918874,-1.584178240646517,1.4159910129545328,-0.1617378558263319,0.1557070814399298,0.33809616377248186,0.48978855145794353,0.7713528455785257,0.24999085354955286,1.3664463776568336,0.956397271554127,0.3499964476970387,-0.4421885641408914,0.8222948115649081,-0.6451239966845644,-0.5810160220117815,-1.1078234188139944,-0.10962571771513507,1,0
0.12076266015989133,2,1,-0.8904793907778153,-0.8880821348855039,3,1.1697805251007627,0,-0.5851223839616266,-1.0261667362455194,0.8338130801669732,4,0.24620020465769926,1,-0.016036198776884277,0.12692175643662515,0.6927795747987061,1.4798801467918874,1.1914379855160337,0.24198831185855807,-0.1617378558263319,2.4833959938131165,1.754054456494842,-0.3287530249895065,-0.06443733845127728,-0.6835058984856107,-0.5951514496435035,-0.6708064196317143,0.6100615459610396,-1.3265656924226743,-1.216108852854004,-0.6451239966845644,-0.5810160220117815,-1.1078234188139944,-0.10962571771513507,2,0
-0.20717042561912297,2,2,0.09391971013843849,0.0876134841591082,3,1.1697805251007627,1,-0.5359158676902541,-1.0261667362455194,0.8338130801669732,7,-1.5679065665042957,1,1.0142693997553462,2.529174743069745,1.2521566796856087,0.47087095579741883,0.26623257679518353,-0.9320143892374165,0.483282893128383,0.1557070814399298,0.33809616377248186,0.9809134973264135,2.1643364856281972,1.1834876055847166,-1.1556079717293142,-1.4844082652246349,0.21136252371973083,1.3265656924226743,0.8222948115649081,-0.6451239966845644,-0.5810160220117815,0.9026709338484401,-0.10962571771513507,3,1
0.01145163156688656,2,1,0.09391971013843849,0.0876134841591082,3,-0.6605306743650393,0,0.251388392651706,0.3796721288811475,-0.9686946078410421,6,-0.6608531809232983,1,-0.6127730111309766,-0.6738292391077482,-0.4259746349750991,-1.5471474261915186,-1.584178240646517,0.24198831185855807,-0.41974615540821786,-0.6201892226844657,-2.4938204216722384,0.16237192087896354,-0.06443733845127728,1.4946531895964377,0.8059898555710231,-0.6708064196317143,0.17999280369566847,-0.4421885641408914,0.8222948115649081,-0.6451239966845644,-0.5810160220117815,0.9026709338484401,-1.1628924173311372,3,0
0.33938471734590087,2,1,0.832219035825629,0.0876134841591082,1,0.2546249253678617,0,0.8910731041795485,0.3796721288811475,0.8338130801669732,4,1.1532535902386967,2,0.7919336397119704,1.3280482497531851,-1.2250847848135313,0.47087095579741883,1.1914379855160337,-0.9320143892374165,0.870295342501212,-0.6201892226844657,-1.0778621289498782,-0.49246134027899646,-0.6216307944711459,0.24999085354955286,-0.31492318860059826,1.7699991171470477,-0.8400290603125528,-1.3265656924226743,-1.216108852854004,-0.6451239966845644,-0.5810160220117815,-1.1078234188139944,-0.10962571771513507,2,0
0.7766288317179199,1,0,-1.013529278392347,2.0390047222483325,0,-1.5756862740979403,1,-1.4216331605749593,0.3796721288811475,-0.06744076383703446,1,1.1532535902386967,1,-0.5354754965773377,0.5272972542088118,0.0534914549279603,-1.5471474261915186,0.26623257679518353,-0.9320143892374165,0.35427874333744,0.1557070814399298,0.33809616377248186,0.48978855145794353,0.7713528455785257,-0.6835058984856107,-0.5951514496435035,-0.6708064196317143,0.6090496195086504,-0.4421885641408914,-1.216108852854004,-0.6451239966845644,-0.5810160220117815,-1.1078234188139944,1.9969076815168694,4,0
1.213872946089939,1,1,-0.6443796155487519,2.0390047222483325,3,0.2546249253678617,1,1.137105685536411,-1.0261667362455194,1.7350669241709809,3,1.1532535902386967,1,-1.2242666217180365,-0.2734537413355615,-0.745618694910472,1.4798801467918874,-0.6589728319256667,0.24198831185855807,1.515316091455927,0.1557070814399298,0.33809616377248186,-0.8198779708579764,-0.6216307944711459,-0.061174730462168335,-0.5951514496435035,1.7699991171470477,1.684221475172078,0.4421885641408914,-1.216108852854004,1.5500896031448563,-0.5810160220117815,-1.1078234188139944,-1.1628924173311372,2,0
-0.20717042561912297,2,2,0.7091691482110972,-0.8880821348855039,3,-1.5756862740979403,1,-0.3390898026047641,-2.432005601372186,-0.06744076383703446,7,1.1532535902386967,0,1.0940966511489225,1.3280482497531851,-1.2250847848135313,0.47087095579741883,1.1914379855160337,1.4159910129545328,-0.5487503051991608,-0.6201892226844657,-1.0778621289498782,-0.8198779708579764,-0.6216307944711459,-0.061174730462168335,-0.5951514496435035,0.956397271554127,0.8301555493556706,-1.3265656924226743,-1.216108852854004,-0.6451239966845644,-0.5810160220117815,-1.1078234188139944,0.9436409819008672,4,1
-1.4095917401421754,1,1,-0.8904793907778153,-1.863777753930116,5,-1.5756862740979403,0,-1.6676657419318217,0.3796721288811475,-0.9686946078410421,6,1.1532535902386967,2,0.40825688565481727,-0.6738292391077482,-0.18624159002356938,-0.5381382351970498,0.26623257679518353,-0.9320143892374165,-0.6777544549901038,-0.6201892226844657,0.33809616377248186,-0.16504470970001647,-0.3430340664612116,-0.37234031447388954,-0.31492318860059826,-0.6708064196317143,-1.462869791758049,-1.3265656924226743,-1.216108852854004,-0.6451239966845644,-0.5810160220117815,-1.1078234188139944,0.9436409819008672,3,0
-1.081658654363161,2,1,-0.15218006509062498,0.0876134841591082,3,-0.6605306743650393,0,0.9894861367222936,1.7855109940078144,-0.9686946078410421,6,0.24620020465769926,1,1.1491886978853343,1.7284237475253719,-0.4259746349750991,0.47087095579741883,-1.584178240646517,-0.9320143892374165,-0.8067586047810468,-2.171981830933257,0.33809616377248186,-0.6561696555684865,-0.6216307944711459,-0.6835058984856107,-0.5951514496435035,0.956397271554127,-0.6983593569780776,-0.4421885641408914,-1.216108852854004,-0.6451239966845644,-0.5810160220117815,0.9026709338484401,-1.1628924173311372,3,0
-1.081658654363161,1,1,-0.8904793907778153,0.0876134841591082,3,1.1697805251007627,1,1.038692652993666,0.3796721288811475,-0.9686946078410421,6,1.1532535902386967,2,-1.1265906715093472,-0.2734537413355615,0.5329575448310196,-0.5381382351970498,0.26623257679518353,-0.9320143892374165,-0.6777544549901038,-2.171981830933257,-1.0778621289498782,-0.49246134027899646,-0.6216307944711459,-0.37234031447388954,-0.5951514496435035,-0.6708064196317143,-0.8653272216222805,0.4421885641408914,0.8222948115649081,1.5500896031448563,-0.5810160220117815,-1.1078234188139944,-0.10962571771513507,2,0
0.33938471734590087,2,1,-0.2752299527051567,0.0876134841591082,1,-1.5756862740979403,1,0.349801425194451,0.3796721288811475,-0.9686946078410421,2,-1.5679065665042957,2,-1.5423107588723726,0.12692175643662515,3.170021039297846,-0.5381382351970498,-0.6589728319256667,-0.9320143892374165,-0.1617378558263319,0.1557070814399298,-2.4938204216722384,-0.49246134027899646,-0.6216307944711459,-0.6835058984856107,-0.31492318860059826,-0.6708064196317143,-1.4228986968886792,-1.3265656924226743,0.8222948115649081,-0.6451239966845644,-0.5810160220117815,-1.1078234188139944,1.9969076815168694,5,1
-0.8630365971771515,2,2,0.09391971013843849,0.0876134841591082,3,0.2546249253678617,1,-1.1756005792180968,-1.0261667362455194,-0.06744076383703446,7,0.24620020465769926,2,1.2789079813998956,2.529174743069745,-1.2250847848135313,-1.5471474261915186,0.26623257679518353,-0.9320143892374165,-0.41974615540821786,-0.6201892226844657,0.33809616377248186,-0.3287530249895065,-0.6216307944711459,-0.37234031447388954,-0.03469492755769292,0.1427954259612064,-0.3209107902369402,-0.4421885641408914,0.8222948115649081,-0.6451239966845644,-0.5810160220117815,-1.1078234188139944,-0.10962571771513507,2,0
-0.0978593970261182,2,1,-0.5213297279342202,1.0633091032037203,1,-0.6605306743650393,0,-1.1756005792180968,0.3796721288811475,0.8338130801669732,0,-1.5679065665042957,1,1.1916320604220596,0.5272972542088118,0.37313551486333324,-0.5381382351970498,0.26623257679518353,1.4159910129545328,-0.29074200561727487,2.4833959938131165,0.33809616377248186,-0.6561696555684865,-0.6216307944711459,-0.6835058984856107,-0.5951514496435035,-2.2980101108175557,1.2172174173945045,-0.4421885641408914,0.8222948115649081,-0.6451239966845644,-0.5810160220117815,0.9026709338484401,-1.1628924173311372,3,0
-1.3002807115491706,1,1,-0.8904793907778153,-1.863777753930116,1,1.1697805251007627,1,0.5466274902799411,1.7855109940078144,-0.06744076383703446,4,0.24620020465769926,0,-1.3126668701802888,-0.6738292391077482,0.29322449987949,-0.5381382351970498,0.26623257679518353,1.4159910129545328,-0.5487503051991608,2.4833959938131165,0.33809616377248186,-0.001336394410526465,0.7713528455785257,-0.6835058984856107,0.8059898555710231,0.1427954259612064,0.4491652400311713,0.4421885641408914,0.8222948115649081,1.5500896031448563,-0.5810160220117815,-1.1078234188139944,-1.1628924173311372,1,0
0.23007368875289608,2,1,0.340019485367502,0.0876134841591082,3,1.1697805251007627,1,0.005355811294843447,0.3796721288811475,-0.06744076383703446,4,-0.6608531809232983,1,-0.9303955254786564,0.5272972542088118,1.9713558145401977,1.4798801467918874,0.26623257679518353,-0.9320143892374165,-0.5487503051991608,0.1557070814399298,0.33809616377248186,-0.3287530249895065,-0.06443733845127728,-0.37234031447388954,-1.1556079717293142,0.956397271554127,0.9439972752494453,-0.4421885641408914,-1.216108852854004,-0.6451239966845644,-0.5810160220117815,-1.1078234188139944,-1.1628924173311372,2,0
1.3231839746829437,2,1,1.5705183615128193,1.0633091032037203,4,-1.5756862740979403,0,0.3005949089230785,0.3796721288811475,1.7350669241709809,5,-0.6608531809232983,1,-1.5199647501195932,0.12692175643662515,-1.1451737698296882,0.47087095579741883,-0.6589728319256667,1.4159910129545328,2.0313326906196987,-0.6201892226844657,0.33809616377248186,-0.49246134027899646,-0.6216307944711459,-0.37234031447388954,-0.5951514496435035,0.956397271554127,1.0178679062738503,-1.3265656924226743,-1.216108852854004,-0.6451239966845644,-0.5810160220117815,-1.1078234188139944,-1.1628924173311372,2,0
1.4324950032759485,2,1,0.9552689234401607,2.0390047222483325,1,1.1697805251007627,0,-0.7819484490471167,-1.0261667362455194,0.8338130801669732,5,-1.5679065665042957,0,1.0776533616893302,0.9276727519809984,0.4530465298471764,0.47087095579741883,0.26623257679518353,2.5899937140505074,0.999299492292155,0.1557070814399298,0.33809616377248186,1.1446218126159036,1.885739757618263,-0.37234031447388954,1.9269028997426445,-0.6708064196317143,2.251912214962368,-1.3265656924226743,-1.216108852854004,-0.6451239966845644,-0.5810160220117815,-1.1078234188139944,-1.1628924173311372,4,0
-1.8468358545141943,2,2,-0.8904793907778153,0.0876134841591082,3,0.2546249253678617,0,-1.7168722582031943,0.3796721288811475,-0.9686946078410421,8,0.24620020465769926,2,-0.14926900568024734,-0.6738292391077482,2.2110888594917273,1.4798801467918874,-1.584178240646517,-0.9320143892374165,-1.1937710541538757,0.1557070814399298,0.33809616377248186,-0.8198779708579764,-0.6216307944711459,-0.061174730462168335,-0.5951514496435035,0.956397271554127,-1.7097798461409914,0.4421885641408914,-1.216108852854004,-0.6451239966845644,1.7211229331292395,0.9026709338484401,3.0501743811328716,2,0
-0.3164814542121277,2,1,-0.7674295031632836,0.0876134841591082,1,1.1697805251007627,0,0.005355811294843447,0.3796721288811475,-0.06744076383703446,6,-0.6608531809232983,0,0.7053604234118949,-0.6738292391077482,-0.9853517398620016,-0.5381382351970498,0.26623257679518353,0.24198831185855807,-0.032733706035388915,-0.6201892226844657,0.33809616377248186,0.6534968667474336,1.04994957358846,1.4946531895964377,1.3664463776568336,-1.4844082652246349,-0.058821839068161116,-0.4421885641408914,0.8222948115649081,-0.6451239966845644,-0.5810160220117815,-1.1078234188139944,0.9436409819008672,3,0
-0.0978593970261182,2,1,-0.2752299527051567,0.0876134841591082,1,-1.5756862740979403,1,0.5466274902799411,0.3796721288811475,-0.9686946078410421,2,-0.6608531809232983,2,-0.4726536983855621,-0.2734537413355615,1.7316227695886681,-1.5471474261915186,0.26623257679518353,-0.9320143892374165,0.483282893128383,0.9316033855643254,0.33809616377248186,-0.49246134027899646,-0.3430340664612116,-0.37234031447388954,-0.31492318860059826,-0.6708064196317143,0.903520217153881,0.4421885641408914,0.8222948115649081,1.5500896031448563,-0.5810160220117815,0.9026709338484401,-0.10962571771513507,2,0
1.3231839746829437,2,1,-0.39827984031968844,-1.863777753930116,1,0.2546249253678617,0,-1.2248070954894692,-1.0261667362455194,1.7350669241709809,0,0.24620020465769926,1,-0.37399396162800846,-0.2734537413355615,-0.745618694910472,1.4798801467918874,-0.6589728319256667,0.24198831185855807,2.4183451399925278,0.1557070814399298,0.33809616377248186,1.3083301279053936,1.885739757618263,-0.061174730462168335,2.2071311607855497,0.956397271554127,-0.15748466817609919,1.3265656924226743,0.8222948115649081,-0.6451239966845644,-0.5810160220117815,0.9026709338484401,0.9436409819008672,3,0
-0.0978593970261182,0,1,-1.013529278392347,1.0633091032037203,3,1.1697805251007627,0,-1.6184592256604493,-1.0261667362455194,-0.06744076383703446,4,0.24620020465769926,1,0.15429941511222545,-1.0742047368799348,0.6128685598148629,0.47087095579741883,0.26623257679518353,-0.9320143892374165,-0.9357627545719898,2.4833959938131165,0.33809616377248186,-0.6561696555684865,-0.6216307944711459,-0.37234031447388954,-0.5951514496435035,-0.6708064196317143,1.590112315099891,-1.3265656924226743,-1.216108852854004,-0.6451239966845644,1.7211229331292395,-1.1078234188139944,-1.1628924173311372,2,0
-0.0978593970261182,2,1,-0.7674295031632836,-0.8880821348855039,1,1.1697805251007627,1,0.645040522822686,1.7855109940078144,-0.06744076383703446,0,-1.5679065665042957,0,1.6857739898231403,1.3280482497531851,1.6517117546048248,1.4798801467918874,-1.584178240646517,0.24198831185855807,0.22527459354649704,0.1557070814399298,0.33809616377248186,-0.3287530249895065,-0.06443733845127728,-0.6835058984856107,-0.03469492755769292,0.1427954259612064,1.314362356823859,-0.4421885641408914,-1.216108852854004,-0.6451239966845644,-0.5810160220117815,-1.1078234188139944,-0.10962571771513507,3,0
1.8697391176479676,2,1,1.5705183615128193,2.0390047222483325,3,-0.6605306743650393,0,1.235518718079156,0.3796721288811475,1.7350669241709809,3,0.24620020465769926,1,0.6144304381097051,0.12692175643662515,-1.2250847848135313,1.4798801467918874,0.26623257679518353,0.24198831185855807,3.1923700387381855,2.4833959938131165,0.33809616377248186,0.48978855145794353,1.04994957358846,0.5611564375612741,0.8059898555710231,0.956397271554127,0.17999280369566847,0.4421885641408914,0.8222948115649081,1.5500896031448563,-0.5810160220117815,0.9026709338484401,-1.1628924173311372,2,0
0.6673178031249152,2,1,0.7091691482110972,-0.8880821348855039,1,0.2546249253678617,1,-0.043850704976529056,-1.0261667362455194,1.7350669241709809,5,0.24620020465769926,1,-1.5161701448596874,-0.6738292391077482,0.21331348489564675,1.4798801467918874,-1.584178240646517,0.24198831185855807,0.35427874333744,0.1557070814399298,0.33809616377248186,1.1446218126159036,1.6071430296083287,1.1834876055847166,1.9269028997426445,1.7699991171470477,-0.9407157423252691,1.3265656924226743,0.8222948115649081,1.5500896031448563,1.7211229331292395,0.9026709338484401,-1.1628924173311372,2,0
-0.20717042561912297,1,2,0.340019485367502,1.0633091032037203,4,1.1697805251007627,1,-1.4708396768463317,0.3796721288811475,-0.06744076383703446,7,1.1532535902386967,2,-0.547983639841472,0.12692175643662515,0.21331348489564675,1.4798801467918874,-1.584178240646517,-0.9320143892374165,0.22527459354649704,-0.6201892226844657,1.754054456494842,0.6534968667474336,1.3285463015983943,1.1834876055847166,0.8059898555710231,1.7699991171470477,-0.006707626770122038,-1.3265656924226743,-1.216108852854004,-0.6451239966845644,-0.5810160220117815,-1.1078234188139944,0.9436409819008672,5,1
0.12076266015989133,1,1,-1.013529278392347,0.0876134841591082,1,1.1697805251007627,1,1.1863122018077836,0.3796721288811475,-0.06744076383703446,6,1.1532535902386967,1,-0.6248595315884548,1.7284237475253719,-0.4259746349750991,0.47087095579741883,1.1914379855160337,1.4159910129545328,0.999299492292155,0.9316033855643254,1.754054456494842,0.9809134973264135,1.885739757618263,-0.061174730462168335,1.3664463776568336,-0.6708064196317143,-0.351774547034808,1.3265656924226743,0.8222948115649081,-0.6451239966845644,1.7211229331292395,0.9026709338484401,-0.10962571771513507,2,0
-0.8630365971771515,2,2,-0.5213297279342202,0.0876134841591082,3,-1.5756862740979403,1,-1.1263940629467242,-1.0261667362455194,-0.06744076383703446,7,-0.6608531809232983,0,-1.5399215629679872,-0.6738292391077482,3.6494871292009052,-0.5381382351970498,-0.6589728319256667,0.24198831185855807,-0.1617378558263319,0.1557070814399298,-1.0778621289498782,0.48978855145794353,-1.1788242504910145,-0.6835058984856107,1.3664463776568336,-0.6708064196317143,-0.104358529425671,-0.4421885641408914,-1.216108852854004,-0.6451239966845644,-0.5810160220117815,-1.1078234188139944,0.9436409819008672,4,0
-0.4257924828051325,2,2,-0.8904793907778153,1.0633091032037203,3,1.1697805251007627,1,1.333931750621901,0.3796721288811475,-0.06744076383703446,7,1.1532535902386967,0,-1.4605159343810674,-0.6738292391077482,-0.745618694910472,-0.5381382351970498,0.26623257679518353,1.4159910129545328,-0.6777544549901038,1.707499689688721,0.33809616377248186,-0.16504470970001647,-0.6216307944711459,-0.6835058984856107,-0.03469492755769292,0.1427954259612064,1.441359126598692,1.3265656924226743,0.8222948115649081,1.5500896031448563,1.7211229331292395,0.9026709338484401,-1.1628924173311372,1,0
-0.5351035113981373,2,1,-0.8904793907778153,0.0876134841591082,3,1.1697805251007627,1,-1.0279810304039791,0.3796721288811475,-0.06744076383703446,6,-0.6608531809232983,0,1.5747466507370045,-1.0742047368799348,0.21331348489564675,-1.5471474261915186,0.26623257679518353,1.4159910129545328,-0.1617378558263319,0.9316033855643254,-1.0778621289498782,0.32608023616845355,0.21415938955865704,-0.37234031447388954,0.5257615945281178,-0.6708064196317143,-0.5637731388103262,1.3265656924226743,0.8222948115649081,1.5500896031448563,1.7211229331292395,0.9026709338484401,-1.1628924173311372,1,0
-0.6444145399911421,2,2,-0.5213297279342202,1.0633091032037203,1,-1.5756862740979403,0,0.05456232756621595,0.3796721288811475,-0.06744076383703446,7,1.1532535902386967,1,1.1631022505049893,-0.6738292391077482,0.8526016047663926,-1.5471474261915186,-1.584178240646517,1.4159910129545328,-0.1617378558263319,-0.6201892226844657,0.33809616377248186,0.48978855145794353,-1.1788242504910145,-0.6835058984856107,-0.5951514496435035,0.1427954259612064,0.3732707561019882,1.3265656924226743,0.8222948115649081,1.5500896031448563,1.7211229331292395,0.9026709338484401,-1.1628924173311372,2,0
1.3231839746829437,2,1,0.832219035825629,0.0876134841591082,3,1.1697805251007627,0,0.3990079414658235,0.3796721288811475,-0.9686946078410421,2,-1.5679065665042957,0,1.4936545309234597,0.5272972542088118,0.37313551486333324,0.47087095579741883,-0.6589728319256667,0.24198831185855807,0.741291192710269,-0.6201892226844657,-1.0778621289498782,-0.8198779708579764,-0.6216307944711459,-0.061174730462168335,-0.5951514496435035,0.1427954259612064,0.16784968626699917,-1.3265656924226743,-1.216108852854004,-0.6451239966845644,-0.5810160220117815,-1.1078234188139944,-0.10962571771513507,3,0
0.12076266015989133,1,1,-0.8904793907778153,0.0876134841591082,3,1.1697805251007627,0,-1.1756005792180968,-1.0261667362455194,-0.9686946078410421,2,-0.6608531809232983,2,1.3369513877829007,-0.6738292391077482,-0.9853517398620016,1.4798801467918874,-0.6589728319256667,-0.9320143892374165,-0.9357627545719898,0.1557070814399298,0.33809616377248186,-0.49246134027899646,-0.3430340664612116,0.24999085354955286,-0.31492318860059826,-0.6708064196317143,-0.8870836403486463,0.4421885641408914,0.8222948115649081,-0.6451239966845644,1.7211229331292395,0.9026709338484401,-1.1628924173311372,1,0
1.104561917496934,2,2,-0.8904793907778153,1.0633091032037203,1,-0.6605306743650393,0,-0.9295679978612341,1.7855109940078144,1.7350669241709809,3,-0.6608531809232983,0,0.9518692243702269,1.3280482497531851,0.29322449987949,0.47087095579741883,0.26623257679518353,2.5899937140505074,2.289340990201585,-0.6201892226844657,0.33809616377248186,-0.6561696555684865,-0.6216307944711459,-0.37234031447388954,-0.5951514496435035,-0.6708064196317143,1.3204339155381937,-1.3265656924226743,-1.216108852854004,-0.6451239966845644,-0.5810160220117815,-1.1078234188139944,-1.1628924173311372,3,0
1.3231839746829437,2,1,-1.013529278392347,0.0876134841591082,1,0.2546249253678617,1,-1.4708396768463317,0.3796721288811475,1.7350669241709809,3,0.24620020465769926,2,1.1342913587168146,0.5272972542088118,-1.1451737698296882,0.47087095579741883,-1.584178240646517,-0.9320143892374165,1.515316091455927,-0.6201892226844657,0.33809616377248186,0.16237192087896354,0.7713528455785257,-0.6835058984856107,-1.1556079717293142,-1.4844082652246349,-0.060845691972939334,1.3265656924226743,0.8222948115649081,1.5500896031448563,1.7211229331292395,0.9026709338484401,-1.1628924173311372,1,0
0.4486957459389056,2,2,1.6935682491273512,-0.8880821348855039,1,1.1697805251007627,1,0.6942470390940585,0.3796721288811475,0.8338130801669732,7,0.24620020465769926,2,-0.3825669586966848,0.12692175643662515,0.29322449987949,0.47087095579741883,1.1914379855160337,-0.9320143892374165,1.257307791874041,-0.6201892226844657,0.33809616377248186,-0.8198779708579764,-1.1788242504910145,-0.6835058984856107,-0.5951514496435035,0.956397271554127,1.0264692811191576,0.4421885641408914,0.8222948115649081,1.5500896031448563,-0.5810160220117815,0.9026709338484401,-0.10962571771513507,2,0
-1.8468358545141943,2,2,-0.02913017747609325,-1.863777753930116,1,1.1697805251007627,1,-0.5851223839616266,0.3796721288811475,-0.9686946078410421,8,-1.5679065665042957,2,0.9513070606280186,-0.6738292391077482,-0.6657076799266287,-1.5471474261915186,-1.584178240646517,-0.9320143892374165,-1.1937710541538757,0.1557070814399298,0.33809616377248186,-0.8198779708579764,-0.6216307944711459,-0.6835058984856107,-0.5951514496435035,-0.6708064196317143,-0.6027323072273069,-1.3265656924226743,0.8222948115649081,-0.6451239966845644,-0.5810160220117815,-1.1078234188139944,-1.1628924173311372,3,0
-0.4257924828051325,0,2,0.832219035825629,0.0876134841591082,1,0.2546249253678617,0,-1.4708396768463317,0.3796721288811475,-0.06744076383703446,7,1.1532535902386967,0,0.2553483477741643,-0.6738292391077482,-0.2661526050074126,1.4798801467918874,0.26623257679518353,0.24198831185855807,-0.5487503051991608,-0.6201892226844657,0.33809616377248186,-0.16504470970001647,0.21415938955865704,-0.37234031447388954,-0.5951514496435035,0.956397271554127,-1.5534372092468742,-0.4421885641408914,-1.216108852854004,-0.6451239966845644,-0.5810160220117815,0.9026709338484401,-0.10962571771513507,3,0
-0.0978593970261182,2,1,2.0627179119709464,1.0633091032037203,1,-1.5756862740979403,1,0.6942470390940585,0.3796721288811475,-0.06744076383703446,0,0.24620020465769926,1,-0.9689037418199239,1.3280482497531851,-0.10633057503972616,0.47087095579741883,-0.6589728319256667,1.4159910129545328,-0.1617378558263319,-0.6201892226844657,-1.0778621289498782,-0.6561696555684865,-0.6216307944711459,-0.6835058984856107,-0.5951514496435035,1.7699991171470477,1.9012796992095418,0.4421885641408914,0.8222948115649081,1.5500896031448563,-0.5810160220117815,0.9026709338484401,-0.10962571771513507,3,0
0.7766288317179199,2,0,-1.013529278392347,0.0876134841591082,1,0.2546249253678617,0,-1.0771875466753518,0.3796721288811475,-0.9686946078410421,1,1.1532535902386967,0,-1.4259428642352578,0.5272972542088118,-1.1451737698296882,-0.5381382351970498,-1.584178240646517,2.5899937140505074,-0.41974615540821786,-0.6201892226844657,0.33809616377248186,-0.8198779708579764,-0.6216307944711459,-0.061174730462168335,-0.5951514496435035,0.1427954259612064,-0.26626676180792835,-1.3265656924226743,-1.216108852854004,-0.6451239966845644,-0.5810160220117815,-1.1078234188139944,-1.1628924173311372,3,0
-1.5189027687351802,2,1,-0.15218006509062498,-1.863777753930116,3,1.1697805251007627,1,1.333931750621901,-1.0261667362455194,-0.9686946078410421,2,0.24620020465769926,2,0.8815987565941915,-0.6738292391077482,0.21331348489564675,-1.5471474261915186,-1.584178240646517,-0.9320143892374165,-0.8067586047810468,-0.6201892226844657,0.33809616377248186,-0.3287530249895065,-0.06443733845127728,-0.37234031447388954,-0.5951514496435035,-0.6708064196317143,-1.1537262605531764,0.4421885641408914,0.8222948115649081,1.5500896031448563,-0.5810160220117815,0.9026709338484401,-1.1628924173311372,2,1
0.12076266015989133,2,1,-0.6443796155487519,-0.8880821348855039,3,1.1697805251007627,0,1.038692652993666,0.3796721288811475,-0.9686946078410421,2,0.24620020465769926,1,1.667222586330267,1.7284237475253719,-1.2250847848135313,1.4798801467918874,1.1914379855160337,0.24198831185855807,-0.5487503051991608,1.707499689688721,-1.0778621289498782,-1.1472946014369565,-1.1788242504910145,-0.6835058984856107,-1.1556079717293142,0.956397271554127,1.0573330379170254,1.3265656924226743,0.8222948115649081,1.5500896031448563,1.7211229331292395,0.9026709338484401,-0.10962571771513507,2,0
1.7604280890549628,2,1,1.8166181367418828,1.0633091032037203,3,-0.6605306743650393,1,-0.8803614815898617,1.7855109940078144,0.8338130801669732,0,1.1532535902386967,1,-1.525586387541676,0.12692175643662515,-0.026419560055882932,0.47087095579741883,0.26623257679518353,-0.9320143892374165,-0.032733706035388915,-0.6201892226844657,0.33809616377248186,-0.49246134027899646,-0.3430340664612116,-0.37234031447388954,-0.5951514496435035,1.7699991171470477,0.9131335184515775,1.3265656924226743,0.8222948115649081,1.5500896031448563,-0.5810160220117815,0.9026709338484401,-1.1628924173311372,2,0
1.213872946089939,1,2,-0.2752299527051567,-0.8880821348855039,3,1.1697805251007627,0,1.432344783164646,0.3796721288811475,-0.9686946078410421,8,0.24620020465769926,1,-0.3616263592994262,-0.2734537413355615,0.13340246991180352,-1.5471474261915186,0.26623257679518353,1.4159910129545328,0.999299492292155,0.1557070814399298,0.33809616377248186,0.32608023616845355,0.7713528455785257,1.4946531895964377,0.8059898555710231,-0.6708064196317143,0.5149404594364634,-0.4421885641408914,0.8222948115649081,1.5500896031448563,-0.5810160220117815,-1.1078234188139944,0.9436409819008672,1,1
-0.5351035113981373,2,1,-0.8904793907778153,1.0633091032037203,1,1.1697805251007627,1,1.432344783164646,0.3796721288811475,-0.9686946078410421,2,-0.6608531809232983,2,1.4811463876593254,-0.6738292391077482,-1.1451737698296882,-0.5381382351970498,-1.584178240646517,-0.9320143892374165,-1.3227752039448188,-0.6201892226844657,0.33809616377248186,-0.9835862861474665,-1.1788242504910145,-0.6835058984856107,-1.1556079717293142,-0.6708064196317143,-0.0046837738653438205,0.4421885641408914,0.8222948115649081,1.5500896031448563,-0.5810160220117815,0.9026709338484401,-0.10962571771513507,2,0
-1.1909696829561658,0,1,-0.2752299527051567,0.0876134841591082,3,1.1697805251007627,1,0.4974209740085685,0.3796721288811475,-0.9686946078410421,2,1.1532535902386967,2,-0.3356262862222931,-0.6738292391077482,-1.0652627548458449,1.4798801467918874,0.26623257679518353,-0.9320143892374165,-0.5487503051991608,1.707499689688721,0.33809616377248186,-0.001336394410526465,0.7713528455785257,0.8723220215729953,0.8059898555710231,0.956397271554127,1.8623205307925612,1.3265656924226743,0.8222948115649081,1.5500896031448563,1.7211229331292395,0.9026709338484401,-1.1628924173311372,2,0
1.9790501462409722,2,1,1.5705183615128193,0.0876134841591082,5,-1.5756862740979403,1,1.3831382668932737,-1.0261667362455194,-0.9686946078410421,6,-0.6608531809232983,0,1.3244432445187664,0.9276727519809984,-0.9853517398620016,-0.5381382351970498,1.1914379855160337,0.24198831185855807,-0.41974615540821786,-1.3960855268088614,0.33809616377248186,-0.49246134027899646,-0.6216307944711459,-0.37234031447388954,-0.5951514496435035,0.956397271554127,0.1531767527073571,-1.3265656924226743,-1.216108852854004,-0.6451239966845644,-0.5810160220117815,-1.1078234188139944,1.9969076815168694,3,0
-0.3164814542121277,2,1,-0.5213297279342202,-0.8880821348855039,3,-0.6605306743650393,1,-0.4375028351475091,-1.0261667362455194,-0.06744076383703446,2,1.1532535902386967,1,-0.33745331838447007,-0.6738292391077482,0.8526016047663926,0.47087095579741883,0.26623257679518353,0.24198831185855807,0.483282893128383,0.1557070814399298,1.754054456494842,1.3083301279053936,1.6071430296083287,0.5611564375612741,2.487359421828455,0.956397271554127,0.348478558018455,1.3265656924226743,0.8222948115649081,1.5500896031448563,1.7211229331292395,0.9026709338484401,-1.1628924173311372,1,0
2.525605289205996,2,1,-1.013529278392347,1.0633091032037203,3,0.2546249253678617,1,1.2847252343505287,-2.432005601372186,0.8338130801669732,0,1.1532535902386967,0,0.8648743852634951,0.12692175643662515,-0.4259746349750991,1.4798801467918874,0.26623257679518353,0.24198831185855807,0.999299492292155,-0.6201892226844657,1.754054456494842,-0.9835862861474665,-1.1788242504910145,-0.6835058984856107,-1.1556079717293142,0.956397271554127,-0.4934442503692832,0.4421885641408914,0.8222948115649081,1.5500896031448563,-0.5810160220117815,0.9026709338484401,-0.10962571771513507,2,0
-0.4257924828051325,2,1,1.4474684738982875,0.0876134841591082,3,-0.6605306743650393,1,0.645040522822686,1.7855109940078144,-0.9686946078410421,2,-0.6608531809232983,1,-0.09502020455714803,-0.6738292391077482,0.9325126197502358,0.47087095579741883,1.1914379855160337,2.5899937140505074,0.35427874333744,2.4833959938131165,0.33809616377248186,1.1446218126159036,1.885739757618263,-0.061174730462168335,2.487359421828455,0.1427954259612064,-0.4807951697144193,1.3265656924226743,0.8222948115649081,-0.6451239966845644,-0.5810160220117815,0.9026709338484401,-0.10962571771513507,3,0
0.01145163156688656,1,2,-1.013529278392347,1.0633091032037203,3,0.2546249253678617,1,-1.7168722582031943,-2.432005601372186,-0.06744076383703446,7,1.1532535902386967,0,-0.9326441804474896,-0.6738292391077482,0.6927795747987061,0.47087095579741883,0.26623257679518353,1.4159910129545328,-0.6777544549901038,-0.6201892226844657,-1.0778621289498782,-0.16504470970001647,-0.3430340664612116,-0.37234031447388954,-0.31492318860059826,0.956397271554127,-0.21617640241466748,1.3265656924226743,0.8222948115649081,1.5500896031448563,1.7211229331292395,0.9026709338484401,-1.1628924173311372,1,0
-0.3164814542121277,2,1,1.201368698669224,0.0876134841591082,1,-0.6605306743650393,0,-1.5200461931177043,-1.0261667362455194,-0.9686946078410421,6,1.1532535902386967,1,0.846744604577278,-0.6738292391077482,-0.9853517398620016,-0.5381382351970498,-0.6589728319256667,-0.9320143892374165,-0.1617378558263319,0.1557070814399298,0.33809616377248186,0.48978855145794353,1.3285463015983943,1.8058187736081588,0.8059898555710231,0.956397271554127,-0.9194652868250978,0.4421885641408914,-1.216108852854004,-0.6451239966845644,-0.5810160220117815,0.9026709338484401,-0.10962571771513507,3,0
-1.5189027687351802,2,2,-0.2752299527051567,0.0876134841591082,1,0.2546249253678617,1,1.6291708482501361,0.3796721288811475,-0.9686946078410421,8,1.1532535902386967,0,1.516422162482895,-0.6738292391077482,1.1722456647017656,1.4798801467918874,-0.6589728319256667,0.24198831185855807,-1.0647669043629329,-0.6201892226844657,0.33809616377248186,-0.6561696555684865,-0.6216307944711459,-0.6835058984856107,-0.5951514496435035,0.956397271554127,-0.017332854520207674,0.4421885641408914,0.8222948115649081,1.5500896031448563,-0.5810160220117815,0.9026709338484401,-0.10962571771513507,2,1
0.7766288317179199,2,1,-0.8904793907778153,0.0876134841591082,1,0.2546249253678617,0,1.4815512994360187,1.7855109940078144,0.8338130801669732,0,1.1532535902386967,1,0.06983431284543094,-0.6738292391077482,0.37313551486333324,0.47087095579741883,-0.6589728319256667,0.24198831185855807,-0.29074200561727487,-0.6201892226844657,0.33809616377248186,0.16237192087896354,0.7713528455785257,1.1834876055847166,0.8059898555710231,1.7699991171470477,0.15722445851691352,1.3265656924226743,0.8222948115649081,1.5500896031448563,-0.5810160220117815,0.9026709338484401,0.9436409819008672,3,0
-0.20717042561912297,1,1,-0.8904793907778153,1.0633091032037203,3,-1.5756862740979403,1,0.645040522822686,-1.0261667362455194,-0.9686946078410421,6,1.1532535902386967,2,-0.048220073018308475,-1.0742047368799348,1.0124236347340791,0.47087095579741883,0.26623257679518353,-0.9320143892374165,-0.6777544549901038,-0.6201892226844657,1.754054456494842,-0.3287530249895065,-0.06443733845127728,-0.37234031447388954,-0.03469492755769292,-0.6708064196317143,1.4054357375388786,-0.4421885641408914,0.8222948115649081,-0.6451239966845644,-0.5810160220117815,-1.1078234188139944,-1.1628924173311372,3,0
-0.7537255685841467,2,2,-0.2752299527051567,-1.863777753930116,3,1.1697805251007627,0,0.349801425194451,0.3796721288811475,-0.06744076383703446,2,1.1532535902386967,1,-1.1586340048152193,1.3280482497531851,-1.1451737698296882,-0.5381382351970498,-1.584178240646517,0.24198831185855807,-0.29074200561727487,0.1557070814399298,0.33809616377248186,-0.3287530249895065,-0.06443733845127728,-0.37234031447388954,-0.03469492755769292,0.956397271554127,0.39856891741171585,0.4421885641408914,0.8222948115649081,-0.6451239966845644,-0.5810160220117815,0.9026709338484401,-0.10962571771513507,3,0
-1.4095917401421754,2,1,-0.02913017747609325,0.0876134841591082,3,0.2546249253678617,1,-0.19147025379064658,1.7855109940078144,-0.9686946078410421,6,0.24620020465769926,1,0.46419217800454143,-0.6738292391077482,0.29322449987949,0.47087095579741883,1.1914379855160337,0.24198831185855807,-0.8067586047810468,-1.3960855268088614,0.33809616377248186,-0.3287530249895065,-0.3430340664612116,-0.6835058984856107,-0.03469492755769292,0.956397271554127,-0.9407157423252691,1.3265656924226743,0.8222948115649081,1.5500896031448563,-0.5810160220117815,0.9026709338484401,-0.10962571771513507,2,0
0.4486957459389056,2,2,-0.39827984031968844,0.0876134841591082,2,1.1697805251007627,1,-1.5200461931177043,0.3796721288811475,0.8338130801669732,7,0.24620020465769926,2,0.21866716359507385,-0.6738292391077482,0.13340246991180352,-0.5381382351970498,-0.6589728319256667,-0.9320143892374165,-0.1617378558263319,0.1557070814399298,0.33809616377248186,0.48978855145794353,1.04994957358846,1.8058187736081588,0.8059898555710231,0.1427954259612064,-1.696624802259933,1.3265656924226743,0.8222948115649081,1.5500896031448563,-0.5810160220117815,0.9026709338484401,-1.1628924173311372,1,0
-0.8630365971771515,2,1,-0.02913017747609325,1.0633091032037203,3,1.1697805251007627,0,-1.1263940629467242,0.3796721288811475,-0.9686946078410421,2,0.24620020465769926,1,1.5598493115684848,2.529174743069745,-0.2661526050074126,0.47087095579741883,0.26623257679518353,0.24198831185855807,-0.29074200561727487,-0.6201892226844657,0.33809616377248186,-0.3287530249895065,-0.3430340664612116,-0.37234031447388954,-0.5951514496435035,0.1427954259612064,-0.03453560421082252,1.3265656924226743,0.8222948115649081,-0.6451239966845644,1.7211229331292395,0.9026709338484401,-0.10962571771513507,2,0
-0.0978593970261182,2,2,-0.8904793907778153,1.0633091032037203,1,0.2546249253678617,0,-0.7327419327757442,0.3796721288811475,-0.06744076383703446,8,1.1532535902386967,2,-0.9660929231088825,0.12692175643662515,1.2521566796856087,0.47087095579741883,0.26623257679518353,-0.9320143892374165,0.741291192710269,-0.6201892226844657,-1.0778621289498782,0.9809134973264135,0.7713528455785257,1.1834876055847166,0.8059898555710231,0.1427954259612064,1.1312036689414304,1.3265656924226743,0.8222948115649081,1.5500896031448563,1.7211229331292395,0.9026709338484401,-1.1628924173311372,1,0
0.8859398603109246,0,1,-1.013529278392347,-1.863777753930116,1,0.2546249253678617,1,0.3990079414658235,-1.0261667362455194,0.8338130801669732,0,0.24620020465769926,1,-1.5344404664814566,0.12692175643662515,-0.10633057503972616,1.4798801467918874,1.1914379855160337,0.24198831185855807,1.773324391037813,0.1557070814399298,-1.0778621289498782,2.6179966502213134,3.000126669658,3.672812277678486,-0.03469492755769292,-0.6708064196317143,0.30698957347050154,1.3265656924226743,0.8222948115649081,-0.6451239966845644,1.7211229331292395,0.9026709338484401,-0.10962571771513507,3,0
-1.4095917401421754,2,0,1.5705183615128193,-1.863777753930116,0,1.1697805251007627,1,-0.3882963188761366,-2.432005601372186,-0.9686946078410421,1,0.24620020465769926,1,-0.38341020430999717,-0.6738292391077482,1.0923346497179223,-1.5471474261915186,0.26623257679518353,0.24198831185855807,-1.3227752039448188,-0.6201892226844657,0.33809616377248186,-0.9835862861474665,-1.1788242504910145,-0.6835058984856107,-1.1556079717293142,0.956397271554127,0.2756198534464392,0.4421885641408914,0.8222948115649081,1.5500896031448563,-0.5810160220117815,0.9026709338484401,-1.1628924173311372,1,1
1.104561917496934,1,2,-0.02913017747609325,0.0876134841591082,1,0.2546249253678617,1,0.7926600716368035,-2.432005601372186,1.7350669241709809,7,0.24620020465769926,1,1.3844542239995006,1.7284237475253719,0.0534914549279603,-1.5471474261915186,0.26623257679518353,-0.9320143892374165,1.773324391037813,0.1557070814399298,-2.4938204216722384,2.6179966502213134,0.21415938955865704,3.672812277678486,1.646674638699739,0.1427954259612064,0.6308060382350162,1.3265656924226743,0.8222948115649081,-0.6451239966845644,1.7211229331292395,0.9026709338484401,-0.10962571771513507,2,0
-1.1909696829561658,2,1,0.9552689234401607,1.0633091032037203,3,1.1697805251007627,1,-0.19147025379064658,-2.432005601372186,-0.9686946078410421,2,0.24620020465769926,1,-1.137833946353513,-0.6738292391077482,-1.2250847848135313,0.47087095579741883,0.26623257679518353,2.5899937140505074,-1.0647669043629329,0.1557070814399298,1.754054456494842,-0.6561696555684865,-0.6216307944711459,-0.6835058984856107,-0.5951514496435035,0.956397271554127,1.976162256686336,1.3265656924226743,0.8222948115649081,1.5500896031448563,1.7211229331292395,0.9026709338484401,-0.10962571771513507,1,0
0.8859398603109246,2,1,2.3088176872000097,-0.8880821348855039,5,1.1697805251007627,0,-0.8803614815898617,-1.0261667362455194,1.7350669241709809,5,-0.6608531809232983,2,0.3943433330351623,-0.6738292391077482,0.13340246991180352,-1.5471474261915186,0.26623257679518353,-0.9320143892374165,1.257307791874041,-0.6201892226844657,0.33809616377248186,2.2905800196423334,0.4927561175685914,1.8058187736081588,0.5257615945281178,0.956397271554127,-0.30927363603446545,0.4421885641408914,0.8222948115649081,1.5500896031448563,-0.5810160220117815,0.9026709338484401,-0.10962571771513507,2,0
-0.5351035113981373,1,1,0.09391971013843849,0.0876134841591082,1,-1.5756862740979403,1,-0.4867093514188816,0.3796721288811475,-0.9686946078410421,6,0.24620020465769926,1,0.42821369850321134,1.3280482497531851,1.5718007396209817,-1.5471474261915186,-1.584178240646517,0.24198831185855807,-0.1617378558263319,0.1557070814399298,-1.0778621289498782,-0.3287530249895065,-0.6216307944711459,-0.37234031447388954,-0.31492318860059826,0.1427954259612064,-0.46207453034522084,-1.3265656924226743,-1.216108852854004,-0.6451239966845644,-0.5810160220117815,-1.1078234188139944,-1.1628924173311372,4,0
-0.6444145399911421,2,1,-0.8904793907778153,1.0633091032037203,1,-0.6605306743650393,1,0.15297536010896096,0.3796721288811475,-0.9686946078410421,2,0.24620020465769926,1,0.5326356136183998,-0.6738292391077482,-1.2250847848135313,-0.5381382351970498,1.1914379855160337,0.24198831185855807,-0.6777544549901038,-0.6201892226844657,1.754054456494842,-0.3287530249895065,-0.6216307944711459,-0.6835058984856107,-0.31492318860059826,-0.6708064196317143,1.0957862431078116,1.3265656924226743,0.8222948115649081,1.5500896031448563,1.7211229331292395,0.9026709338484401,-0.10962571771513507,2,0
0.4486957459389056,0,0,-0.6443796155487519,0.0876134841591082,0,0.2546249253678617,1,-0.2898832863333916,-2.432005601372186,-0.06744076383703446,1,-0.6608531809232983,1,0.9108312711890223,1.3280482497531851,0.8526016047663926,1.4798801467918874,-0.6589728319256667,0.24198831185855807,-0.1617378558263319,0.9316033855643254,0.33809616377248186,-0.6561696555684865,-0.6216307944711459,-0.37234031447388954,-0.5951514496435035,-0.6708064196317143,-0.7818432893001791,1.3265656924226743,0.8222948115649081,1.5500896031448563,1.7211229331292395,0.9026709338484401,-1.1628924173311372,1,0
0.33938471734590087,2,1,-0.15218006509062498,-0.8880821348855039,1,-0.6605306743650393,0,1.2847252343505287,0.3796721288811475,-0.06744076383703446,4,-1.5679065665042957,1,-1.303110086562748,-0.2734537413355615,-1.0652627548458449,0.47087095579741883,-0.6589728319256667,0.24198831185855807,0.870295342501212,0.1557070814399298,0.33809616377248186,-0.9835862861474665,-1.1788242504910145,-0.6835058984856107,-1.1556079717293142,0.1427954259612064,-0.7914565905978755,-1.3265656924226743,-1.216108852854004,-0.6451239966845644,-0.5810160220117815,0.9026709338484401,0.9436409819008672,2,0
-1.4095917401421754,2,1,2.4318675748145413,-1.863777753930116,3,-0.6605306743650393,1,1.235518718079156,0.3796721288811475,-0.9686946078410421,2,-1.5679065665042957,0,-1.5025376741111365,-0.6738292391077482,-0.18624159002356938,-0.5381382351970498,-0.6589728319256667,2.5899937140505074,-0.6777544549901038,-0.6201892226844657,1.754054456494842,-0.16504470970001647,-0.6216307944711459,-0.37234031447388954,-0.5951514496435035,0.1427954259612064,-0.08867366941363981,-0.4421885641408914,-1.216108852854004,-0.6451239966845644,-0.5810160220117815,0.9026709338484401,0.9436409819008672,3,0
0.9952508889039294,2,1,0.4630693729820337,1.0633091032037203,1,0.2546249253678617,1,-1.5692527093890767,0.3796721288811475,-0.06744076383703446,0,-0.6608531809232983,2,-0.6487514906323067,1.3280482497531851,-1.2250847848135313,-0.5381382351970498,1.1914379855160337,-0.9320143892374165,0.999299492292155,0.1557070814399298,0.33809616377248186,0.48978855145794353,0.7713528455785257,-0.6835058984856107,1.3664463776568336,0.1427954259612064,-0.7833611789787627,1.3265656924226743,0.8222948115649081,1.5500896031448563,-0.5810160220117815,0.9026709338484401,-0.10962571771513507,1,0
-0.20717042561912297,2,1,2.185767799585478,1.0633091032037203,1,1.1697805251007627,1,-0.8311549653184892,0.3796721288811475,-0.06744076383703446,4,0.24620020465769926,1,-1.2876505836520202,-0.2734537413355615,0.21331348489564675,-0.5381382351970498,-0.6589728319256667,0.24198831185855807,0.741291192710269,0.1557070814399298,0.33809616377248186,-0.001336394410526465,0.7713528455785257,-0.6835058984856107,0.8059898555710231,0.1427954259612064,1.0765596405124185,-1.3265656924226743,-1.216108852854004,-0.6451239966845644,-0.5810160220117815,0.9026709338484401,-1.1628924173311372,3,0
-0.7537255685841467,2,1,0.832219035825629,-1.863777753930116,1,-0.6605306743650393,1,-1.6184592256604493,0.3796721288811475,-0.9686946078410421,6,1.1532535902386967,1,-1.475975437291795,-0.6738292391077482,-0.5058856499589423,-1.5471474261915186,-0.6589728319256667,0.24198831185855807,-0.1617378558263319,-0.6201892226844657,-1.0778621289498782,0.48978855145794353,-1.1788242504910145,-0.6835058984856107,1.0862181166139284,0.956397271554127,-2.361460481479577,0.4421885641408914,-1.216108852854004,-0.6451239966845644,-0.5810160220117815,0.9026709338484401,-1.1628924173311372,3,0
1.104561917496934,0,2,-0.8904793907778153,1.0633091032037203,2,0.2546249253678617,1,1.038692652993666,0.3796721288811475,-0.06744076383703446,7,-0.6608531809232983,1,-1.5146241945686145,1.7284237475253719,-1.0652627548458449,-1.5471474261915186,1.1914379855160337,0.24198831185855807,-0.9357627545719898,0.1557070814399298,-2.4938204216722384,-0.9835862861474665,-1.1788242504910145,-0.6835058984856107,-1.1556079717293142,-1.4844082652246349,0.32824002897067284,0.4421885641408914,0.8222948115649081,1.5500896031448563,1.7211229331292395,0.9026709338484401,-1.1628924173311372,2,0
0.9952508889039294,2,2,-0.8904793907778153,0.0876134841591082,1,0.2546249253678617,1,0.3990079414658235,0.3796721288811475,0.8338130801669732,7,1.1532535902386967,0,-1.2251098673313487,0.5272972542088118,-0.10633057503972616,-0.5381382351970498,-0.6589728319256667,0.24198831185855807,0.22527459354649704,1.707499689688721,-1.0778621289498782,0.48978855145794353,0.4927561175685914,-0.6835058984856107,-0.31492318860059826,0.1427954259612064,-0.4752295742262792,-0.4421885641408914,-1.216108852854004,-0.6451239966845644,-0.5810160220117815,-1.1078234188139944,-0.10962571771513507,3,0
-0.0978593970261182,2,2,0.4630693729820337,2.0390047222483325,2,-0.6605306743650393,1,1.4815512994360187,-1.0261667362455194,-0.06744076383703446,7,-1.5679065665042957,0,-0.7947735226709083,0.9276727519809984,-1.2250847848135313,-0.5381382351970498,-0.6589728319256667,2.5899937140505074,0.612287042919326,0.1557070814399298,0.33809616377248186,-0.8198779708579764,-0.6216307944711459,-0.061174730462168335,-0.5951514496435035,-0.6708064196317143,2.8788006522174205,-1.3265656924226743,-1.216108852854004,-0.6451239966845644,-0.5810160220117815,-1.1078234188139944,0.9436409819008672,3,0
-0.5351035113981373,2,2,-1.013529278392347,-0.8880821348855039,1,-1.5756862740979403,1,-1.5692527093890767,-2.432005601372186,-0.06744076383703446,7,-0.6608531809232983,2,-0.3044261985297334,1.3280482497531851,0.6927795747987061,0.47087095579741883,-0.6589728319256667,-0.9320143892374165,-0.1617378558263319,-0.6201892226844657,0.33809616377248186,-1.1472946014369565,-1.1788242504910145,-0.6835058984856107,-1.1556079717293142,0.956397271554127,-1.9981788850718873,-0.4421885641408914,-1.216108852854004,-0.6451239966845644,-0.5810160220117815,-1.1078234188139944,-0.10962571771513507,2,1
-1.5189027687351802,2,1,-0.6443796155487519,-1.863777753930116,3,0.2546249253678617,0,-0.7327419327757442,0.3796721288811475,-0.9686946078410421,2,-0.6608531809232983,2,-0.20393942961000286,-0.6738292391077482,-0.6657076799266287,-0.5381382351970498,0.26623257679518353,-0.9320143892374165,-1.0647669043629329,0.1557070814399298,-2.4938204216722384,-0.6561696555684865,-0.6216307944711459,-0.37234031447388954,-0.5951514496435035,-0.6708064196317143,-1.7092738829147969,-1.3265656924226743,0.8222948115649081,-0.6451239966845644,-0.5810160220117815,-1.1078234188139944,-0.10962571771513507,3,0
-0.6444145399911421,1,1,1.8166181367418828,-1.863777753930116,5,1.1697805251007627,0,-1.7660787744745667,0.3796721288811475,-0.06744076383703446,4,1.1532535902386967,2,-1.074168902548425,-0.2734537413355615,1.0124236347340791,1.4798801467918874,1.1914379855160337,-0.9320143892374165,-0.29074200561727487,0.1557070814399298,-1.0778621289498782,-0.3287530249895065,-0.06443733845127728,-0.37234031447388954,-0.03469492755769292,1.7699991171470477,-0.948811153944382,-1.3265656924226743,-1.216108852854004,-0.6451239966845644,-0.5810160220117815,-1.1078234188139944,-1.1628924173311372,3,0
0.23007368875289608,0,1,-1.013529278392347,0.0876134841591082,1,1.1697805251007627,1,0.5466274902799411,0.3796721288811475,-0.06744076383703446,2,1.1532535902386967,1,-0.7482544730031728,-0.6738292391077482,0.13340246991180352,1.4798801467918874,1.1914379855160337,0.24198831185855807,-0.29074200561727487,-0.6201892226844657,0.33809616377248186,0.32608023616845355,1.04994957358846,0.8723220215729953,1.0862181166139284,0.1427954259612064,-0.9386918894204909,1.3265656924226743,0.8222948115649081,1.5500896031448563,1.7211229331292395,0.9026709338484401,-1.1628924173311372,2,0
-0.5351035113981373,2,2,1.201368698669224,0.0876134841591082,1,1.1697805251007627,1,0.6942470390940585,-2.432005601372186,0.8338130801669732,7,0.24620020465769926,1,-1.4718997501607851,0.12692175643662515,-0.10633057503972616,-0.5381382351970498,0.26623257679518353,0.24198831185855807,-0.1617378558263319,-0.6201892226844657,-2.4938204216722384,-0.49246134027899646,-0.3430340664612116,-0.6835058984856107,-0.5951514496435035,0.1427954259612064,-0.8288978693362726,1.3265656924226743,0.8222948115649081,1.5500896031448563,1.7211229331292395,0.9026709338484401,-1.1628924173311372,2,0
0.33938471734590087,2,2,-0.2752299527051567,1.0633091032037203,3,-0.6605306743650393,1,1.0878991692650386,0.3796721288811475,2.6363207681749885,3,-0.6608531809232983,2,-1.400364413964781,-0.6738292391077482,-0.2661526050074126,0.47087095579741883,-0.6589728319256667,-0.9320143892374165,1.257307791874041,0.1557070814399298,-1.0778621289498782,2.2905800196423334,1.04994957358846,3.0504811096550437,1.0862181166139284,-0.6708064196317143,1.1514421979892124,-0.4421885641408914,0.8222948115649081,-0.6451239966845644,-0.5810160220117815,-1.1078234188139944,0.9436409819008672,3,0
0.8859398603109246,2,0,-0.6443796155487519,0.0876134841591082,1,0.2546249253678617,0,-0.4867093514188816,-2.432005601372186,0.8338130801669732,1,0.24620020465769926,1,-1.08470947271483,0.5272972542088118,-0.9054407248781584,1.4798801467918874,0.26623257679518353,1.4159910129545328,-0.29074200561727487,-0.6201892226844657,1.754054456494842,-0.3287530249895065,-1.1788242504910145,-0.6835058984856107,-0.31492318860059826,0.1427954259612064,-1.2731335819350913,0.4421885641408914,0.8222948115649081,-0.6451239966845644,1.7211229331292395,0.9026709338484401,0.9436409819008672,3,0
-0.7537255685841467,1,1,-0.8904793907778153,1.0633091032037203,5,1.1697805251007627,0,0.5958340065513135,-1.0261667362455194,-0.9686946078410421,6,-1.5679065665042957,2,1.7024983611538367,-1.0742047368799348,-1.2250847848135313,0.47087095579741883,1.1914379855160337,-0.9320143892374165,-0.1617378558263319,-0.6201892226844657,0.33809616377248186,0.32608023616845355,0.7713528455785257,-0.6835058984856107,0.8059898555710231,-1.4844082652246349,-0.8860717138962573,0.4421885641408914,0.8222948115649081,-0.6451239966845644,-0.5810160220117815,0.9026709338484401,-0.10962571771513507,2,0
-1.4095917401421754,1,0,0.09391971013843849,0.0876134841591082,3,-1.5756862740979403,1,-0.3390898026047641,0.3796721288811475,-0.9686946078410421,1,1.1532535902386967,1,-1.7168626008280443,-1.0742047368799348,-0.5857966649427855,0.47087095579741883,1.1914379855160337,0.24198831185855807,-1.0647669043629329,-0.6201892226844657,0.33809616377248186,-0.8198779708579764,-0.6216307944711459,-0.061174730462168335,-0.875379710686409,0.1427954259612064,-0.3588580322015318,-1.3265656924226743,-1.216108852854004,-0.6451239966845644,-0.5810160220117815,-1.1078234188139944,1.9969076815168694,4,0
-0.7537255685841467,1,0,-0.15218006509062498,0.0876134841591082,0,0.2546249253678617,0,0.005355811294843447,-1.0261667362455194,-0.9686946078410421,1,1.1532535902386967,0,-0.6438325578879842,1.3280482497531851,0.37313551486333324,-0.5381382351970498,0.26623257679518353,0.24198831185855807,-0.6777544549901038,-2.171981830933257,-1.0778621289498782,-0.49246134027899646,-0.6216307944711459,-0.37234031447388954,-0.5951514496435035,-0.6708064196317143,-0.5875534104414702,-0.4421885641408914,-1.216108852854004,-0.6451239966845644,-0.5810160220117815,-1.1078234188139944,-1.1628924173311372,3,1
-0.6444145399911421,2,2,-0.5213297279342202,0.0876134841591082,5,-1.5756862740979403,1,-0.7327419327757442,0.3796721288811475,-0.06744076383703446,7,0.24620020465769926,1,0.9317718705862807,-0.6738292391077482,-1.0652627548458449,1.4798801467918874,0.26623257679518353,0.24198831185855807,-0.6777544549901038,0.1557070814399298,0.33809616377248186,-0.3287530249895065,-0.6216307944711459,-0.6835058984856107,-0.5951514496435035,0.1427954259612064,0.1354680397905477,1.3265656924226743,0.8222948115649081,-0.6451239966845644,-0.5810160220117815,0.9026709338484401,-0.10962571771513507,5,0
-1.081658654363161,2,1,-0.15218006509062498,0.0876134841591082,3,0.2546249253678617,0,0.05456232756621595,0.3796721288811475,-0.9686946078410421,6,1.1532535902386967,2,-1.1469691071643975,-0.6738292391077482,-0.745618694910472,-1.5471474261915186,0.26623257679518353,-0.9320143892374165,-0.6777544549901038,1.707499689688721,-1.0778621289498782,-0.16504470970001647,-0.6216307944711459,-0.37234031447388954,-0.03469492755769292,0.1427954259612064,0.02061438744438389,0.4421885641408914,0.8222948115649081,1.5500896031448563,-0.5810160220117815,0.9026709338484401,-0.10962571771513507,2,0
-0.8630365971771515,2,2,-0.02913017747609325,0.0876134841591082,2,-0.6605306743650393,0,-0.6835354165043717,-2.432005601372186,-0.9686946078410421,8,-0.6608531809232983,2,0.04453694444605821,-0.6738292391077482,-0.745618694910472,-1.5471474261915186,0.26623257679518353,-0.9320143892374165,-1.1937710541538757,0.1557070814399298,0.33809616377248186,-0.8198779708579764,-0.6216307944711459,-0.061174730462168335,-0.5951514496435035,-0.6708064196317143,1.9564296908647483,-0.4421885641408914,0.8222948115649081,-0.6451239966845644,-0.5810160220117815,0.9026709338484401,-0.10962571771513507,2,1
-0.8630365971771515,1,1,-1.013529278392347,0.0876134841591082,1,1.1697805251007627,1,0.20218187638033347,1.7855109940078144,-0.06744076383703446,0,0.24620020465769926,2,1.2292970311500144,2.1287992452975586,-1.2250847848135313,-0.5381382351970498,1.1914379855160337,-0.9320143892374165,-0.1617378558263319,1.707499689688721,1.754054456494842,-0.6561696555684865,-0.6216307944711459,-0.6835058984856107,-0.5951514496435035,-0.6708064196317143,0.09296712879020513,-0.4421885641408914,0.8222948115649081,-0.6451239966845644,-0.5810160220117815,-1.1078234188139944,-0.10962571771513507,1,0
-0.7537255685841467,2,2,0.7091691482110972,-0.8880821348855039,2,0.2546249253678617,1,1.3831382668932737,-1.0261667362455194,0.8338130801669732,7,-1.5679065665042957,0,-1.5775865336959423,-0.2734537413355615,-0.4259746349750991,-1.5471474261915186,-1.584178240646517,0.24198831185855807,0.09627044375555406,-0.6201892226844657,0.33809616377248186,-0.001336394410526465,0.7713528455785257,-0.37234031447388954,0.8059898555710231,-0.6708064196317143,-0.09474522812797447,-1.3265656924226743,-1.216108852854004,-0.6451239966845644,-0.5810160220117815,-1.1078234188139944,1.9969076815168694,4,0
-0.3164814542121277,2,1,-0.8904793907778153,1.0633091032037203,3,1.1697805251007627,1,1.5307578157073911,1.7855109940078144,-0.9686946078410421,6,1.1532535902386967,1,-1.2265152766868694,-1.0742047368799348,0.0534914549279603,-0.5381382351970498,-1.584178240646517,2.5899937140505074,-0.6777544549901038,0.1557070814399298,0.33809616377248186,-0.3287530249895065,-1.1788242504910145,-0.37234031447388954,-0.5951514496435035,0.1427954259612064,-0.8253561267529107,1.3265656924226743,0.8222948115649081,1.5500896031448563,-0.5810160220117815,0.9026709338484401,-1.1628924173311372,2,0
-0.4257924828051325,0,2,-0.8904793907778153,0.0876134841591082,2,1.1697805251007627,0,-0.19147025379064658,0.3796721288811475,-0.06744076383703446,7,-0.6608531809232983,2,-0.508210555080236,2.1287992452975586,1.4918897246371383,0.47087095579741883,1.1914379855160337,-0.9320143892374165,0.22527459354649704,-0.6201892226844657,-1.0778621289498782,0.6534968667474336,0.7713528455785257,-0.37234031447388954,0.8059898555710231,0.1427954259612064,1.0790894566433913,1.3265656924226743,0.8222948115649081,1.5500896031448563,1.7211229331292395,0.9026709338484401,-1.1628924173311372,1,0
1.3231839746829437,2,2,0.21696959775297023,1.0633091032037203,2,1.1697805251007627,0,0.6942470390940585,0.3796721288811475,-0.06744076383703446,7,1.1532535902386967,2,-0.8604061395737252,0.12692175643662515,3.170021039297846,-1.5471474261915186,0.26623257679518353,-0.9320143892374165,-0.41974615540821786,-1.3960855268088614,1.754054456494842,-0.3287530249895065,-0.9002275224810803,-0.6835058984856107,-0.03469492755769292,0.1427954259612064,-0.1817709030334378,0.4421885641408914,0.8222948115649081,1.5500896031448563,-0.5810160220117815,0.9026709338484401,0.9436409819008672,4,0
-0.4257924828051325,2,2,0.832219035825629,0.0876134841591082,1,-1.5756862740979403,0,0.3990079414658235,0.3796721288811475,0.8338130801669732,7,-1.5679065665042957,2,-0.5932378210892388,-0.2734537413355615,-0.6657076799266287,1.4798801467918874,0.26623257679518353,-0.9320143892374165,-0.032733706035388915,-0.6201892226844657,-1.0778621289498782,-1.1472946014369565,-1.1788242504910145,-0.6835058984856107,-1.1556079717293142,0.1427954259612064,0.9698013997853676,-1.3265656924226743,-1.216108852854004,-0.6451239966845644,-0.5810160220117815,-1.1078234188139944,-0.10962571771513507,4,1
0.12076266015989133,1,1,-0.8904793907778153,-0.8880821348855039,3,0.2546249253678617,0,0.448214457737196,-1.0261667362455194,-0.9686946078410421,2,-0.6608531809232983,1,0.2318780115369685,0.5272972542088118,0.7726905897825493,-0.5381382351970498,-0.6589728319256667,0.24198831185855807,-0.29074200561727487,0.9316033855643254,-1.0778621289498782,-0.16504470970001647,-0.9002275224810803,-0.6835058984856107,0.24553333348521242,-0.6708064196317143,-0.860267589360335,0.4421885641408914,0.8222948115649081,-0.6451239966845644,-0.5810160220117815,0.9026709338484401,-0.10962571771513507,3,0
-0.6444145399911421,2,2,0.832219035825629,1.0633091032037203,2,-1.5756862740979403,1,0.20218187638033347,0.3796721288811475,0.8338130801669732,7,0.24620020465769926,1,0.6589819146797115,-0.2734537413355615,-0.6657076799266287,-0.5381382351970498,-1.584178240646517,2.5899937140505074,-0.1617378558263319,-0.6201892226844657,0.33809616377248186,-0.9835862861474665,-1.1788242504910145,-0.6835058984856107,-1.1556079717293142,0.1427954259612064,0.7810771164147988,-1.3265656924226743,-1.216108852854004,-0.6451239966845644,-0.5810160220117815,-1.1078234188139944,1.9969076815168694,4,1
-0.8630365971771515,2,1,-0.6443796155487519,0.0876134841591082,5,1.1697805251007627,0,1.235518718079156,-1.0261667362455194,-0.9686946078410421,6,-1.5679065665042957,0,-0.6051838006111648,-0.6738292391077482,0.0534914549279603,-0.5381382351970498,0.26623257679518353,0.24198831185855807,-1.3227752039448188,-0.6201892226844657,0.33809616377248186,-0.9835862861474665,-1.1788242504910145,-0.6835058984856107,-1.1556079717293142,-0.6708064196317143,1.5906182783260856,-0.4421885641408914,0.8222948115649081,-0.6451239966845644,-0.5810160220117815,0.9026709338484401,0.9436409819008672,3,0
-0.7537255685841467,2,1,0.832219035825629,0.0876134841591082,1,0.2546249253678617,1,-0.3882963188761366,1.7855109940078144,-0.06744076383703446,0,0.24620020465769926,1,-0.728719282961435,0.12692175643662515,-0.026419560055882932,0.47087095579741883,0.26623257679518353,0.24198831185855807,-0.1617378558263319,0.1557070814399298,0.33809616377248186,-0.001336394410526465,-1.1788242504910145,-0.37234031447388954,0.8059898555710231,1.7699991171470477,0.10764006234984722,0.4421885641408914,-1.216108852854004,-0.6451239966845644,-0.5810160220117815,0.9026709338484401,-0.10962571771513507,3,0
-0.5351035113981373,0,1,-0.5213297279342202,1.0633091032037203,5,-0.6605306743650393,1,-0.043850704976529056,0.3796721288811475,-0.9686946078410421,6,-0.6608531809232983,2,0.47234355226656155,-0.2734537413355615,-0.5857966649427855,0.47087095579741883,-0.6589728319256667,-0.9320143892374165,0.09627044375555406,0.1557070814399298,0.33809616377248186,-0.001336394410526465,0.7713528455785257,-0.6835058984856107,0.8059898555710231,-0.6708064196317143,-0.5000217723098124,-1.3265656924226743,0.8222948115649081,-0.6451239966845644,-0.5810160220117815,-1.1078234188139944,0.9436409819008672,3,0
0.12076266015989133,2,1,1.0783188110546924,0.0876134841591082,3,-0.6605306743650393,1,-0.2898832863333916,-2.432005601372186,-0.06744076383703446,0,1.1532535902386967,1,1.4371570748315272,0.12692175643662515,-0.10633057503972616,0.47087095579741883,0.26623257679518353,0.24198831185855807,0.483282893128383,-0.6201892226844657,0.33809616377248186,-0.9835862861474665,-1.1788242504910145,-0.37234031447388954,-1.1556079717293142,0.1427954259612064,-0.13016265396159327,0.4421885641408914,0.8222948115649081,-0.6451239966845644,-0.5810160220117815,0.9026709338484401,-0.10962571771513507,2,0
0.6673178031249152,1,1,0.9552689234401607,0.0876134841591082,5,0.2546249253678617,1,-1.3724266443035866,-1.0261667362455194,-0.9686946078410421,6,0.24620020465769926,1,0.17903461976938992,2.529174743069745,-0.745618694910472,0.47087095579741883,1.1914379855160337,0.24198831185855807,-0.6777544549901038,0.9316033855643254,0.33809616377248186,-0.9835862861474665,-1.1788242504910145,-0.6835058984856107,-1.1556079717293142,0.956397271554127,-1.031789123040289,-0.4421885641408914,-1.216108852854004,-0.6451239966845644,-0.5810160220117815,-1.1078234188139944,-1.1628924173311372,3,1
0.5580067745319104,2,1,0.340019485367502,0.0876134841591082,3,-0.6605306743650393,1,-0.4375028351475091,0.3796721288811475,-0.9686946078410421,2,-0.6608531809232983,0,-0.7534544876185995,2.1287992452975586,-0.026419560055882932,1.4798801467918874,-0.6589728319256667,2.5899937140505074,-0.5487503051991608,2.4833959938131165,-1.0778621289498782,-0.3287530249895065,-0.3430340664612116,-0.6835058984856107,-0.03469492755769292,1.7699991171470477,-0.1109360513662002,-1.3265656924226743,-1.216108852854004,-0.6451239966845644,-0.5810160220117815,-1.1078234188139944,0.9436409819008672,3,0
1.9790501462409722,2,1,-0.8904793907778153,0.0876134841591082,3,0.2546249253678617,1,-0.2898832863333916,-1.0261667362455194,2.6363207681749885,5,-1.5679065665042957,1,0.7718362859280243,2.1287992452975586,-0.2661526050074126,-0.5381382351970498,-0.6589728319256667,2.5899937140505074,2.9343617391562997,-0.6201892226844657,0.33809616377248186,-0.9835862861474665,-1.1788242504910145,-0.6835058984856107,-1.1556079717293142,-2.2980101108175557,0.38895561611401935,-1.3265656924226743,-1.216108852854004,-0.6451239966845644,-0.5810160220117815,-1.1078234188139944,0.9436409819008672,3,0
-0.4257924828051325,0,1,-0.6443796155487519,0.0876134841591082,5,1.1697805251007627,1,1.1863122018077836,0.3796721288811475,-0.06744076383703446,6,-0.6608531809232983,0,-1.1410663878712106,0.9276727519809984,-0.18624159002356938,0.47087095579741883,1.1914379855160337,1.4159910129545328,-0.032733706035388915,-0.6201892226844657,-1.0778621289498782,0.32608023616845355,1.04994957358846,-0.37234031447388954,0.8059898555710231,-1.4844082652246349,-0.5683268078460771,0.4421885641408914,0.8222948115649081,1.5500896031448563,1.7211229331292395,0.9026709338484401,-0.10962571771513507,2,0
0.4486957459389056,2,1,-0.02913017747609325,1.0633091032037203,1,0.2546249253678617,1,1.3831382668932737,0.3796721288811475,-0.9686946078410421,2,-1.5679065665042957,0,0.8723230548477549,-0.6738292391077482,-0.745618694910472,1.4798801467918874,-0.6589728319256667,1.4159910129545328,-0.8067586047810468,-0.6201892226844657,0.33809616377248186,-0.3287530249895065,-0.3430340664612116,-0.6835058984856107,-0.03469492755769292,0.956397271554127,1.9619952863528884,-0.4421885641408914,-1.216108852854004,-0.6451239966845644,-0.5810160220117815,-1.1078234188139944,-0.10962571771513507,3,0
-0.3164814542121277,0,2,0.09391971013843849,0.0876134841591082,1,1.1697805251007627,1,1.038692652993666,0.3796721288811475,-0.06744076383703446,7,0.24620020465769926,0,-0.2810964032280897,-0.6738292391077482,-1.0652627548458449,0.47087095579741883,0.26623257679518353,0.24198831185855807,0.483282893128383,0.1557070814399298,0.33809616377248186,1.3083301279053936,2.7215299416480656,-0.6835058984856107,0.8059898555710231,0.1427954259612064,1.3310591432882792,1.3265656924226743,0.8222948115649081,1.5500896031448563,1.7211229331292395,0.9026709338484401,-0.10962571771513507,2,0
1.7604280890549628,0,1,-1.013529278392347,1.0633091032037203,3,-1.5756862740979403,0,-0.2898832863333916,-1.0261667362455194,1.7350669241709809,4,0.24620020465769926,1,1.1236102476148573,0.5272972542088118,-0.34606361999125584,1.4798801467918874,1.1914379855160337,2.5899937140505074,2.0313326906196987,-0.6201892226844657,-1.0778621289498782,-0.6561696555684865,-0.6216307944711459,-0.6835058984856107,-0.5951514496435035,0.1427954259612064,1.1904013664061932,-1.3265656924226743,-1.216108852854004,-0.6451239966845644,1.7211229331292395,-1.1078234188139944,0.9436409819008672,3,0
0.6673178031249152,2,0,-0.8904793907778153,0.0876134841591082,1,-0.6605306743650393,1,1.5307578157073911,0.3796721288811475,-0.9686946078410421,1,1.1532535902386967,2,-1.3042344140471647,-1.0742047368799348,-0.5857966649427855,-0.5381382351970498,-0.6589728319256667,-0.9320143892374165,-0.1617378558263319,1.707499689688721,0.33809616377248186,0.32608023616845355,0.7713528455785257,-0.37234031447388954,1.0862181166139284,-0.6708064196317143,2.211941120092998,-0.4421885641408914,0.8222948115649081,-0.6451239966845644,-0.5810160220117815,-1.1078234188139944,0.9436409819008672,3,0
-0.3164814542121277,2,2,-0.7674295031632836,-0.8880821348855039,1,1.1697805251007627,0,-1.6676657419318217,-2.432005601372186,-0.06744076383703446,7,1.1532535902386967,2,1.5515573963709128,0.9276727519809984,-0.9853517398620016,-0.5381382351970498,-1.584178240646517,-0.9320143892374165,-0.6777544549901038,0.1557070814399298,0.33809616377248186,-0.8198779708579764,-0.6216307944711459,-0.061174730462168335,-0.5951514496435035,0.1427954259612064,-1.966809165047825,-0.4421885641408914,0.8222948115649081,-0.6451239966845644,-0.5810160220117815,0.9026709338484401,-1.1628924173311372,2,0
-1.7375248259211897,2,2,-0.2752299527051567,-1.863777753930116,2,-0.6605306743650393,1,-1.7168722582031943,0.3796721288811475,-0.9686946078410421,8,-0.6608531809232983,2,-1.3697264900144297,-0.6738292391077482,1.6517117546048248,-0.5381382351970498,-0.6589728319256667,-0.9320143892374165,-1.3227752039448188,0.1557070814399298,0.33809616377248186,-0.9835862861474665,-1.1788242504910145,-0.37234031447388954,-1.1556079717293142,-1.4844082652246349,-1.070242328231075,-1.3265656924226743,-1.216108852854004,-0.6451239966845644,-0.5810160220117815,-1.1078234188139944,3.0501743811328716,5,1
0.12076266015989133,2,1,-0.39827984031968844,-0.8880821348855039,4,1.1697805251007627,0,-1.2740136117608418,-1.0261667362455194,-0.9686946078410421,2,0.24620020465769926,1,0.2899214179199737,-0.6738292391077482,0.0534914549279603,-1.5471474261915186,-0.6589728319256667,0.24198831185855807,-0.8067586047810468,0.1557070814399298,0.33809616377248186,-0.3287530249895065,-0.06443733845127728,-0.6835058984856107,-0.03469492755769292,-1.4844082652246349,-0.618417167239338,1.3265656924226743,0.8222948115649081,1.5500896031448563,1.7211229331292395,0.9026709338484401,-1.1628924173311372,1,0
-1.628213797328185,2,1,-0.15218006509062498,-1.863777753930116,3,0.2546249253678617,0,0.645040522822686,0.3796721288811475,-0.9686946078410421,2,-1.5679065665042957,1,0.23693748521684305,-0.6738292391077482,0.37313551486333324,-0.5381382351970498,0.26623257679518353,-0.9320143892374165,-1.3227752039448188,2.4833959938131165,0.33809616377248186,-0.9835862861474665,-1.1788242504910145,-0.6835058984856107,-1.1556079717293142,-1.4844082652246349,-0.3927575683565669,0.4421885641408914,0.8222948115649081,-0.6451239966845644,-0.5810160220117815,0.9026709338484401,-1.1628924173311372,2,1
-0.6444145399911421,2,2,2.4318675748145413,1.0633091032037203,2,-1.5756862740979403,0,1.235518718079156,-1.0261667362455194,-0.06744076383703446,7,1.1532535902386967,1,-0.12804732441188466,-0.6738292391077482,0.37313551486333324,0.47087095579741883,-1.584178240646517,1.4159910129545328,0.22527459354649704,0.1557070814399298,0.33809616377248186,0.8172051820369235,0.7713528455785257,0.8723220215729953,0.8059898555710231,1.7699991171470477,1.3346008858716412,1.3265656924226743,0.8222948115649081,1.5500896031448563,1.7211229331292395,0.9026709338484401,-0.10962571771513507,2,0
1.5418060318689533,2,1,-0.7674295031632836,0.0876134841591082,5,-1.5756862740979403,0,-0.6343289002329991,0.3796721288811475,0.8338130801669732,3,0.24620020465769926,1,1.218615920048057,-0.2734537413355615,-0.5857966649427855,-1.5471474261915186,1.1914379855160337,-0.9320143892374165,0.483282893128383,-0.6201892226844657,0.33809616377248186,-0.8198779708579764,-0.6216307944711459,-0.061174730462168335,-0.5951514496435035,-0.6708064196317143,-0.6088038659416415,-0.4421885641408914,0.8222948115649081,-0.6451239966845644,-0.5810160220117815,0.9026709338484401,-1.1628924173311372,2,0
0.01145163156688656,2,2,-0.02913017747609325,-0.8880821348855039,2,-0.6605306743650393,1,-0.9787745141326066,-1.0261667362455194,-0.06744076383703446,7,-0.6608531809232983,1,-0.7748167098225142,-0.6738292391077482,-0.4259746349750991,0.47087095579741883,-1.584178240646517,1.4159910129545328,-0.8067586047810468,-0.6201892226844657,0.33809616377248186,-0.3287530249895065,-0.6216307944711459,-0.6835058984856107,-0.31492318860059826,0.1427954259612064,-1.4861441001629985,0.4421885641408914,-1.216108852854004,-0.6451239966845644,-0.5810160220117815,0.9026709338484401,-0.10962571771513507,3,0
0.9952508889039294,2,1,-0.8904793907778153,1.0633091032037203,3,0.2546249253678617,1,-0.9787745141326066,0.3796721288811475,2.6363207681749885,5,1.1532535902386967,0,-0.013365921001394932,1.7284237475253719,0.6128685598148629,0.47087095579741883,0.26623257679518353,0.24198831185855807,1.6443202412468698,0.1557070814399298,0.33809616377248186,-0.8198779708579764,-0.9002275224810803,-0.061174730462168335,-0.5951514496435035,0.1427954259612064,0.9348899371779433,-1.3265656924226743,-1.216108852854004,-0.6451239966845644,-0.5810160220117815,-1.1078234188139944,0.9436409819008672,2,0
-0.0978593970261182,2,1,0.09391971013843849,0.0876134841591082,1,1.1697805251007627,1,1.1863122018077836,0.3796721288811475,0.8338130801669732,0,-1.5679065665042957,1,1.6353197939599469,1.7284237475253719,0.4530465298471764,-0.5381382351970498,1.1914379855160337,0.24198831185855807,0.483282893128383,-1.3960855268088614,0.33809616377248186,0.8172051820369235,1.04994957358846,0.8723220215729953,0.8059898555710231,-1.4844082652246349,0.7279509776643707,0.4421885641408914,0.8222948115649081,-0.6451239966845644,-0.5810160220117815,0.9026709338484401,0.9436409819008672,3,0
0.7766288317179199,1,1,-1.013529278392347,-0.8880821348855039,3,0.2546249253678617,1,1.6291708482501361,0.3796721288811475,-0.9686946078410421,6,-0.6608531809232983,0,-0.4526968855371681,-0.6738292391077482,-0.5857966649427855,-0.5381382351970498,0.26623257679518353,2.5899937140505074,-0.6777544549901038,-0.6201892226844657,-1.0778621289498782,-0.3287530249895065,-0.3430340664612116,-0.061174730462168335,-0.31492318860059826,-1.4844082652246349,-0.5511240581554624,-1.3265656924226743,-1.216108852854004,-0.6451239966845644,-0.5810160220117815,-1.1078234188139944,1.9969076815168694,4,1
0.01145163156688656,2,0,-0.15218006509062498,-0.8880821348855039,4,0.2546249253678617,1,1.137105685536411,0.3796721288811475,-0.06744076383703446,1,-0.6608531809232983,0,-0.20815565767656496,-0.2734537413355615,2.051266829524041,-0.5381382351970498,0.26623257679518353,-0.9320143892374165,0.999299492292155,0.9316033855643254,-1.0778621289498782,0.48978855145794353,-1.1788242504910145,0.5611564375612741,0.8059898555710231,0.1427954259612064,1.1079293605364808,0.4421885641408914,0.8222948115649081,-0.6451239966845644,-0.5810160220117815,0.9026709338484401,-0.10962571771513507,2,0
-0.20717042561912297,2,2,2.185767799585478,0.0876134841591082,1,0.2546249253678617,1,0.8910731041795485,0.3796721288811475,-0.06744076383703446,7,1.1532535902386967,2,-0.11539864021219828,-0.6738292391077482,-1.1451737698296882,0.47087095579741883,1.1914379855160337,-0.9320143892374165,-0.1617378558263319,-0.6201892226844657,0.33809616377248186,0.48978855145794353,0.7713528455785257,1.4946531895964377,0.8059898555710231,1.7699991171470477,1.3988582155983496,1.3265656924226743,0.8222948115649081,1.5500896031448563,-0.5810160220117815,0.9026709338484401,-1.1628924173311372,3,1
-0.4257924828051325,2,1,-0.15218006509062498,1.0633091032037203,1,1.1697805251007627,1,1.1863122018077836,1.7855109940078144,-0.9686946078410421,6,-1.5679065665042957,1,-1.1576502182663548,1.3280482497531851,0.0534914549279603,1.4798801467918874,-0.6589728319256667,0.24198831185855807,0.35427874333744,-1.3960855268088614,0.33809616377248186,0.48978855145794353,1.04994957358846,1.4946531895964377,0.5257615945281178,-0.6708064196317143,0.5139285329840743,0.4421885641408914,0.8222948115649081,-0.6451239966845644,-0.5810160220117815,0.9026709338484401,-0.10962571771513507,3,0
-0.9723476257701563,2,1,-1.013529278392347,0.0876134841591082,1,0.2546249253678617,1,0.7926600716368035,0.3796721288811475,-0.9686946078410421,6,1.1532535902386967,1,-1.2342450281422335,-0.6738292391077482,-0.9054407248781584,-1.5471474261915186,0.26623257679518353,0.24198831185855807,-0.8067586047810468,2.4833959938131165,1.754054456494842,-0.3287530249895065,-0.3430340664612116,-0.6835058984856107,-0.31492318860059826,-0.6708064196317143,0.3363354405897857,1.3265656924226743,0.8222948115649081,1.5500896031448563,1.7211229331292395,0.9026709338484401,-0.10962571771513507,2,0
0.23007368875289608,2,1,0.09391971013843849,-1.863777753930116,3,0.2546249253678617,1,-0.043850704976529056,0.3796721288811475,0.8338130801669732,5,0.24620020465769926,2,-0.8993359787216488,1.7284237475253719,2.450821904443257,1.4798801467918874,0.26623257679518353,-0.9320143892374165,-0.29074200561727487,0.1557070814399298,0.33809616377248186,-0.49246134027899646,-0.3430340664612116,-0.061174730462168335,-0.5951514496435035,0.1427954259612064,0.08537768039728683,-1.3265656924226743,-1.216108852854004,-0.6451239966845644,-0.5810160220117815,-1.1078234188139944,-0.10962571771513507,3,0
0.9952508889039294,0,2,2.0627179119709464,-0.8880821348855039,1,-0.6605306743650393,1,1.5799643319787637,-1.0261667362455194,-0.06744076383703446,7,-0.6608531809232983,2,1.5252762414226755,2.1287992452975586,0.5329575448310196,0.47087095579741883,0.26623257679518353,-0.9320143892374165,-0.6777544549901038,0.1557070814399298,0.33809616377248186,-0.8198779708579764,-0.6216307944711459,-0.061174730462168335,-0.5951514496435035,0.1427954259612064,0.42083129936427627,0.4421885641408914,0.8222948115649081,1.5500896031448563,-0.5810160220117815,0.9026709338484401,-1.1628924173311372,2,0
0.33938471734590087,2,1,-0.8904793907778153,-0.8880821348855039,1,0.2546249253678617,0,1.6291708482501361,0.3796721288811475,-0.9686946078410421,2,-1.5679065665042957,1,1.5869737121300345,0.5272972542088118,-1.1451737698296882,0.47087095579741883,1.1914379855160337,0.24198831185855807,-0.5487503051991608,1.707499689688721,-1.0778621289498782,-0.49246134027899646,-0.3430340664612116,-0.6835058984856107,-0.5951514496435035,-0.6708064196317143,0.6900037356997791,0.4421885641408914,0.8222948115649081,-0.6451239966845644,1.7211229331292395,0.9026709338484401,-0.10962571771513507,3,0
0.5580067745319104,2,1,0.4630693729820337,0.0876134841591082,3,-0.6605306743650393,1,1.432344783164646,1.7855109940078144,-0.06744076383703446,0,-1.5679065665042957,1,-1.2110557737761418,0.9276727519809984,1.2521566796856087,-0.5381382351970498,0.26623257679518353,1.4159910129545328,-0.1617378558263319,-0.6201892226844657,-1.0778621289498782,-1.1472946014369565,-1.1788242504910145,-0.6835058984856107,-1.1556079717293142,-0.6708064196317143,-0.29864840828437983,0.4421885641408914,0.8222948115649081,-0.6451239966845644,-0.5810160220117815,0.9026709338484401,-0.10962571771513507,3,0
-0.20717042561912297,0,1,-0.8904793907778153,-0.8880821348855039,3,-0.6605306743650393,1,1.1863122018077836,0.3796721288811475,-0.06744076383703446,4,1.1532535902386967,0,1.4235246040829763,-0.2734537413355615,0.37313551486333324,0.47087095579741883,0.26623257679518353,0.24198831185855807,0.483282893128383,2.4833959938131165,0.33809616377248186,-0.001336394410526465,0.7713528455785257,-0.37234031447388954,0.8059898555710231,0.956397271554127,0.5159523858888524,-0.4421885641408914,0.8222948115649081,-0.6451239966845644,-0.5810160220117815,-1.1078234188139944,-0.10962571771513507,2,0
0.12076266015989133,0,0,-0.8904793907778153,0.0876134841591082,0,-1.5756862740979403,1,1.6783773645215088,0.3796721288811475,-0.9686946078410421,1,-0.6608531809232983,0,-1.0096606131300243,0.9276727519809984,-0.34606361999125584,-0.5381382351970498,1.1914379855160337,2.5899937140505074,0.22527459354649704,0.1557070814399298,0.33809616377248186,0.6534968667474336,1.6071430296083287,0.24999085354955286,1.0862181166139284,-1.4844082652246349,1.787437973315767,0.4421885641408914,0.8222948115649081,-0.6451239966845644,-0.5810160220117815,0.9026709338484401,-0.10962571771513507,3,0
-0.3164814542121277,1,1,-0.02913017747609325,1.0633091032037203,1,1.1697805251007627,1,1.333931750621901,0.3796721288811475,-0.06744076383703446,2,-1.5679065665042957,1,-1.1390988147734815,0.5272972542088118,0.8526016047663926,0.47087095579741883,0.26623257679518353,0.24198831185855807,-0.032733706035388915,0.1557070814399298,-1.0778621289498782,-0.001336394410526465,-0.9002275224810803,-0.6835058984856107,0.8059898555710231,-0.6708064196317143,-1.2569427586968656,0.4421885641408914,0.8222948115649081,-0.6451239966845644,-0.5810160220117815,0.9026709338484401,-0.10962571771513507,3,1
0.01145163156688656,2,1,0.09391971013843849,1.0633091032037203,3,1.1697805251007627,1,-0.3882963188761366,0.3796721288811475,-0.06744076383703446,4,-1.5679065665042957,2,-1.3099965924047996,-0.6738292391077482,-0.9853517398620016,0.47087095579741883,-0.6589728319256667,-0.9320143892374165,-0.1617378558263319,0.9316033855643254,-2.4938204216722384,0.48978855145794353,-0.3430340664612116,-0.6835058984856107,1.0862181166139284,-0.6708064196317143,0.4542248722931168,-1.3265656924226743,0.8222948115649081,-0.6451239966845644,-0.5810160220117815,-1.1078234188139944,0.9436409819008672,4,1
0.23007368875289608,1,2,1.3244185862837559,0.0876134841591082,1,0.2546249253678617,1,0.841866587908176,0.3796721288811475,-0.06744076383703446,7,1.1532535902386967,0,0.6851225286923966,-0.2734537413355615,0.6128685598148629,-0.5381382351970498,1.1914379855160337,0.24198831185855807,-0.5487503051991608,2.4833959938131165,0.33809616377248186,-0.8198779708579764,-0.9002275224810803,-0.061174730462168335,-0.5951514496435035,0.1427954259612064,1.3831733555863184,-1.3265656924226743,-1.216108852854004,-0.6451239966845644,-0.5810160220117815,-1.1078234188139944,-0.10962571771513507,3,0
0.6673178031249152,0,1,-0.02913017747609325,0.0876134841591082,1,-1.5756862740979403,1,-0.6835354165043717,0.3796721288811475,-0.9686946078410421,6,0.24620020465769926,2,1.4988545455388862,0.5272972542088118,-0.5857966649427855,-0.5381382351970498,0.26623257679518353,-0.9320143892374165,-0.5487503051991608,-0.6201892226844657,-1.0778621289498782,-0.6561696555684865,-0.6216307944711459,-0.37234031447388954,-0.5951514496435035,-0.6708064196317143,-0.30977959926066,-0.4421885641408914,0.8222948115649081,-0.6451239966845644,-0.5810160220117815,0.9026709338484401,-0.10962571771513507,2,0
0.4486957459389056,2,1,-0.5213297279342202,0.0876134841591082,1,-0.6605306743650393,1,0.9402796204509211,1.7855109940078144,-0.06744076383703446,0,-0.6608531809232983,2,0.17102378644292188,0.12692175643662515,-0.026419560055882932,-0.5381382351970498,-1.584178240646517,-0.9320143892374165,-0.032733706035388915,0.1557070814399298,-2.4938204216722384,-0.6561696555684865,-0.6216307944711459,-0.37234031447388954,-0.5951514496435035,0.1427954259612064,0.8792339822965424,-1.3265656924226743,-1.216108852854004,-0.6451239966845644,-0.5810160220117815,-1.1078234188139944,0.9436409819008672,3,0
0.4486957459389056,2,2,-0.6443796155487519,-1.863777753930116,2,0.2546249253678617,0,0.743453555365431,0.3796721288811475,0.8338130801669732,7,0.24620020465769926,0,1.706855130155951,-1.0742047368799348,0.13340246991180352,-0.5381382351970498,1.1914379855160337,0.24198831185855807,1.515316091455927,0.1557070814399298,1.754054456494842,2.454288334931823,2.7215299416480656,3.361646693666765,0.24553333348521242,0.1427954259612064,0.7653922564027676,1.3265656924226743,0.8222948115649081,1.5500896031448563,1.7211229331292395,0.9026709338484401,-0.10962571771513507,2,0
-0.7537255685841467,2,1,0.09391971013843849,0.0876134841591082,3,-1.5756862740979403,0,-0.09305722124790157,0.3796721288811475,0.8338130801669732,4,0.24620020465769926,2,-1.626635320203615,2.529174743069745,-0.4259746349750991,1.4798801467918874,-0.6589728319256667,-0.9320143892374165,-0.29074200561727487,0.1557070814399298,0.33809616377248186,-0.001336394410526465,0.7713528455785257,-0.6835058984856107,-0.5951514496435035,0.956397271554127,0.22451756760078923,-1.3265656924226743,-1.216108852854004,-0.6451239966845644,-0.5810160220117815,-1.1078234188139944,0.9436409819008672,3,0
-1.1909696829561658,2,0,1.3244185862837559,-0.8880821348855039,3,1.1697805251007627,0,0.15297536010896096,0.3796721288811475,-0.9686946078410421,1,-0.6608531809232983,1,-1.0433904376625214,-1.0742047368799348,-1.1451737698296882,-1.5471474261915186,0.26623257679518353,-0.9320143892374165,-0.6777544549901038,0.1557070814399298,0.33809616377248186,-0.3287530249895065,-0.9002275224810803,-0.37234031447388954,-0.03469492755769292,0.1427954259612064,-0.5025515884407852,1.3265656924226743,0.8222948115649081,1.5500896031448563,1.7211229331292395,0.9026709338484401,-0.10962571771513507,2,1
0.9952508889039294,2,1,1.4474684738982875,-0.8880821348855039,3,1.1697805251007627,0,0.005355811294843447,0.3796721288811475,-0.06744076383703446,0,-0.6608531809232983,1,-0.48783211942518573,0.5272972542088118,0.29322449987949,1.4798801467918874,1.1914379855160337,0.24198831185855807,0.22527459354649704,-0.6201892226844657,1.754054456494842,0.32608023616845355,0.7713528455785257,0.24999085354955286,0.8059898555710231,0.956397271554127,-0.9483051907181874,-0.4421885641408914,-1.216108852854004,-0.6451239966845644,-0.5810160220117815,0.9026709338484401,0.9436409819008672,5,1
0.33938471734590087,2,1,-1.013529278392347,0.0876134841591082,1,0.2546249253678617,0,-0.6835354165043717,0.3796721288811475,-0.06744076383703446,0,1.1532535902386967,0,-0.7382760665789758,0.5272972542088118,0.13340246991180352,0.47087095579741883,1.1914379855160337,0.24198831185855807,0.09627044375555406,0.1557070814399298,0.33809616377248186,-0.3287530249895065,-0.3430340664612116,-0.6835058984856107,-0.31492318860059826,0.1427954259612064,-0.5399928671791822,0.4421885641408914,0.8222948115649081,-0.6451239966845644,-0.5810160220117815,0.9026709338484401,-0.10962571771513507,2,0
-0.3164814542121277,2,2,-0.15218006509062498,-0.8880821348855039,5,-0.6605306743650393,1,1.2847252343505287,1.7855109940078144,-0.06744076383703446,7,0.24620020465769926,1,1.0983128792154846,-0.6738292391077482,1.7316227695886681,1.4798801467918874,0.26623257679518353,1.4159910129545328,-0.1617378558263319,1.707499689688721,0.33809616377248186,0.48978855145794353,1.04994957358846,0.5611564375612741,1.0862181166139284,0.956397271554127,0.03579328423022052,1.3265656924226743,0.8222948115649081,1.5500896031448563,-0.5810160220117815,0.9026709338484401,-0.10962571771513507,2,1
2.3069832320199866,0,2,-0.8904793907778153,0.0876134841591082,3,-0.6605306743650393,1,-0.6835354165043717,0.3796721288811475,1.7350669241709809,3,-0.6608531809232983,0,1.1614157592783643,0.5272972542088118,-1.0652627548458449,1.4798801467918874,1.1914379855160337,0.24198831185855807,3.321374188529129,-2.171981830933257,-1.0778621289498782,1.4720384431948834,1.3285463015983943,3.672812277678486,2.7675876828713606,-0.6708064196317143,-2.057882545762845,-1.3265656924226743,-1.216108852854004,-0.6451239966845644,-0.5810160220117815,-1.1078234188139944,1.9969076815168694,4,0
-0.20717042561912297,2,1,1.6935682491273512,1.0633091032037203,3,-0.6605306743650393,1,1.235518718079156,-2.432005601372186,-0.9686946078410421,2,0.24620020465769926,1,-0.6488920315678588,-1.0742047368799348,-1.0652627548458449,0.47087095579741883,-0.6589728319256667,0.24198831185855807,-0.6777544549901038,-0.6201892226844657,1.754054456494842,-0.3287530249895065,-0.06443733845127728,-0.6835058984856107,-0.31492318860059826,1.7699991171470477,-0.13218650686637148,1.3265656924226743,0.8222948115649081,1.5500896031448563,1.7211229331292395,0.9026709338484401,-0.10962571771513507,2,0
1.104561917496934,2,1,-0.6443796155487519,0.0876134841591082,1,0.2546249253678617,0,1.2847252343505287,-1.0261667362455194,0.8338130801669732,4,-0.6608531809232983,0,0.6967874263432186,2.1287992452975586,-0.9853517398620016,-0.5381382351970498,0.26623257679518353,0.24198831185855807,2.160336840410642,0.9316033855643254,0.33809616377248186,2.454288334931823,1.885739757618263,3.672812277678486,1.646674638699739,-0.6708064196317143,1.1231082573223174,1.3265656924226743,0.8222948115649081,1.5500896031448563,1.7211229331292395,0.9026709338484401,-1.1628924173311372,1,0
0.33938471734590087,2,1,0.340019485367502,0.0876134841591082,1,-0.6605306743650393,0,-0.9295679978612341,0.3796721288811475,-0.06744076383703446,0,-1.5679065665042957,0,-0.5010429673670804,-0.2734537413355615,-1.0652627548458449,-0.5381382351970498,-0.6589728319256667,0.24198831185855807,0.483282893128383,0.1557070814399298,0.33809616377248186,-0.001336394410526465,-0.06443733845127728,1.4946531895964377,0.8059898555710231,0.1427954259612064,0.1299024443024076,-0.4421885641408914,-1.216108852854004,-0.6451239966845644,-0.5810160220117815,-1.1078234188139944,-0.10962571771513507,4,0
1.8697391176479676,2,1,-0.2752299527051567,1.0633091032037203,3,1.1697805251007627,0,0.10376884383758846,0.3796721288811475,-0.06744076383703446,6,1.1532535902386967,1,0.19435358174456563,0.5272972542088118,2.850376979362473,0.47087095579741883,-0.6589728319256667,0.24198831185855807,0.35427874333744,-0.6201892226844657,-1.0778621289498782,-0.001336394410526465,-0.9002275224810803,-0.37234031447388954,0.8059898555710231,0.956397271554127,-0.2890351069866833,1.3265656924226743,0.8222948115649081,1.5500896031448563,1.7211229331292395,0.9026709338484401,-0.10962571771513507,3,0
-0.6444145399911421,1,2,-0.2752299527051567,1.0633091032037203,2,-1.5756862740979403,0,0.10376884383758846,0.3796721288811475,0.8338130801669732,7,-1.5679065665042957,1,-0.8483196191162472,-0.2734537413355615,0.13340246991180352,0.47087095579741883,1.1914379855160337,1.4159910129545328,-0.29074200561727487,0.1557070814399298,0.33809616377248186,-0.6561696555684865,-0.6216307944711459,-0.061174730462168335,-0.5951514496435035,-0.6708064196317143,-0.18683053529538332,-0.4421885641408914,-1.216108852854004,-0.6451239966845644,-0.5810160220117815,-1.1078234188139944,-0.10962571771513507,3,0
-0.9723476257701563,2,1,-1.013529278392347,0.0876134841591082,3,0.2546249253678617,0,0.05456232756621595,0.3796721288811475,-0.9686946078410421,6,-1.5679065665042957,1,-0.22403678339394897,-0.6738292391077482,-0.6657076799266287,1.4798801467918874,0.26623257679518353,0.24198831185855807,-1.0647669043629329,0.1557070814399298,0.33809616377248186,-0.6561696555684865,-0.6216307944711459,-0.37234031447388954,-0.5951514496435035,-0.6708064196317143,-0.02289845000834777,1.3265656924226743,0.8222948115649081,1.5500896031448563,1.7211229331292395,0.9026709338484401,-0.10962571771513507,2,0
0.12076266015989133,2,2,-0.8904793907778153,1.0633091032037203,2,-0.6605306743650393,0,0.5466274902799411,-2.432005601372186,-0.06744076383703446,8,1.1532535902386967,1,-1.4151212121977486,-0.2734537413355615,0.0534914549279603,1.4798801467918874,-1.584178240646517,1.4159910129545328,1.1283036420830979,0.9316033855643254,-1.0778621289498782,-0.49246134027899646,-0.6216307944711459,-0.6835058984856107,-0.31492318860059826,0.1427954259612064,-0.31838097410596744,-0.4421885641408914,-1.216108852854004,-0.6451239966845644,-0.5810160220117815,0.9026709338484401,-0.10962571771513507,3,0
-1.1909696829561658,2,2,0.09391971013843849,0.0876134841591082,3,0.2546249253678617,1,-0.9787745141326066,0.3796721288811475,-0.06744076383703446,7,1.1532535902386967,2,-0.7291409057680912,-0.6738292391077482,-1.2250847848135313,-0.5381382351970498,-1.584178240646517,-0.9320143892374165,-0.8067586047810468,0.9316033855643254,0.33809616377248186,-0.3287530249895065,-0.3430340664612116,-0.37234031447388954,-0.5951514496435035,1.7699991171470477,-2.2627976523716393,0.4421885641408914,0.8222948115649081,1.5500896031448563,-0.5810160220117815,0.9026709338484401,-0.10962571771513507,2,0
2.3069832320199866,1,1,0.7091691482110972,1.0633091032037203,1,-1.5756862740979403,1,1.038692652993666,0.3796721288811475,1.7350669241709809,5,0.24620020465769926,1,1.027480247697241,-0.2734537413355615,1.3320676946694519,0.47087095579741883,-0.6589728319256667,-0.9320143892374165,1.515316091455927,0.1557070814399298,0.33809616377248186,-0.8198779708579764,-0.6216307944711459,-0.061174730462168335,-0.5951514496435035,0.1427954259612064,1.9027975888881254,-1.3265656924226743,-1.216108852854004,-0.6451239966845644,-0.5810160220117815,-1.1078234188139944,1.9969076815168694,4,0
-2.065457911700204,0,1,0.5861192605965654,0.0876134841591082,3,-0.6605306743650393,0,-1.6184592256604493,0.3796721288811475,-0.9686946078410421,6,0.24620020465769926,2,-0.8847197214242335,-0.6738292391077482,0.5329575448310196,0.47087095579741883,0.26623257679518353,-0.9320143892374165,-1.4517793537357617,0.9316033855643254,-2.4938204216722384,-1.1472946014369565,-1.1788242504910145,-0.6835058984856107,-1.1556079717293142,0.956397271554127,2.0262526160795966,-1.3265656924226743,-1.216108852854004,-0.6451239966845644,-0.5810160220117815,-1.1078234188139944,1.9969076815168694,3,0
-0.6444145399911421,2,0,1.0783188110546924,2.0390047222483325,0,1.1697805251007627,1,1.137105685536411,1.7855109940078144,-0.9686946078410421,1,-1.5679065665042957,1,1.0093504670110238,-1.0742047368799348,0.5329575448310196,0.47087095579741883,0.26623257679518353,-0.9320143892374165,-1.1937710541538757,0.9316033855643254,0.33809616377248186,-0.9835862861474665,-1.1788242504910145,-0.6835058984856107,-1.1556079717293142,0.1427954259612064,1.831962737220888,1.3265656924226743,0.8222948115649081,1.5500896031448563,1.7211229331292395,0.9026709338484401,-0.10962571771513507,2,0
-0.8630365971771515,2,0,0.4630693729820337,0.0876134841591082,0,-1.5756862740979403,1,-0.4867093514188816,-1.0261667362455194,-0.9686946078410421,1,-1.5679065665042957,0,-1.5678892091428493,0.5272972542088118,0.7726905897825493,-0.5381382351970498,1.1914379855160337,2.5899937140505074,-0.9357627545719898,0.1557070814399298,0.33809616377248186,-0.8198779708579764,-0.6216307944711459,-0.061174730462168335,-1.1556079717293142,-0.6708064196317143,-0.2900470334390724,-1.3265656924226743,-1.216108852854004,-0.6451239966845644,-0.5810160220117815,-1.1078234188139944,-1.1628924173311372,3,1
0.8859398603109246,0,2,-0.8904793907778153,1.0633091032037203,1,0.2546249253678617,0,0.05456232756621595,0.3796721288811475,-0.06744076383703446,7,0.24620020465769926,1,0.7521605549507344,0.5272972542088118,0.6128685598148629,1.4798801467918874,-0.6589728319256667,1.4159910129545328,-0.1617378558263319,0.1557070814399298,1.754054456494842,0.16237192087896354,0.7713528455785257,0.8723220215729953,0.8059898555710231,0.1427954259612064,0.001893748075185384,1.3265656924226743,0.8222948115649081,1.5500896031448563,1.7211229331292395,0.9026709338484401,-0.10962571771513507,2,0
-0.0978593970261182,2,1,-0.8904793907778153,1.0633091032037203,4,1.1697805251007627,0,0.349801425194451,0.3796721288811475,-0.06744076383703446,6,-0.6608531809232983,1,0.7392307888799439,0.5272972542088118,-0.745618694910472,1.4798801467918874,1.1914379855160337,0.24198831185855807,0.483282893128383,-0.6201892226844657,0.33809616377248186,-0.9835862861474665,-1.1788242504910145,-0.6835058984856107,-1.1556079717293142,-0.6708064196317143,0.023650166801551215,0.4421885641408914,0.8222948115649081,-0.6451239966845644,1.7211229331292395,0.9026709338484401,-1.1628924173311372,2,0
0.6673178031249152,1,2,-0.8904793907778153,1.0633091032037203,1,-1.5756862740979403,1,1.2847252343505287,0.3796721288811475,-0.06744076383703446,7,1.1532535902386967,1,0.6932739029544167,-0.6738292391077482,2.370910889459414,1.4798801467918874,0.26623257679518353,0.24198831185855807,-0.5487503051991608,1.707499689688721,0.33809616377248186,-0.001336394410526465,0.7713528455785257,1.4946531895964377,0.8059898555710231,0.1427954259612064,1.145370639274878,0.4421885641408914,0.8222948115649081,-0.6451239966845644,-0.5810160220117815,-1.1078234188139944,1.9969076815168694,3,0
-1.081658654363161,1,1,-0.5213297279342202,-0.8880821348855039,1,1.1697805251007627,0,-0.6343289002329991,0.3796721288811475,-0.9686946078410421,2,1.1532535902386967,2,0.7747876455746178,-1.0742047368799348,0.37313551486333324,-0.5381382351970498,0.26623257679518353,-0.9320143892374165,-0.6777544549901038,0.1557070814399298,-1.0778621289498782,-0.3287530249895065,-0.06443733845127728,-0.6835058984856107,-0.5951514496435035,-1.4844082652246349,0.5832454949727282,-1.3265656924226743,-1.216108852854004,-0.6451239966845644,-0.5810160220117815,-1.1078234188139944,0.9436409819008672,3,0
-0.8630365971771515,1,1,1.3244185862837559,-1.863777753930116,3,1.1697805251007627,1,-1.2740136117608418,0.3796721288811475,-0.9686946078410421,2,1.1532535902386967,1,-1.0273687710095853,-0.6738292391077482,1.6517117546048248,-0.5381382351970498,-0.6589728319256667,-0.9320143892374165,-0.032733706035388915,0.1557070814399298,1.754054456494842,0.6534968667474336,1.04994957358846,0.24999085354955286,1.646674638699739,1.7699991171470477,-0.7833611789787627,0.4421885641408914,-1.216108852854004,-0.6451239966845644,-0.5810160220117815,0.9026709338484401,1.9969076815168694,4,0
-0.5351035113981373,1,2,0.09391971013843849,1.0633091032037203,2,1.1697805251007627,1,0.645040522822686,0.3796721288811475,-0.06744076383703446,7,1.1532535902386967,2,1.653027951839508,2.1287992452975586,1.1722456647017656,-0.5381382351970498,0.26623257679518353,-0.9320143892374165,-0.9357627545719898,-0.6201892226844657,1.754054456494842,-1.1472946014369565,-1.1788242504910145,-0.6835058984856107,-1.1556079717293142,0.1427954259612064,0.8245899538675305,-1.3265656924226743,-1.216108852854004,-0.6451239966845644,-0.5810160220117815,-1.1078234188139944,0.9436409819008672,3,0
0.5580067745319104,0,1,0.09391971013843849,1.0633091032037203,5,0.2546249253678617,1,-1.3724266443035866,0.3796721288811475,-0.9686946078410421,6,0.24620020465769926,1,-1.145704238744429,0.12692175643662515,-0.4259746349750991,1.4798801467918874,-0.6589728319256667,1.4159910129545328,-0.1617378558263319,-1.3960855268088614,-1.0778621289498782,-0.16504470970001647,-0.3430340664612116,0.24999085354955286,-0.31492318860059826,1.7699991171470477,-0.10739430878283832,-0.4421885641408914,-1.216108852854004,-0.6451239966845644,-0.5810160220117815,-1.1078234188139944,0.9436409819008672,3,0
1.104561917496934,2,1,-0.02913017747609325,1.0633091032037203,1,-0.6605306743650393,0,-0.09305722124790157,0.3796721288811475,-0.9686946078410421,2,0.24620020465769926,2,-1.251109940408482,0.5272972542088118,1.9713558145401977,-0.5381382351970498,0.26623257679518353,-0.9320143892374165,-0.5487503051991608,-0.6201892226844657,0.33809616377248186,-0.8198779708579764,-0.6216307944711459,-0.061174730462168335,-1.1556079717293142,0.1427954259612064,1.5440696615161866,-0.4421885641408914,0.8222948115649081,-0.6451239966845644,-0.5810160220117815,0.9026709338484401,-0.10962571771513507,2,0
0.9952508889039294,2,1,-0.8904793907778153,-0.8880821348855039,1,1.1697805251007627,1,0.7926600716368035,0.3796721288811475,0.8338130801669732,4,1.1532535902386967,0,0.7976958180696053,0.12692175643662515,-0.10633057503972616,0.47087095579741883,0.26623257679518353,0.24198831185855807,0.09627044375555406,0.9316033855643254,-1.0778621289498782,0.32608023616845355,1.04994957358846,0.5611564375612741,0.8059898555710231,0.956397271554127,1.4762705892061163,0.4421885641408914,0.8222948115649081,1.5500896031448563,-0.5810160220117815,-1.1078234188139944,-0.10962571771513507,2,0
-0.9723476257701563,0,0,-1.013529278392347,-0.8880821348855039,1,0.2546249253678617,1,-1.1263940629467242,0.3796721288811475,-0.9686946078410421,1,1.1532535902386967,0,-0.5367403649973064,-0.6738292391077482,0.8526016047663926,0.47087095579741883,-0.6589728319256667,0.24198831185855807,-1.0647669043629329,-0.6201892226844657,0.33809616377248186,-0.6561696555684865,-0.6216307944711459,-0.061174730462168335,-0.5951514496435035,0.956397271554127,-1.3090569709949045,0.4421885641408914,0.8222948115649081,-0.6451239966845644,-0.5810160220117815,-1.1078234188139944,-1.1628924173311372,2,0
-0.8630365971771515,2,1,2.4318675748145413,-1.863777753930116,1,1.1697805251007627,1,1.333931750621901,-2.432005601372186,-0.06744076383703446,0,0.24620020465769926,0,0.9598800576966949,2.1287992452975586,1.3320676946694519,0.47087095579741883,1.1914379855160337,1.4159910129545328,-0.032733706035388915,0.1557070814399298,0.33809616377248186,-0.001336394410526465,-1.1788242504910145,-0.37234031447388954,0.5257615945281178,1.7699991171470477,-0.09373330167558536,1.3265656924226743,0.8222948115649081,1.5500896031448563,-0.5810160220117815,0.9026709338484401,0.9436409819008672,2,0
0.5580067745319104,2,1,-0.15218006509062498,0.0876134841591082,1,1.1697805251007627,1,0.743453555365431,0.3796721288811475,-0.9686946078410421,2,0.24620020465769926,2,-0.09684723671932495,0.5272972542088118,-1.2250847848135313,-1.5471474261915186,1.1914379855160337,-0.9320143892374165,-0.41974615540821786,0.1557070814399298,0.33809616377248186,-1.1472946014369565,-1.1788242504910145,-0.6835058984856107,-1.1556079717293142,-1.4844082652246349,-0.11498375717575664,-0.4421885641408914,0.8222948115649081,-0.6451239966845644,-0.5810160220117815,-1.1078234188139944,-0.10962571771513507,2,1
-0.5351035113981373,2,2,-0.8904793907778153,1.0633091032037203,2,0.2546249253678617,1,0.7926600716368035,-1.0261667362455194,-0.06744076383703446,7,-0.6608531809232983,2,1.6686279956857877,1.7284237475253719,-0.745618694910472,-0.5381382351970498,0.26623257679518353,-0.9320143892374165,-0.5487503051991608,0.1557070814399298,-1.0778621289498782,-0.8198779708579764,-0.6216307944711459,-0.061174730462168335,-0.5951514496435035,0.1427954259612064,1.7312760552081716,0.4421885641408914,0.8222948115649081,1.5500896031448563,-0.5810160220117815,0.9026709338484401,-1.1628924173311372,2,1
0.9952508889039294,2,2,-0.7674295031632836,0.0876134841591082,5,-1.5756862740979403,0,-1.0279810304039791,1.7855109940078144,1.7350669241709809,7,-1.5679065665042957,0,-0.9239306424432613,-0.2734537413355615,-1.2250847848135313,-0.5381382351970498,1.1914379855160337,0.24198831185855807,1.773324391037813,1.707499689688721,0.33809616377248186,1.9631633890633533,3.557320125677869,-0.061174730462168335,1.0862181166139284,-1.4844082652246349,-0.4610626038928317,-0.4421885641408914,-1.216108852854004,-0.6451239966845644,-0.5810160220117815,-1.1078234188139944,-0.10962571771513507,2,0
-1.081658654363161,2,2,1.6935682491273512,-1.863777753930116,3,-0.6605306743650393,0,-1.4708396768463317,-1.0261667362455194,-0.06744076383703446,8,0.24620020465769926,1,-1.0252606569763043,-0.6738292391077482,-1.2250847848135313,1.4798801467918874,1.1914379855160337,0.24198831185855807,-0.29074200561727487,1.707499689688721,0.33809616377248186,0.32608023616845355,1.04994957358846,0.8723220215729953,1.0862181166139284,0.956397271554127,-0.0987929339375309,0.4421885641408914,-1.216108852854004,-0.6451239966845644,-0.5810160220117815,0.9026709338484401,0.9436409819008672,3,0
-0.8630365971771515,2,0,-0.39827984031968844,-1.863777753930116,3,1.1697805251007627,1,1.038692652993666,-1.0261667362455194,-0.9686946078410421,1,-0.6608531809232983,1,0.15753185662992308,-0.6738292391077482,1.6517117546048248,-1.5471474261915186,1.1914379855160337,-0.9320143892374165,-1.3227752039448188,0.1557070814399298,0.33809616377248186,-0.9835862861474665,-1.1788242504910145,-0.6835058984856107,-1.1556079717293142,-0.6708064196317143,-0.10638238233044921,1.3265656924226743,0.8222948115649081,1.5500896031448563,1.7211229331292395,0.9026709338484401,-1.1628924173311372,2,0
0.6673178031249152,2,1,-0.39827984031968844,0.0876134841591082,3,-1.5756862740979403,0,0.743453555365431,-1.0261667362455194,2.6363207681749885,3,0.24620020465769926,1,1.1560752037273856,1.7284237475253719,-1.2250847848135313,0.47087095579741883,1.1914379855160337,-0.9320143892374165,1.257307791874041,-0.6201892226844657,0.33809616377248186,1.4720384431948834,2.1643364856281972,1.1834876055847166,2.7675876828713606,0.1427954259612064,-1.2412578986848344,1.3265656924226743,0.8222948115649081,1.5500896031448563,1.7211229331292395,0.9026709338484401,-0.10962571771513507,2,0
1.213872946089939,2,1,0.09391971013843849,0.0876134841591082,1,1.1697805251007627,1,1.235518718079156,-1.0261667362455194,2.6363207681749885,5,-0.6608531809232983,1,-0.10260941507695985,0.5272972542088118,-0.745618694910472,-0.5381382351970498,1.1914379855160337,-0.9320143892374165,2.289340990201585,0.1557070814399298,0.33809616377248186,2.454288334931823,1.6071430296083287,3.0504811096550437,1.3664463776568336,0.1427954259612064,0.03174557842066408,0.4421885641408914,0.8222948115649081,-0.6451239966845644,-0.5810160220117815,0.9026709338484401,-0.10962571771513507,3,0
-0.8630365971771515,1,1,1.8166181367418828,-0.8880821348855039,1,1.1697805251007627,1,0.349801425194451,-1.0261667362455194,-0.9686946078410421,6,1.1532535902386967,2,0.061823479518962915,-0.6738292391077482,1.6517117546048248,0.47087095579741883,-0.6589728319256667,-0.9320143892374165,-1.3227752039448188,0.1557070814399298,-1.0778621289498782,-0.9835862861474665,-1.1788242504910145,-0.37234031447388954,-1.1556079717293142,1.7699991171470477,-1.2478354206253635,-1.3265656924226743,-1.216108852854004,-0.6451239966845644,-0.5810160220117815,-1.1078234188139944,-0.10962571771513507,4,1
0.9952508889039294,2,2,0.09391971013843849,0.0876134841591082,1,0.2546249253678617,0,-0.09305722124790157,0.3796721288811475,0.8338130801669732,7,-0.6608531809232983,1,-0.042457894660673574,0.9276727519809984,-0.5058856499589423,1.4798801467918874,0.26623257679518353,2.5899937140505074,0.35427874333744,-0.6201892226844657,0.33809616377248186,0.16237192087896354,0.7713528455785257,-0.6835058984856107,0.8059898555710231,0.1427954259612064,1.487907743408591,1.3265656924226743,0.8222948115649081,1.5500896031448563,-0.5810160220117815,0.9026709338484401,-1.1628924173311372,1,1
-1.081658654363161,1,1,0.7091691482110972,0.0876134841591082,1,1.1697805251007627,0,0.5466274902799411,-1.0261667362455194,-0.9686946078410421,6,-1.5679065665042957,1,1.339481124622838,-1.0742047368799348,0.0534914549279603,1.4798801467918874,1.1914379855160337,0.24198831185855807,-0.41974615540821786,-0.6201892226844657,-1.0778621289498782,-0.001336394410526465,0.4927561175685914,1.4946531895964377,-0.31492318860059826,0.1427954259612064,0.039840990039776945,-0.4421885641408914,-1.216108852854004,-0.6451239966845644,-0.5810160220117815,-1.1078234188139944,-1.1628924173311372,4,0
0.23007368875289608,2,1,1.201368698669224,1.0633091032037203,4,1.1697805251007627,1,-1.2248070954894692,0.3796721288811475,-0.06744076383703446,6,1.1532535902386967,0,-1.289055993007541,2.1287992452975586,-0.4259746349750991,0.47087095579741883,-0.6589728319256667,2.5899937140505074,-0.5487503051991608,-0.6201892226844657,0.33809616377248186,-0.8198779708579764,-0.6216307944711459,-0.061174730462168335,-0.5951514496435035,1.7699991171470477,-0.10688834555664377,1.3265656924226743,0.8222948115649081,1.5500896031448563,-0.5810160220117815,0.9026709338484401,-1.1628924173311372,1,0
1.9790501462409722,2,1,-0.8904793907778153,1.0633091032037203,5,-0.6605306743650393,1,1.5799643319787637,-1.0261667362455194,-0.9686946078410421,6,1.1532535902386967,1,-0.8907629816529725,2.1287992452975586,1.3320676946694519,1.4798801467918874,-0.6589728319256667,0.24198831185855807,0.999299492292155,-0.6201892226844657,1.754054456494842,-0.3287530249895065,-0.6216307944711459,-0.6835058984856107,-0.03469492755769292,-0.6708064196317143,0.44106982841205844,1.3265656924226743,0.8222948115649081,1.5500896031448563,1.7211229331292395,0.9026709338484401,-1.1628924173311372,2,0
-0.9723476257701563,2,2,-0.7674295031632836,0.0876134841591082,3,-0.6605306743650393,0,0.5958340065513135,0.3796721288811475,-0.9686946078410421,8,-0.6608531809232983,1,-1.4926998086224916,-0.6738292391077482,-0.745618694910472,1.4798801467918874,1.1914379855160337,0.24198831185855807,-1.3227752039448188,0.1557070814399298,0.33809616377248186,-0.9835862861474665,-1.1788242504910145,-0.6835058984856107,-1.1556079717293142,-0.6708064196317143,-0.15444888881893187,-0.4421885641408914,-1.216108852854004,-0.6451239966845644,1.7211229331292395,0.9026709338484401,-0.10962571771513507,3,0
-0.7537255685841467,2,2,-0.02913017747609325,0.0876134841591082,3,-0.6605306743650393,1,1.137105685536411,0.3796721288811475,-0.9686946078410421,8,1.1532535902386967,2,0.23974830392788446,-0.6738292391077482,-1.1451737698296882,-1.5471474261915186,0.26623257679518353,-0.9320143892374165,-1.3227752039448188,0.1557070814399298,-1.0778621289498782,-0.9835862861474665,-1.1788242504910145,-0.6835058984856107,-1.1556079717293142,0.956397271554127,1.2521288800019288,-1.3265656924226743,-1.216108852854004,-0.6451239966845644,-0.5810160220117815,-1.1078234188139944,-1.1628924173311372,2,0
-1.628213797328185,2,1,-0.2752299527051567,-1.863777753930116,1,1.1697805251007627,1,0.448214457737196,0.3796721288811475,-0.9686946078410421,6,-0.6608531809232983,2,1.655417147743893,-0.6738292391077482,1.7316227695886681,1.4798801467918874,-1.584178240646517,-0.9320143892374165,-1.3227752039448188,-0.6201892226844657,0.33809616377248186,-0.9835862861474665,-1.1788242504910145,-0.6835058984856107,-1.1556079717293142,-0.6708064196317143,-0.6335960640251747,-0.4421885641408914,0.8222948115649081,-0.6451239966845644,-0.5810160220117815,-1.1078234188139944,-1.1628924173311372,2,1
-0.0978593970261182,2,2,0.09391971013843849,1.0633091032037203,5,-0.6605306743650393,0,-0.14226373751927407,-1.0261667362455194,-0.06744076383703446,7,0.24620020465769926,1,-1.159898873235188,-0.6738292391077482,-0.9054407248781584,-1.5471474261915186,-1.584178240646517,0.24198831185855807,-0.1617378558263319,0.9316033855643254,0.33809616377248186,0.48978855145794353,1.3285463015983943,-0.37234031447388954,0.8059898555710231,-1.4844082652246349,-0.44284792774982773,0.4421885641408914,0.8222948115649081,-0.6451239966845644,-0.5810160220117815,0.9026709338484401,0.9436409819008672,3,0
-0.6444145399911421,2,1,1.3244185862837559,0.0876134841591082,1,-0.6605306743650393,1,1.137105685536411,0.3796721288811475,-0.06744076383703446,2,0.24620020465769926,0,0.6058574410410288,-0.6738292391077482,-0.6657076799266287,-1.5471474261915186,-1.584178240646517,0.24198831185855807,-0.1617378558263319,-0.6201892226844657,0.33809616377248186,0.48978855145794353,1.04994957358846,-0.6835058984856107,-0.5951514496435035,0.956397271554127,-0.7231515550616108,0.4421885641408914,0.8222948115649081,-0.6451239966845644,-0.5810160220117815,0.9026709338484401,-0.10962571771513507,3,0
-0.3164814542121277,2,2,-0.6443796155487519,0.0876134841591082,1,0.2546249253678617,1,-0.09305722124790157,0.3796721288811475,0.8338130801669732,7,1.1532535902386967,1,1.4238056859540804,-0.2734537413355615,-0.18624159002356938,-0.5381382351970498,1.1914379855160337,2.5899937140505074,-0.29074200561727487,0.1557070814399298,0.33809616377248186,-0.3287530249895065,-0.3430340664612116,-0.37234031447388954,-1.1556079717293142,-0.6708064196317143,0.9945935978689007,1.3265656924226743,0.8222948115649081,-0.6451239966845644,1.7211229331292395,0.9026709338484401,-1.1628924173311372,2,0
-0.8630365971771515,2,1,-0.2752299527051567,0.0876134841591082,1,1.1697805251007627,1,-0.3390898026047641,0.3796721288811475,-0.9686946078410421,2,-1.5679065665042957,2,0.7126685520606025,0.12692175643662515,0.8526016047663926,-0.5381382351970498,-0.6589728319256667,-0.9320143892374165,-0.032733706035388915,-0.6201892226844657,0.33809616377248186,-0.6561696555684865,-0.6216307944711459,-0.37234031447388954,-0.5951514496435035,0.1427954259612064,-0.6766029382517118,-0.4421885641408914,0.8222948115649081,-0.6451239966845644,-0.5810160220117815,-1.1078234188139944,-0.10962571771513507,2,0
0.01145163156688656,2,1,-0.2752299527051567,1.0633091032037203,3,1.1697805251007627,1,0.5958340065513135,0.3796721288811475,-0.06744076383703446,6,-1.5679065665042957,1,-0.1019067103991995,0.9276727519809984,-0.8255297098943152,1.4798801467918874,0.26623257679518353,0.24198831185855807,0.612287042919326,-0.6201892226844657,0.33809616377248186,-0.3287530249895065,-0.3430340664612116,-0.6835058984856107,-0.03469492755769292,-0.6708064196317143,0.2346368321246803,1.3265656924226743,0.8222948115649081,1.5500896031448563,1.7211229331292395,0.9026709338484401,-0.10962571771513507,2,0
-0.20717042561912297,2,1,0.832219035825629,-0.8880821348855039,4,1.1697805251007627,0,-1.0771875466753518,-1.0261667362455194,-0.06744076383703446,4,-0.6608531809232983,1,1.5564763291152353,-1.0742047368799348,0.37313551486333324,-1.5471474261915186,1.1914379855160337,-0.9320143892374165,-0.9357627545719898,-0.6201892226844657,0.33809616377248186,-0.6561696555684865,-0.6216307944711459,-0.6835058984856107,-0.5951514496435035,-0.6708064196317143,-0.5126708529646762,-1.3265656924226743,-1.216108852854004,-0.6451239966845644,-0.5810160220117815,-1.1078234188139944,1.9969076815168694,3,0
0.8859398603109246,2,1,1.9396680243564146,-0.8880821348855039,1,-0.6605306743650393,0,1.333931750621901,-1.0261667362455194,-0.06744076383703446,4,1.1532535902386967,1,1.3456649257871292,-1.0742047368799348,-0.34606361999125584,-0.5381382351970498,1.1914379855160337,1.4159910129545328,-0.1617378558263319,-0.6201892226844657,-1.0778621289498782,0.32608023616845355,1.04994957358846,0.24999085354955286,1.0862181166139284,0.956397271554127,-1.258460648375449,-1.3265656924226743,-1.216108852854004,-0.6451239966845644,-0.5810160220117815,0.9026709338484401,0.9436409819008672,3,0
-0.0978593970261182,1,0,-0.8904793907778153,-1.863777753930116,0,-0.6605306743650393,1,1.3831382668932737,-1.0261667362455194,-0.06744076383703446,1,1.1532535902386967,2,-1.4180725718443419,-0.6738292391077482,-0.5857966649427855,1.4798801467918874,1.1914379855160337,-0.9320143892374165,-0.1617378558263319,-0.6201892226844657,-1.0778621289498782,0.48978855145794353,-0.9002275224810803,-0.6835058984856107,1.0862181166139284,0.1427954259612064,0.15115289980257887,0.4421885641408914,0.8222948115649081,1.5500896031448563,-0.5810160220117815,0.9026709338484401,-1.1628924173311372,2,0
0.33938471734590087,2,1,-1.013529278392347,1.0633091032037203,1,-1.5756862740979403,1,1.5799643319787637,0.3796721288811475,1.7350669241709809,3,-1.5679065665042957,0,0.6574359643886387,-0.2734537413355615,-0.18624159002356938,-1.5471474261915186,-1.584178240646517,0.24198831185855807,1.3863119416649838,0.1557070814399298,0.33809616377248186,1.9631633890633533,0.7713528455785257,2.7393155256433226,3.328044204957171,-2.2980101108175557,0.038829063587387844,-0.4421885641408914,0.8222948115649081,-0.6451239966845644,-0.5810160220117815,-1.1078234188139944,0.9436409819008672,3,0
-1.1909696829561658,2,1,-1.013529278392347,-0.8880821348855039,1,-0.6605306743650393,0,1.1863122018077836,-1.0261667362455194,-0.9686946078410421,6,0.24620020465769926,1,0.08360732452953387,-0.6738292391077482,0.0534914549279603,-0.5381382351970498,0.26623257679518353,0.24198831185855807,-1.3227752039448188,0.1557070814399298,-1.0778621289498782,-0.9835862861474665,-1.1788242504910145,-0.37234031447388954,-1.1556079717293142,-1.4844082652246349,0.19415977402911597,-1.3265656924226743,0.8222948115649081,-0.6451239966845644,-0.5810160220117815,-1.1078234188139944,-0.10962571771513507,2,1
-1.081658654363161,2,2,-0.8904793907778153,-0.8880821348855039,3,-1.5756862740979403,0,1.137105685536411,1.7855109940078144,-0.06744076383703446,7,0.24620020465769926,2,1.782606694418517,-1.0742047368799348,-1.2250847848135313,0.47087095579741883,-0.6589728319256667,-0.9320143892374165,-0.29074200561727487,1.707499689688721,-1.0778621289498782,0.16237192087896354,0.7713528455785257,-0.6835058984856107,0.8059898555710231,-0.6708064196317143,-0.31989886378455107,-0.4421885641408914,0.8222948115649081,-0.6451239966845644,-0.5810160220117815,-1.1078234188139944,0.9436409819008672,3,0
1.213872946089939,1,1,1.5705183615128193,0.0876134841591082,3,1.1697805251007627,0,-0.3882963188761366,0.3796721288811475,1.7350669241709809,3,1.1532535902386967,0,-1.6690786827403403,0.12692175643662515,-0.9853517398620016,-0.5381382351970498,-0.6589728319256667,0.24198831185855807,1.6443202412468698,0.1557070814399298,0.33809616377248186,2.454288334931823,3.557320125677869,0.5611564375612741,0.8059898555710231,0.956397271554127,1.912410890185822,-1.3265656924226743,-1.216108852854004,-0.6451239966845644,-0.5810160220117815,-1.1078234188139944,-0.10962571771513507,4,0
0.7766288317179199,2,1,-1.013529278392347,1.0633091032037203,1,-0.6605306743650393,1,0.5958340065513135,1.7855109940078144,-0.06744076383703446,0,-1.5679065665042957,1,-0.6955516221711463,-0.2734537413355615,1.8115337845725112,0.47087095579741883,1.1914379855160337,0.24198831185855807,-0.1617378558263319,1.707499689688721,0.33809616377248186,-0.8198779708579764,-1.1788242504910145,-0.061174730462168335,-0.5951514496435035,-2.2980101108175557,0.3100253528276689,1.3265656924226743,0.8222948115649081,1.5500896031448563,1.7211229331292395,0.9026709338484401,-1.1628924173311372,1,0
-0.3164814542121277,0,1,0.832219035825629,1.0633091032037203,5,1.1697805251007627,1,0.9402796204509211,-2.432005601372186,-0.9686946078410421,6,-1.5679065665042957,1,0.020644985402206186,-0.6738292391077482,-0.9054407248781584,1.4798801467918874,-0.6589728319256667,0.24198831185855807,-0.8067586047810468,-0.6201892226844657,0.33809616377248186,-0.3287530249895065,-0.6216307944711459,0.24999085354955286,-1.1556079717293142,0.956397271554127,2.693112148204019,1.3265656924226743,0.8222948115649081,1.5500896031448563,-0.5810160220117815,0.9026709338484401,-0.10962571771513507,2,1
2.088361174833977,2,1,1.8166181367418828,-0.8880821348855039,1,-1.5756862740979403,1,1.5307578157073911,0.3796721288811475,-0.9686946078410421,2,1.1532535902386967,2,-0.5694864029809389,-0.6738292391077482,-0.34606361999125584,0.47087095579741883,1.1914379855160337,-0.9320143892374165,-0.8067586047810468,0.1557070814399298,0.33809616377248186,-0.49246134027899646,-0.6216307944711459,-0.37234031447388954,-1.1556079717293142,-2.2980101108175557,-0.380108487701703,-1.3265656924226743,0.8222948115649081,-0.6451239966845644,-0.5810160220117815,-1.1078234188139944,1.9969076815168694,4,1
-0.0978593970261182,2,2,0.9552689234401607,-0.8880821348855039,2,0.2546249253678617,1,-1.6184592256604493,-1.0261667362455194,-0.06744076383703446,7,-0.6608531809232983,1,0.35260267517619726,-0.2734537413355615,-1.2250847848135313,-0.5381382351970498,0.26623257679518353,1.4159910129545328,0.09627044375555406,-1.3960855268088614,-2.4938204216722384,-0.49246134027899646,-0.6216307944711459,-0.37234031447388954,-0.31492318860059826,0.1427954259612064,-1.6824578319264856,-1.3265656924226743,-1.216108852854004,-0.6451239966845644,-0.5810160220117815,-1.1078234188139944,1.9969076815168694,3,0
0.4486957459389056,2,2,-0.15218006509062498,0.0876134841591082,2,0.2546249253678617,0,-0.5851223839616266,0.3796721288811475,-0.06744076383703446,7,-0.6608531809232983,1,1.760682308472394,0.9276727519809984,0.9325126197502358,1.4798801467918874,0.26623257679518353,0.24198831185855807,0.35427874333744,0.1557070814399298,0.33809616377248186,-0.3287530249895065,-0.06443733845127728,-0.37234031447388954,-0.03469492755769292,0.956397271554127,-0.28195162181995953,1.3265656924226743,0.8222948115649081,1.5500896031448563,1.7211229331292395,0.9026709338484401,3.0501743811328716,2,0
0.5580067745319104,2,1,-0.39827984031968844,0.0876134841591082,3,0.2546249253678617,1,0.841866587908176,0.3796721288811475,0.8338130801669732,5,-1.5679065665042957,1,0.07433162278309721,2.529174743069745,0.37313551486333324,-0.5381382351970498,-0.6589728319256667,0.24198831185855807,0.870295342501212,0.1557070814399298,1.754054456494842,0.9809134973264135,0.7713528455785257,0.8723220215729953,0.8059898555710231,-1.4844082652246349,-0.4843369122977812,0.4421885641408914,0.8222948115649081,-0.6451239966845644,-0.5810160220117815,-1.1078234188139944,0.9436409819008672,2,0
-0.6444145399911421,2,2,0.09391971013843849,-0.8880821348855039,3,0.2546249253678617,0,0.9894861367222936,0.3796721288811475,-0.06744076383703446,7,1.1532535902386967,0,0.8154039759491662,-0.2734537413355615,-0.9054407248781584,-1.5471474261915186,1.1914379855160337,0.24198831185855807,-0.41974615540821786,-0.6201892226844657,0.33809616377248186,-0.3287530249895065,-0.6216307944711459,-0.37234031447388954,-0.03469492755769292,0.1427954259612064,1.1731986167155783,-0.4421885641408914,-1.216108852854004,-0.6451239966845644,-0.5810160220117815,0.9026709338484401,0.9436409819008672,3,0
-0.3164814542121277,2,2,-0.7674295031632836,-1.863777753930116,3,1.1697805251007627,0,0.448214457737196,-1.0261667362455194,-0.06744076383703446,7,1.1532535902386967,1,0.30664578925067015,0.12692175643662515,0.13340246991180352,-1.5471474261915186,0.26623257679518353,-0.9320143892374165,-0.29074200561727487,0.1557070814399298,-1.0778621289498782,-0.49246134027899646,-0.6216307944711459,-0.6835058984856107,-0.875379710686409,0.1427954259612064,-0.26829061471270654,1.3265656924226743,0.8222948115649081,1.5500896031448563,1.7211229331292395,0.9026709338484401,-1.1628924173311372,2,0
-0.6444145399911421,2,1,-0.6443796155487519,0.0876134841591082,3,-1.5756862740979403,0,-0.19147025379064658,1.7855109940078144,-0.9686946078410421,2,0.24620020465769926,0,0.24143479515450933,2.1287992452975586,1.9713558145401977,-0.5381382351970498,-0.6589728319256667,0.24198831185855807,-0.9357627545719898,-2.171981830933257,-1.0778621289498782,-0.8198779708579764,-0.6216307944711459,-0.061174730462168335,-0.5951514496435035,0.1427954259612064,-1.1977450612321026,-1.3265656924226743,-1.216108852854004,-0.6451239966845644,-0.5810160220117815,-1.1078234188139944,-0.10962571771513507,3,0
-1.1909696829561658,1,1,-0.39827984031968844,0.0876134841591082,4,0.2546249253678617,1,-0.2406767700620191,1.7855109940078144,-0.9686946078410421,2,1.1532535902386967,1,-1.0134552183899304,-1.0742047368799348,0.4530465298471764,0.47087095579741883,-1.584178240646517,0.24198831185855807,-0.41974615540821786,0.1557070814399298,0.33809616377248186,-0.001336394410526465,0.7713528455785257,1.4946531895964377,0.8059898555710231,-0.6708064196317143,-0.5627612123579371,-0.4421885641408914,-1.216108852854004,-0.6451239966845644,-0.5810160220117815,-1.1078234188139944,-0.10962571771513507,3,0
0.8859398603109246,1,1,-1.013529278392347,1.0633091032037203,3,-0.6605306743650393,1,-1.0771875466753518,0.3796721288811475,-0.06744076383703446,0,0.24620020465769926,2,0.027812573115361793,0.5272972542088118,-1.0652627548458449,-0.5381382351970498,0.26623257679518353,-0.9320143892374165,0.09627044375555406,0.1557070814399298,0.33809616377248186,-0.49246134027899646,-0.6216307944711459,-0.6835058984856107,-0.31492318860059826,-0.6708064196317143,1.1458766025010725,-1.3265656924226743,-1.216108852854004,-0.6451239966845644,-0.5810160220117815,-1.1078234188139944,-1.1628924173311372,3,0
-0.4257924828051325,2,2,0.09391971013843849,1.0633091032037203,2,-0.6605306743650393,1,-1.1263940629467242,0.3796721288811475,-0.06744076383703446,7,0.24620020465769926,2,-0.5485458035836803,-0.6738292391077482,-0.745618694910472,0.47087095579741883,-0.6589728319256667,-0.9320143892374165,-0.1617378558263319,-0.6201892226844657,-1.0778621289498782,0.48978855145794353,-0.06443733845127728,-0.6835058984856107,1.3664463776568336,0.1427954259612064,0.6464908982470474,-0.4421885641408914,-1.216108852854004,-0.6451239966845644,-0.5810160220117815,-1.1078234188139944,-0.10962571771513507,5,0
-0.9723476257701563,1,2,-1.013529278392347,-0.8880821348855039,1,0.2546249253678617,1,-1.1756005792180968,-1.0261667362455194,-0.06744076383703446,7,1.1532535902386967,1,0.6945387713743854,-0.6738292391077482,-0.18624159002356938,-1.5471474261915186,0.26623257679518353,0.24198831185855807,-0.5487503051991608,-0.6201892226844657,0.33809616377248186,-0.001336394410526465,0.7713528455785257,-0.6835058984856107,0.8059898555710231,-0.6708064196317143,-1.3647129258763055,1.3265656924226743,0.8222948115649081,-0.6451239966845644,-0.5810160220117815,0.9026709338484401,-0.10962571771513507,2,0
-0.8630365971771515,1,2,1.8166181367418828,0.0876134841591082,5,0.2546249253678617,1,-1.0279810304039791,1.7855109940078144,-0.9686946078410421,8,-1.5679065665042957,2,-0.5159403065355999,-0.6738292391077482,0.7726905897825493,0.47087095579741883,1.1914379855160337,-0.9320143892374165,-1.3227752039448188,0.1557070814399298,0.33809616377248186,-0.9835862861474665,-1.1788242504910145,-0.6835058984856107,-1.1556079717293142,0.1427954259612064,-0.9290785881227943,-1.3265656924226743,-1.216108852854004,-0.6451239966845644,-0.5810160220117815,-1.1078234188139944,1.9969076815168694,5,1
0.23007368875289608,0,2,1.4474684738982875,1.0633091032037203,1,-1.5756862740979403,0,-1.6676657419318217,-2.432005601372186,-0.06744076383703446,7,0.24620020465769926,1,-1.4512402326346308,1.3280482497531851,-0.9853517398620016,1.4798801467918874,0.26623257679518353,0.24198831185855807,-0.1617378558263319,-1.3960855268088614,0.33809616377248186,-0.6561696555684865,-0.6216307944711459,-0.37234031447388954,-0.5951514496435035,1.7699991171470477,-0.4544850819523025,0.4421885641408914,-1.216108852854004,-0.6451239966845644,-0.5810160220117815,0.9026709338484401,-1.1628924173311372,2,0
-1.081658654363161,2,1,-0.8904793907778153,1.0633091032037203,5,-0.6605306743650393,1,-1.2248070954894692,0.3796721288811475,-0.9686946078410421,6,-0.6608531809232983,1,-1.158071841073011,-0.6738292391077482,-0.9853517398620016,-1.5471474261915186,0.26623257679518353,0.24198831185855807,-0.6777544549901038,0.1557070814399298,-1.0778621289498782,-0.3287530249895065,-0.3430340664612116,-0.37234031447388954,-0.5951514496435035,-0.6708064196317143,-0.015814964841624014,-1.3265656924226743,-1.216108852854004,-0.6451239966845644,-0.5810160220117815,-1.1078234188139944,1.9969076815168694,3,0
-0.3164814542121277,1,1,1.5705183615128193,1.0633091032037203,4,0.2546249253678617,1,0.9894861367222936,-1.0261667362455194,-0.06744076383703446,6,1.1532535902386967,1,1.7121956857069296,-0.6738292391077482,0.13340246991180352,0.47087095579741883,-0.6589728319256667,-0.9320143892374165,0.612287042919326,0.1557070814399298,0.33809616377248186,1.3083301279053936,1.6071430296083287,1.1834876055847166,1.9269028997426445,0.956397271554127,2.585341981024579,1.3265656924226743,0.8222948115649081,1.5500896031448563,1.7211229331292395,0.9026709338484401,-0.10962571771513507,2,0
-0.9723476257701563,2,2,0.4630693729820337,-0.8880821348855039,2,1.1697805251007627,0,0.8910731041795485,0.3796721288811475,-0.06744076383703446,7,0.24620020465769926,2,1.2703349843312193,0.12692175643662515,-0.2661526050074126,-1.5471474261915186,1.1914379855160337,-0.9320143892374165,-0.6777544549901038,-2.171981830933257,0.33809616377248186,-0.8198779708579764,-1.1788242504910145,-0.061174730462168335,-0.5951514496435035,-0.6708064196317143,0.47598129101948267,1.3265656924226743,0.8222948115649081,1.5500896031448563,1.7211229331292395,0.9026709338484401,-1.1628924173311372,1,0
1.104561917496934,0,1,0.5861192605965654,1.0633091032037203,5,0.2546249253678617,1,-0.09305722124790157,0.3796721288811475,-0.06744076383703446,6,-0.6608531809232983,1,-1.7129274546325863,2.1287992452975586,-0.745618694910472,0.47087095579741883,0.26623257679518353,0.24198831185855807,0.612287042919326,0.9316033855643254,1.754054456494842,0.16237192087896354,0.7713528455785257,-0.37234031447388954,0.8059898555710231,-0.6708064196317143,1.916964559221573,1.3265656924226743,0.8222948115649081,1.5500896031448563,1.7211229331292395,0.9026709338484401,-1.1628924173311372,1,0
2.088361174833977,2,2,0.21696959775297023,2.0390047222483325,2,1.1697805251007627,0,1.137105685536411,-1.0261667362455194,-0.06744076383703446,7,-1.5679065665042957,1,0.8453391952217573,0.5272972542088118,-0.9054407248781584,0.47087095579741883,0.26623257679518353,0.24198831185855807,-0.6777544549901038,0.1557070814399298,0.33809616377248186,-1.1472946014369565,-1.1788242504910145,-0.6835058984856107,-1.1556079717293142,-0.6708064196317143,1.1954609986681388,0.4421885641408914,0.8222948115649081,-0.6451239966845644,1.7211229331292395,0.9026709338484401,-1.1628924173311372,2,0
0.23007368875289608,2,1,-0.02913017747609325,-0.8880821348855039,3,-1.5756862740979403,1,1.038692652993666,0.3796721288811475,-0.06744076383703446,4,-1.5679065665042957,1,-0.28081532135698556,-0.6738292391077482,-1.1451737698296882,1.4798801467918874,1.1914379855160337,0.24198831185855807,-0.1617378558263319,0.1557070814399298,0.33809616377248186,0.48978855145794353,-1.1788242504910145,1.4946531895964377,1.3664463776568336,-0.6708064196317143,0.4016046967688832,-1.3265656924226743,-1.216108852854004,-0.6451239966845644,-0.5810160220117815,-1.1078234188139944,0.9436409819008672,3,0
0.12076266015989133,1,1,-0.15218006509062498,0.0876134841591082,3,1.1697805251007627,0,-0.3882963188761366,-1.0261667362455194,-0.06744076383703446,6,-0.6608531809232983,0,0.5343221048450247,-0.6738292391077482,0.5329575448310196,-0.5381382351970498,0.26623257679518353,0.24198831185855807,1.1283036420830979,0.1557070814399298,0.33809616377248186,2.1268717043528436,1.885739757618263,-0.6835058984856107,0.8059898555710231,-0.6708064196317143,0.7137840073309232,1.3265656924226743,0.8222948115649081,1.5500896031448563,1.7211229331292395,0.9026709338484401,-1.1628924173311372,1,0
2.3069832320199866,2,2,1.4474684738982875,0.0876134841591082,1,1.1697805251007627,0,0.3005949089230785,0.3796721288811475,1.7350669241709809,3,1.1532535902386967,1,-0.3586749996528327,0.5272972542088118,0.6128685598148629,-0.5381382351970498,0.26623257679518353,0.24198831185855807,2.289340990201585,-0.6201892226844657,-1.0778621289498782,-0.9835862861474665,-1.1788242504910145,-0.6835058984856107,-1.1556079717293142,1.7699991171470477,-1.0839033353383278,0.4421885641408914,0.8222948115649081,1.5500896031448563,-0.5810160220117815,0.9026709338484401,-1.1628924173311372,1,0
-0.5351035113981373,1,1,-0.5213297279342202,-0.8880821348855039,1,-1.5756862740979403,0,-0.9295679978612341,1.7855109940078144,-0.9686946078410421,6,0.24620020465769926,2,0.14122910810588288,0.12692175643662515,1.5718007396209817,-0.5381382351970498,-1.584178240646517,-0.9320143892374165,-0.41974615540821786,-0.6201892226844657,0.33809616377248186,-0.49246134027899646,-0.9002275224810803,-0.6835058984856107,-0.31492318860059826,-0.6708064196317143,-1.4598340124008817,-1.3265656924226743,-1.216108852854004,-0.6451239966845644,-0.5810160220117815,-1.1078234188139944,0.9436409819008672,3,1
0.12076266015989133,2,1,-0.02913017747609325,-0.8880821348855039,1,-0.6605306743650393,1,0.251388392651706,0.3796721288811475,-0.9686946078410421,6,1.1532535902386967,0,-0.0028253508349896273,-0.2734537413355615,0.4530465298471764,1.4798801467918874,1.1914379855160337,1.4159910129545328,-0.1617378558263319,-2.171981830933257,1.754054456494842,-0.3287530249895065,-0.6216307944711459,-0.6835058984856107,-0.31492318860059826,0.956397271554127,-1.865616519808914,0.4421885641408914,0.8222948115649081,-0.6451239966845644,-0.5810160220117815,0.9026709338484401,-1.1628924173311372,2,0
1.3231839746829437,1,1,-0.8904793907778153,-1.863777753930116,1,-0.6605306743650393,1,-1.1756005792180968,0.3796721288811475,2.6363207681749885,5,1.1532535902386967,1,-0.0808255700663889,0.12692175643662515,1.9713558145401977,1.4798801467918874,1.1914379855160337,-0.9320143892374165,2.160336840410642,0.1557070814399298,0.33809616377248186,-0.3287530249895065,-0.06443733845127728,0.5611564375612741,-0.31492318860059826,0.1427954259612064,-1.2407519354586398,-1.3265656924226743,-1.216108852854004,-0.6451239966845644,-0.5810160220117815,-1.1078234188139944,1.9969076815168694,4,0
0.5580067745319104,2,2,0.340019485367502,1.0633091032037203,2,-0.6605306743650393,1,0.5466274902799411,0.3796721288811475,-0.06744076383703446,7,1.1532535902386967,0,-1.6040082295797315,0.12692175643662515,-0.2661526050074126,-0.5381382351970498,0.26623257679518353,1.4159910129545328,0.35427874333744,0.9316033855643254,0.33809616377248186,-1.1472946014369565,-1.1788242504910145,-0.6835058984856107,-1.1556079717293142,-0.6708064196317143,1.679667806136327,-0.4421885641408914,0.8222948115649081,-0.6451239966845644,-0.5810160220117815,-1.1078234188139944,-1.1628924173311372,2,0
-1.081658654363161,1,0,1.5705183615128193,0.0876134841591082,0,-1.5756862740979403,0,-0.3882963188761366,-1.0261667362455194,-0.9686946078410421,1,-0.6608531809232983,1,0.7367010520400066,-0.6738292391077482,1.8914447995563546,-1.5471474261915186,-1.584178240646517,-0.9320143892374165,-1.3227752039448188,-0.6201892226844657,0.33809616377248186,-0.9835862861474665,-1.1788242504910145,-0.6835058984856107,-1.1556079717293142,0.1427954259612064,-0.6846983498708247,-1.3265656924226743,-1.216108852854004,-0.6451239966845644,-0.5810160220117815,-1.1078234188139944,-0.10962571771513507,4,1
-0.20717042561912297,2,2,1.0783188110546924,1.0633091032037203,3,-0.6605306743650393,1,0.251388392651706,0.3796721288811475,-0.06744076383703446,7,-1.5679065665042957,1,0.23356450276359336,-1.0742047368799348,-0.5058856499589423,-0.5381382351970498,1.1914379855160337,0.24198831185855807,-0.6777544549901038,-0.6201892226844657,-2.4938204216722384,-0.3287530249895065,-0.3430340664612116,-0.6835058984856107,-0.03469492755769292,-0.6708064196317143,0.4921721142577084,-0.4421885641408914,0.8222948115649081,-0.6451239966845644,-0.5810160220117815,0.9026709338484401,0.9436409819008672,2,0
-0.9723476257701563,0,1,0.832219035825629,0.0876134841591082,3,0.2546249253678617,1,-0.8311549653184892,0.3796721288811475,-0.9686946078410421,6,0.24620020465769926,2,-1.7133490774392426,-0.6738292391077482,-0.745618694910472,0.47087095579741883,0.26623257679518353,-0.9320143892374165,-0.8067586047810468,0.1557070814399298,-1.0778621289498782,-0.3287530249895065,-0.3430340664612116,-0.37234031447388954,-0.03469492755769292,0.956397271554127,-0.46966397873813914,-0.4421885641408914,0.8222948115649081,1.5500896031448563,-0.5810160220117815,0.9026709338484401,0.9436409819008672,3,0
-0.6444145399911421,0,1,-0.7674295031632836,-0.8880821348855039,3,0.2546249253678617,1,-0.8803614815898617,0.3796721288811475,-0.9686946078410421,6,-1.5679065665042957,0,-1.4501159051502142,-0.6738292391077482,-0.9054407248781584,-0.5381382351970498,1.1914379855160337,0.24198831185855807,-0.9357627545719898,0.1557070814399298,1.754054456494842,-0.49246134027899646,-0.6216307944711459,-0.061174730462168335,-0.31492318860059826,-2.2980101108175557,-0.21870621854564024,-0.4421885641408914,0.8222948115649081,-0.6451239966845644,-0.5810160220117815,0.9026709338484401,-1.1628924173311372,2,0
-0.0978593970261182,0,1,-0.02913017747609325,1.0633091032037203,1,-1.5756862740979403,1,0.005355811294843447,1.7855109940078144,-0.9686946078410421,2,-0.6608531809232983,1,-0.7132597800507072,-0.6738292391077482,2.051266829524041,1.4798801467918874,-0.6589728319256667,-0.9320143892374165,-0.8067586047810468,0.1557070814399298,0.33809616377248186,-0.3287530249895065,-0.06443733845127728,-0.6835058984856107,-0.5951514496435035,0.1427954259612064,0.46535606326939705,-0.4421885641408914,-1.216108852854004,-0.6451239966845644,1.7211229331292395,-1.1078234188139944,-1.1628924173311372,3,0
-0.3164814542121277,2,2,-1.013529278392347,0.0876134841591082,2,-1.5756862740979403,1,-1.6676657419318217,0.3796721288811475,0.8338130801669732,7,1.1532535902386967,2,-1.0601148089932177,-0.6738292391077482,-1.2250847848135313,1.4798801467918874,-1.584178240646517,-0.9320143892374165,0.35427874333744,0.1557070814399298,-1.0778621289498782,1.1446218126159036,1.04994957358846,-0.061174730462168335,-0.875379710686409,-0.6708064196317143,2.3232530298558,-0.4421885641408914,-1.216108852854004,-0.6451239966845644,-0.5810160220117815,-1.1078234188139944,-0.10962571771513507,4,0
-0.3164814542121277,2,2,0.4630693729820337,1.0633091032037203,3,1.1697805251007627,1,-1.3232201280322142,0.3796721288811475,0.8338130801669732,7,0.24620020465769926,0,1.2087780545594122,-0.6738292391077482,-1.1451737698296882,-0.5381382351970498,0.26623257679518353,0.24198831185855807,-0.29074200561727487,-0.6201892226844657,-1.0778621289498782,0.16237192087896354,0.7713528455785257,-0.37234031447388954,-0.875379710686409,0.1427954259612064,0.4537189090669223,-0.4421885641408914,-1.216108852854004,-0.6451239966845644,-0.5810160220117815,-1.1078234188139944,0.9436409819008672,3,0
-1.1909696829561658,2,1,-1.013529278392347,0.0876134841591082,3,0.2546249253678617,1,1.432344783164646,0.3796721288811475,-0.9686946078410421,2,-1.5679065665042957,2,0.8000850139739905,-1.0742047368799348,-0.745618694910472,-1.5471474261915186,1.1914379855160337,-0.9320143892374165,-0.41974615540821786,2.4833959938131165,-1.0778621289498782,-0.001336394410526465,0.7713528455785257,1.4946531895964377,0.5257615945281178,-1.4844082652246349,0.8073872041769157,-0.4421885641408914,0.8222948115649081,-0.6451239966845644,-0.5810160220117815,-1.1078234188139944,0.9436409819008672,3,0
-0.8630365971771515,2,1,-1.013529278392347,0.0876134841591082,1,-1.5756862740979403,1,1.137105685536411,0.3796721288811475,-0.06744076383703446,0,-1.5679065665042957,1,-1.1367096188690964,-1.0742047368799348,0.9325126197502358,-1.5471474261915186,-1.584178240646517,0.24198831185855807,-0.6777544549901038,1.707499689688721,-1.0778621289498782,-0.3287530249895065,-0.3430340664612116,-0.6835058984856107,-0.5951514496435035,-0.6708064196317143,0.6894977724735846,0.4421885641408914,0.8222948115649081,-0.6451239966845644,-0.5810160220117815,0.9026709338484401,0.9436409819008672,3,0
-0.5351035113981373,0,1,0.7091691482110972,1.0633091032037203,3,0.2546249253678617,0,-1.5692527093890767,0.3796721288811475,-0.06744076383703446,0,1.1532535902386967,0,0.3132512132216175,0.9276727519809984,-1.0652627548458449,0.47087095579741883,-0.6589728319256667,0.24198831185855807,-0.29074200561727487,2.4833959938131165,0.33809616377248186,-0.3287530249895065,-0.9002275224810803,-0.37234031447388954,-0.5951514496435035,1.7699991171470477,1.1367692644295704,-0.4421885641408914,-1.216108852854004,-0.6451239966845644,-0.5810160220117815,0.9026709338484401,-0.10962571771513507,3,0
-0.6444145399911421,1,1,-1.013529278392347,0.0876134841591082,1,1.1697805251007627,1,-0.8803614815898617,-2.432005601372186,-0.06744076383703446,6,-1.5679065665042957,1,-1.2005152036097364,-0.6738292391077482,0.37313551486333324,1.4798801467918874,-0.6589728319256667,-0.9320143892374165,-0.1617378558263319,2.4833959938131165,0.33809616377248186,0.48978855145794353,1.04994957358846,1.8058187736081588,0.8059898555710231,-0.6708064196317143,0.43955193873347476,0.4421885641408914,0.8222948115649081,-0.6451239966845644,1.7211229331292395,-1.1078234188139944,-1.1628924173311372,3,0
-0.9723476257701563,2,1,0.9552689234401607,0.0876134841591082,5,0.2546249253678617,1,-1.6676657419318217,-1.0261667362455194,-0.9686946078410421,2,1.1532535902386967,0,0.6276412860515997,0.9276727519809984,-0.2661526050074126,-1.5471474261915186,-1.584178240646517,0.24198831185855807,-0.6777544549901038,-0.6201892226844657,-1.0778621289498782,-0.49246134027899646,-0.9002275224810803,-0.6835058984856107,-0.31492318860059826,0.1427954259612064,-2.123151801941942,-0.4421885641408914,-1.216108852854004,-0.6451239966845644,-0.5810160220117815,-1.1078234188139944,-0.10962571771513507,2,1
0.12076266015989133,2,2,-1.013529278392347,0.0876134841591082,1,-1.5756862740979403,1,-0.3390898026047641,-1.0261667362455194,-0.9686946078410421,8,-1.5679065665042957,2,-0.3991507890918291,0.5272972542088118,0.5329575448310196,-0.5381382351970498,-1.584178240646517,-0.9320143892374165,1.1283036420830979,0.1557070814399298,-1.0778621289498782,-0.9835862861474665,-1.1788242504910145,-0.6835058984856107,-1.1556079717293142,-1.4844082652246349,-0.18430071916441057,-1.3265656924226743,0.8222948115649081,-0.6451239966845644,-0.5810160220117815,-1.1078234188139944,-0.10962571771513507,3,0
-0.20717042561912297,2,2,-0.2752299527051567,1.0633091032037203,1,0.2546249253678617,0,-0.5359158676902541,0.3796721288811475,-0.06744076383703446,7,1.1532535902386967,1,-0.10218779227030364,-0.6738292391077482,-0.10633057503972616,-1.5471474261915186,1.1914379855160337,-0.9320143892374165,-0.1617378558263319,-0.6201892226844657,0.33809616377248186,0.48978855145794353,1.04994957358846,-0.6835058984856107,1.3664463776568336,-0.6708064196317143,1.5147237943969025,1.3265656924226743,0.8222948115649081,-0.6451239966845644,1.7211229331292395,0.9026709338484401,-0.10962571771513507,2,0
-1.081658654363161,2,2,-0.02913017747609325,0.0876134841591082,2,1.1697805251007627,1,-1.0771875466753518,0.3796721288811475,-0.06744076383703446,7,1.1532535902386967,2,-1.294958712300728,-0.6738292391077482,1.9713558145401977,0.47087095579741883,-1.584178240646517,-0.9320143892374165,-0.5487503051991608,1.707499689688721,0.33809616377248186,-0.001336394410526465,0.7713528455785257,-0.6835058984856107,0.8059898555710231,0.956397271554127,-0.16102641075946106,0.4421885641408914,0.8222948115649081,1.5500896031448563,-0.5810160220117815,0.9026709338484401,-0.10962571771513507,2,0
-0.5351035113981373,2,1,-0.5213297279342202,1.0633091032037203,1,1.1697805251007627,1,-0.4867093514188816,-1.0261667362455194,-0.06744076383703446,4,1.1532535902386967,2,-0.5867729380538436,2.1287992452975586,1.1722456647017656,1.4798801467918874,-0.6589728319256667,-0.9320143892374165,-0.41974615540821786,-1.3960855268088614,0.33809616377248186,-0.9835862861474665,-1.1788242504910145,-0.6835058984856107,-1.1556079717293142,0.956397271554127,0.880751871975126,-0.4421885641408914,0.8222948115649081,-0.6451239966845644,-0.5810160220117815,-1.1078234188139944,-1.1628924173311372,1,0
-0.6444145399911421,1,2,2.0627179119709464,1.0633091032037203,2,-1.5756862740979403,1,-0.14226373751927407,0.3796721288811475,-0.06744076383703446,7,1.1532535902386967,1,0.9503232740791541,-0.6738292391077482,-0.8255297098943152,-1.5471474261915186,0.26623257679518353,-0.9320143892374165,-0.1617378558263319,0.9316033855643254,0.33809616377248186,0.48978855145794353,0.7713528455785257,-0.6835058984856107,1.0862181166139284,0.956397271554127,1.104387617953119,0.4421885641408914,-1.216108852854004,-0.6451239966845644,-0.5810160220117815,0.9026709338484401,-1.1628924173311372,3,1
1.7604280890549628,2,2,1.8166181367418828,1.0633091032037203,1,-1.5756862740979403,1,0.005355811294843447,0.3796721288811475,0.8338130801669732,7,-1.5679065665042957,2,-1.1903962562499875,1.3280482497531851,0.8526016047663926,-0.5381382351970498,-0.6589728319256667,-0.9320143892374165,0.483282893128383,-0.6201892226844657,-1.0778621289498782,-0.8198779708579764,-0.6216307944711459,-0.061174730462168335,-0.5951514496435035,-2.2980101108175557,0.5953886124013975,-1.3265656924226743,0.8222948115649081,-0.6451239966845644,-0.5810160220117815,-1.1078234188139944,-1.1628924173311372,4,1
1.8697391176479676,2,1,-0.02913017747609325,-0.8880821348855039,1,-1.5756862740979403,0,0.05456232756621595,0.3796721288811475,-0.06744076383703446,6,0.24620020465769926,1,1.146940042916501,0.12692175643662515,0.7726905897825493,-1.5471474261915186,0.26623257679518353,1.4159910129545328,-0.29074200561727487,2.4833959938131165,-1.0778621289498782,-0.49246134027899646,-0.3430340664612116,-0.061174730462168335,-0.31492318860059826,-0.6708064196317143,-0.4190676561186837,-0.4421885641408914,-1.216108852854004,-0.6451239966845644,1.7211229331292395,0.9026709338484401,0.9436409819008672,3,0
-0.4257924828051325,1,1,-0.2752299527051567,-0.8880821348855039,1,1.1697805251007627,1,-1.4708396768463317,0.3796721288811475,-0.06744076383703446,0,0.24620020465769926,0,0.5292626311651502,-0.6738292391077482,1.3320676946694519,0.47087095579741883,0.26623257679518353,2.5899937140505074,-0.29074200561727487,-0.6201892226844657,0.33809616377248186,0.32608023616845355,0.7713528455785257,-0.061174730462168335,1.0862181166139284,0.956397271554127,-1.1056597540646937,1.3265656924226743,0.8222948115649081,-0.6451239966845644,-0.5810160220117815,0.9026709338484401,-1.1628924173311372,1,0
0.6673178031249152,2,1,0.21696959775297023,0.0876134841591082,1,-1.5756862740979403,1,-1.7660787744745667,0.3796721288811475,0.8338130801669732,0,0.24620020465769926,1,0.3597702628893529,-0.6738292391077482,0.4530465298471764,0.47087095579741883,-0.6589728319256667,0.24198831185855807,-0.1617378558263319,-1.3960855268088614,0.33809616377248186,0.48978855145794353,1.3285463015983943,-0.6835058984856107,1.3664463776568336,0.956397271554127,-1.2078643257559938,0.4421885641408914,0.8222948115649081,-0.6451239966845644,-0.5810160220117815,0.9026709338484401,-0.10962571771513507,3,0
0.12076266015989133,1,0,-1.013529278392347,1.0633091032037203,4,1.1697805251007627,1,1.0878991692650386,0.3796721288811475,-0.9686946078410421,1,-0.6608531809232983,1,-1.2773910953567191,-1.0742047368799348,-0.10633057503972616,-1.5471474261915186,-0.6589728319256667,0.24198831185855807,-0.5487503051991608,-0.6201892226844657,0.33809616377248186,-0.16504470970001647,-0.6216307944711459,-0.37234031447388954,-0.5951514496435035,-2.2980101108175557,0.14710519399302244,-0.4421885641408914,0.8222948115649081,-0.6451239966845644,-0.5810160220117815,-1.1078234188139944,0.9436409819008672,3,0
1.9790501462409722,2,0,2.0627179119709464,1.0633091032037203,0,0.2546249253678617,1,0.251388392651706,1.7855109940078144,2.6363207681749885,3,-0.6608531809232983,1,1.615925144853761,0.5272972542088118,1.4119787096532952,0.47087095579741883,-1.584178240646517,0.24198831185855807,3.0633658889472426,-2.171981830933257,0.33809616377248186,0.48978855145794353,1.3285463015983943,-0.37234031447388954,-0.03469492755769292,0.956397271554127,-1.5448358344015667,-1.3265656924226743,-1.216108852854004,-0.6451239966845644,-0.5810160220117815,-1.1078234188139944,0.9436409819008672,4,0
-0.6444145399911421,2,1,-0.8904793907778153,-1.863777753930116,3,1.1697805251007627,0,-0.3390898026047641,-2.432005601372186,-0.9686946078410421,2,1.1532535902386967,0,0.4529489031603758,-0.6738292391077482,1.6517117546048248,-1.5471474261915186,0.26623257679518353,2.5899937140505074,-1.3227752039448188,0.9316033855643254,0.33809616377248186,-0.9835862861474665,-1.1788242504910145,-0.6835058984856107,-1.1556079717293142,0.1427954259612064,0.3181207644467818,1.3265656924226743,0.8222948115649081,1.5500896031448563,1.7211229331292395,0.9026709338484401,-1.1628924173311372,1,0
0.23007368875289608,2,2,0.7091691482110972,1.0633091032037203,2,-0.6605306743650393,1,0.5466274902799411,0.3796721288811475,1.7350669241709809,7,-1.5679065665042957,2,1.5157194578051347,-1.0742047368799348,1.5718007396209817,-0.5381382351970498,-1.584178240646517,-0.9320143892374165,1.257307791874041,0.1557070814399298,0.33809616377248186,2.1268717043528436,1.04994957358846,2.7393155256433226,1.646674638699739,-1.4844082652246349,1.0416481779049942,0.4421885641408914,0.8222948115649081,-0.6451239966845644,-0.5810160220117815,0.9026709338484401,0.9436409819008672,4,0
0.5580067745319104,0,1,1.6935682491273512,-0.8880821348855039,1,1.1697805251007627,1,-1.4216331605749593,-1.0261667362455194,-0.06744076383703446,6,0.24620020465769926,2,0.06997485378098302,-0.6738292391077482,-0.34606361999125584,-0.5381382351970498,1.1914379855160337,-0.9320143892374165,1.1283036420830979,-0.6201892226844657,0.33809616377248186,2.1268717043528436,1.3285463015983943,0.24999085354955286,0.8059898555710231,0.956397271554127,-0.879494191955728,0.4421885641408914,-1.216108852854004,-0.6451239966845644,-0.5810160220117815,0.9026709338484401,-0.10962571771513507,2,0
-0.6444145399911421,0,1,0.09391971013843849,0.0876134841591082,3,0.2546249253678617,0,-1.2740136117608418,0.3796721288811475,0.8338130801669732,5,0.24620020465769926,1,1.7636336681189875,0.5272972542088118,-0.8255297098943152,1.4798801467918874,0.26623257679518353,0.24198831185855807,0.22527459354649704,-0.6201892226844657,1.754054456494842,0.6534968667474336,0.7713528455785257,0.5611564375612741,1.0862181166139284,0.956397271554127,-0.8435708028959147,0.4421885641408914,0.8222948115649081,-0.6451239966845644,1.7211229331292395,0.9026709338484401,-1.1628924173311372,2,0
1.8697391176479676,2,1,0.09391971013843849,0.0876134841591082,3,0.2546249253678617,0,0.5466274902799411,0.3796721288811475,-0.06744076383703446,4,-1.5679065665042957,2,1.5297735513603419,1.3280482497531851,-0.9054407248781584,1.4798801467918874,1.1914379855160337,-0.9320143892374165,-0.29074200561727487,0.1557070814399298,0.33809616377248186,-0.3287530249895065,-0.6216307944711459,-0.37234031447388954,-0.03469492755769292,0.1427954259612064,-0.874940522919977,-1.3265656924226743,-1.216108852854004,-0.6451239966845644,-0.5810160220117815,-1.1078234188139944,-0.10962571771513507,3,0
-1.4095917401421754,2,1,-1.013529278392347,-0.8880821348855039,1,-0.6605306743650393,1,-1.0279810304039791,-1.0261667362455194,-0.06744076383703446,0,0.24620020465769926,2,-0.027138932685497864,-0.6738292391077482,2.290999874475571,-0.5381382351970498,-0.6589728319256667,-0.9320143892374165,-0.9357627545719898,-0.6201892226844657,-1.0778621289498782,-0.49246134027899646,-0.3430340664612116,-0.37234031447388954,-0.5951514496435035,-0.6708064196317143,0.25285150826768427,-1.3265656924226743,-1.216108852854004,-0.6451239966845644,-0.5810160220117815,-1.1078234188139944,-0.10962571771513507,3,0
-1.5189027687351802,2,1,0.340019485367502,-0.8880821348855039,4,1.1697805251007627,1,0.5958340065513135,0.3796721288811475,-0.9686946078410421,2,1.1532535902386967,2,-0.09010127181282555,-0.6738292391077482,-0.9054407248781584,-0.5381382351970498,0.26623257679518353,-0.9320143892374165,-0.8067586047810468,2.4833959938131165,1.754054456494842,-0.3287530249895065,-0.6216307944711459,-0.37234031447388954,-0.03469492755769292,0.956397271554127,0.7330106099263162,0.4421885641408914,0.8222948115649081,1.5500896031448563,-0.5810160220117815,0.9026709338484401,-0.10962571771513507,2,0
0.33938471734590087,1,1,0.21696959775297023,0.0876134841591082,5,1.1697805251007627,0,0.349801425194451,0.3796721288811475,-0.06744076383703446,2,0.24620020465769926,1,1.7618066359568105,-0.6738292391077482,-1.2250847848135313,-0.5381382351970498,-1.584178240646517,0.24198831185855807,-0.1617378558263319,-0.6201892226844657,1.754054456494842,0.48978855145794353,1.3285463015983943,2.11698435761988,-0.03469492755769292,0.1427954259612064,-1.20634643607741,-0.4421885641408914,-1.216108852854004,-0.6451239966845644,-0.5810160220117815,-1.1078234188139944,-1.1628924173311372,3,0
0.33938471734590087,2,2,-0.8904793907778153,-0.8880821348855039,2,-0.6605306743650393,0,1.2847252343505287,0.3796721288811475,-0.06744076383703446,7,-0.6608531809232983,1,-1.4131536391000195,0.12692175643662515,-1.0652627548458449,0.47087095579741883,0.26623257679518353,0.24198831185855807,0.483282893128383,0.9316033855643254,0.33809616377248186,0.6534968667474336,1.04994957358846,0.8723220215729953,1.646674638699739,-1.4844082652246349,-0.47573553745247377,1.3265656924226743,0.8222948115649081,1.5500896031448563,1.7211229331292395,0.9026709338484401,-1.1628924173311372,2,0
-1.3002807115491706,2,0,-0.8904793907778153,0.0876134841591082,0,0.2546249253678617,0,0.7926600716368035,0.3796721288811475,-0.9686946078410421,1,-0.6608531809232983,1,0.7507551455952137,0.5272972542088118,-1.1451737698296882,0.47087095579741883,0.26623257679518353,-0.9320143892374165,-0.6777544549901038,0.1557070814399298,0.33809616377248186,-0.8198779708579764,-1.1788242504910145,-0.37234031447388954,-0.5951514496435035,-0.6708064196317143,0.6991110737712811,1.3265656924226743,0.8222948115649081,1.5500896031448563,1.7211229331292395,0.9026709338484401,0.9436409819008672,2,0
-0.7537255685841467,2,1,-1.013529278392347,-0.8880821348855039,3,1.1697805251007627,1,0.4974209740085685,0.3796721288811475,-0.9686946078410421,2,-0.6608531809232983,1,-1.4385915484349443,-0.6738292391077482,1.8914447995563546,-0.5381382351970498,0.26623257679518353,-0.9320143892374165,0.09627044375555406,2.4833959938131165,-1.0778621289498782,0.8172051820369235,1.04994957358846,-0.37234031447388954,0.8059898555710231,-1.4844082652246349,0.3029418676609451,0.4421885641408914,0.8222948115649081,-0.6451239966845644,-0.5810160220117815,0.9026709338484401,0.9436409819008672,3,0
-1.3002807115491706,2,1,-0.8904793907778153,-1.863777753930116,4,1.1697805251007627,1,-0.4375028351475091,0.3796721288811475,-0.9686946078410421,2,0.24620020465769926,0,-0.9859091950217245,1.3280482497531851,1.5718007396209817,0.47087095579741883,0.26623257679518353,0.24198831185855807,-0.5487503051991608,-0.6201892226844657,-1.0778621289498782,-0.8198779708579764,-0.6216307944711459,-0.6835058984856107,-0.5951514496435035,0.1427954259612064,0.6490207143780202,0.4421885641408914,0.8222948115649081,-0.6451239966845644,-0.5810160220117815,-1.1078234188139944,-0.10962571771513507,2,0
1.104561917496934,2,1,1.9396680243564146,0.0876134841591082,3,-1.5756862740979403,1,0.8910731041795485,0.3796721288811475,0.8338130801669732,0,0.24620020465769926,2,-0.17273934191744314,-0.2734537413355615,1.4119787096532952,1.4798801467918874,-0.6589728319256667,-0.9320143892374165,1.773324391037813,0.1557070814399298,0.33809616377248186,1.6357467584843735,2.7215299416480656,3.0504811096550437,1.9269028997426445,1.7699991171470477,1.1595376096083254,1.3265656924226743,0.8222948115649081,1.5500896031448563,-0.5810160220117815,0.9026709338484401,-0.10962571771513507,3,0
-0.4257924828051325,0,1,-1.013529278392347,-0.8880821348855039,3,-0.6605306743650393,1,-0.3390898026047641,-1.0261667362455194,-0.9686946078410421,2,0.24620020465769926,0,0.8609392390680372,-0.6738292391077482,-1.0652627548458449,-0.5381382351970498,0.26623257679518353,2.5899937140505074,-1.3227752039448188,-0.6201892226844657,-1.0778621289498782,-0.9835862861474665,-0.9002275224810803,-0.6835058984856107,-1.1556079717293142,-0.6708064196317143,-0.042631015829935386,-0.4421885641408914,0.8222948115649081,-0.6451239966845644,-0.5810160220117815,0.9026709338484401,-0.10962571771513507,2,0
0.12076266015989133,2,2,-1.013529278392347,1.0633091032037203,1,1.1697805251007627,1,0.9894861367222936,0.3796721288811475,-0.06744076383703446,7,-0.6608531809232983,1,-0.9384063588051246,-1.0742047368799348,0.29322449987949,0.47087095579741883,-1.584178240646517,1.4159910129545328,0.612287042919326,0.1557070814399298,0.33809616377248186,1.3083301279053936,2.442933213638131,0.8723220215729953,1.0862181166139284,-0.6708064196317143,1.5830288299331672,-0.4421885641408914,-1.216108852854004,-0.6451239966845644,-0.5810160220117815,-1.1078234188139944,-0.10962571771513507,4,0
-0.6444145399911421,2,2,-0.8904793907778153,-0.8880821348855039,1,-1.5756862740979403,1,-0.5851223839616266,0.3796721288811475,-0.9686946078410421,8,0.24620020465769926,1,-1.1130987416963485,-1.0742047368799348,1.8115337845725112,1.4798801467918874,0.26623257679518353,0.24198831185855807,-1.0647669043629329,-1.3960855268088614,0.33809616377248186,-0.8198779708579764,-0.6216307944711459,-0.37234031447388954,-0.5951514496435035,0.1427954259612064,0.07829419523056307,1.3265656924226743,0.8222948115649081,1.5500896031448563,-0.5810160220117815,0.9026709338484401,-1.1628924173311372,2,0
0.12076266015989133,1,1,-0.39827984031968844,1.0633091032037203,1,-1.5756862740979403,1,0.3005949089230785,-1.0261667362455194,-0.06744076383703446,4,0.24620020465769926,1,-0.004090219254958264,-0.2734537413355615,-0.5857966649427855,-1.5471474261915186,1.1914379855160337,0.24198831185855807,-0.1617378558263319,-1.3960855268088614,0.33809616377248186,0.16237192087896354,-0.3430340664612116,1.4946531895964377,0.8059898555710231,-0.6708064196317143,0.35100837414942776,-0.4421885641408914,-1.216108852854004,-0.6451239966845644,-0.5810160220117815,-1.1078234188139944,-1.1628924173311372,2,0
0.5580067745319104,2,1,1.0783188110546924,1.0633091032037203,1,1.1697805251007627,1,-1.5200461931177043,0.3796721288811475,-0.06744076383703446,6,-1.5679065665042957,0,-0.4390644147886172,1.3280482497531851,-0.5857966649427855,0.47087095579741883,0.26623257679518353,0.24198831185855807,-0.29074200561727487,0.1557070814399298,-1.0778621289498782,-0.49246134027899646,-0.3430340664612116,-0.37234031447388954,-0.5951514496435035,0.956397271554127,-0.062363581651523,-0.4421885641408914,-1.216108852854004,-0.6451239966845644,-0.5810160220117815,-1.1078234188139944,-0.10962571771513507,3,0
0.4486957459389056,2,1,-1.013529278392347,0.0876134841591082,1,1.1697805251007627,1,0.4974209740085685,0.3796721288811475,-0.9686946078410421,6,1.1532535902386967,1,0.9976855693602019,0.12692175643662515,-0.4259746349750991,1.4798801467918874,-1.584178240646517,0.24198831185855807,0.09627044375555406,0.1557070814399298,0.33809616377248186,-0.3287530249895065,-0.3430340664612116,-0.37234031447388954,-1.1556079717293142,0.1427954259612064,-0.46966397873813914,1.3265656924226743,0.8222948115649081,1.5500896031448563,1.7211229331292395,0.9026709338484401,0.9436409819008672,1,0
1.104561917496934,0,1,-1.013529278392347,-1.863777753930116,3,0.2546249253678617,0,1.5799643319787637,0.3796721288811475,0.8338130801669732,5,-0.6608531809232983,1,0.4100839178169942,-1.0742047368799348,-0.2661526050074126,0.47087095579741883,-1.584178240646517,1.4159910129545328,0.35427874333744,0.1557070814399298,-2.4938204216722384,0.9809134973264135,1.04994957358846,0.8723220215729953,2.2071311607855497,-0.6708064196317143,-0.2789158424627922,0.4421885641408914,0.8222948115649081,-0.6451239966845644,1.7211229331292395,0.9026709338484401,0.9436409819008672,3,0
-0.20717042561912297,2,1,0.21696959775297023,1.0633091032037203,3,1.1697805251007627,1,-1.1263940629467242,0.3796721288811475,-0.9686946078410421,2,0.24620020465769926,1,0.8318472654087585,1.7284237475253719,-0.026419560055882932,-1.5471474261915186,0.26623257679518353,0.24198831185855807,-0.8067586047810468,0.1557070814399298,0.33809616377248186,-0.8198779708579764,-0.6216307944711459,-0.061174730462168335,-0.5951514496435035,-0.6708064196317143,1.58555864606414,1.3265656924226743,0.8222948115649081,-0.6451239966845644,-0.5810160220117815,0.9026709338484401,-0.10962571771513507,2,0
-1.628213797328185,2,1,-1.013529278392347,-0.8880821348855039,1,1.1697805251007627,1,-0.14226373751927407,0.3796721288811475,-0.9686946078410421,6,0.24620020465769926,2,0.465316505488958,-1.0742047368799348,1.2521566796856087,-0.5381382351970498,1.1914379855160337,-0.9320143892374165,-0.9357627545719898,-0.6201892226844657,1.754054456494842,-0.6561696555684865,-0.6216307944711459,-0.37234031447388954,-0.5951514496435035,-0.6708064196317143,-0.16153237398565562,1.3265656924226743,0.8222948115649081,1.5500896031448563,1.7211229331292395,0.9026709338484401,-1.1628924173311372,1,0
-0.20717042561912297,2,1,-0.02913017747609325,1.0633091032037203,3,-0.6605306743650393,1,-0.8803614815898617,0.3796721288811475,-0.06744076383703446,6,0.24620020465769926,2,0.6162574702718819,-0.6738292391077482,0.9325126197502358,1.4798801467918874,-0.6589728319256667,-0.9320143892374165,-0.1617378558263319,1.707499689688721,0.33809616377248186,0.48978855145794353,0.7713528455785257,-0.6835058984856107,1.0862181166139284,1.7699991171470477,1.5632962641115797,0.4421885641408914,-1.216108852854004,1.5500896031448563,-0.5810160220117815,-1.1078234188139944,0.9436409819008672,3,0
-0.4257924828051325,2,1,0.7091691482110972,-0.8880821348855039,3,-0.6605306743650393,0,1.432344783164646,0.3796721288811475,-0.06744076383703446,0,1.1532535902386967,1,1.031555934828251,-1.0742047368799348,-0.8255297098943152,-1.5471474261915186,-1.584178240646517,0.24198831185855807,-0.1617378558263319,2.4833959938131165,0.33809616377248186,0.32608023616845355,0.7713528455785257,1.8058187736081588,-0.875379710686409,0.1427954259612064,-1.5119482246989209,0.4421885641408914,0.8222948115649081,-0.6451239966845644,1.7211229331292395,0.9026709338484401,-0.10962571771513507,3,0
-0.5351035113981373,2,1,2.4318675748145413,1.0633091032037203,1,0.2546249253678617,0,-0.8311549653184892,-1.0261667362455194,-0.9686946078410421,2,-0.6608531809232983,2,0.2256942103726774,-0.6738292391077482,-0.2661526050074126,-1.5471474261915186,0.26623257679518353,-0.9320143892374165,-0.6777544549901038,0.1557070814399298,0.33809616377248186,-0.16504470970001647,-0.6216307944711459,0.5611564375612741,-0.875379710686409,0.956397271554127,0.9753669952735077,1.3265656924226743,0.8222948115649081,1.5500896031448563,1.7211229331292395,0.9026709338484401,-1.1628924173311372,2,0
0.33938471734590087,2,1,-1.013529278392347,1.0633091032037203,1,-1.5756862740979403,1,0.841866587908176,0.3796721288811475,-0.9686946078410421,2,1.1532535902386967,1,-1.4409807443393294,2.1287992452975586,1.9713558145401977,1.4798801467918874,0.26623257679518353,1.4159910129545328,-0.41974615540821786,0.1557070814399298,-1.0778621289498782,-0.9835862861474665,-1.1788242504910145,-0.6835058984856107,-1.1556079717293142,0.956397271554127,0.19972536951725609,1.3265656924226743,0.8222948115649081,1.5500896031448563,-0.5810160220117815,0.9026709338484401,-1.1628924173311372,2,0
-0.5351035113981373,2,2,-1.013529278392347,1.0633091032037203,3,-0.6605306743650393,1,0.10376884383758846,-1.0261667362455194,-0.9686946078410421,8,-0.6608531809232983,1,0.5215328797097863,-1.0742047368799348,-1.1451737698296882,0.47087095579741883,-0.6589728319256667,0.24198831185855807,-1.0647669043629329,-0.6201892226844657,0.33809616377248186,-0.8198779708579764,-0.6216307944711459,-0.061174730462168335,-0.5951514496435035,-0.6708064196317143,-0.884047860991479,1.3265656924226743,0.8222948115649081,1.5500896031448563,1.7211229331292395,0.9026709338484401,-0.10962571771513507,2,0
0.23007368875289608,2,1,1.8166181367418828,-1.863777753930116,1,-1.5756862740979403,1,-0.6835354165043717,0.3796721288811475,-0.06744076383703446,6,1.1532535902386967,2,-1.261088346832679,1.7284237475253719,-0.745618694910472,-0.5381382351970498,-1.584178240646517,-0.9320143892374165,0.870295342501212,-0.6201892226844657,0.33809616377248186,-0.001336394410526465,0.7713528455785257,-0.37234031447388954,0.8059898555710231,0.956397271554127,-0.11599568362814575,-0.4421885641408914,-1.216108852854004,-0.6451239966845644,-0.5810160220117815,-1.1078234188139944,1.9969076815168694,4,0
0.12076266015989133,2,1,0.09391971013843849,0.0876134841591082,3,-0.6605306743650393,0,1.6291708482501361,-2.432005601372186,0.8338130801669732,5,0.24620020465769926,1,-1.5371107442569458,0.12692175643662515,-0.8255297098943152,-0.5381382351970498,-1.584178240646517,0.24198831185855807,1.1283036420830979,0.1557070814399298,0.33809616377248186,1.7994550737738635,3.2787233976679344,-0.37234031447388954,1.9269028997426445,0.956397271554127,0.11067584170701454,-0.4421885641408914,-1.216108852854004,-0.6451239966845644,-0.5810160220117815,0.9026709338484401,0.9436409819008672,3,0
-0.5351035113981373,2,2,-1.013529278392347,1.0633091032037203,2,0.2546249253678617,0,-0.8803614815898617,0.3796721288811475,0.8338130801669732,7,1.1532535902386967,1,1.3659028205066273,-0.6738292391077482,-0.9054407248781584,1.4798801467918874,0.26623257679518353,1.4159910129545328,0.35427874333744,0.1557070814399298,0.33809616377248186,1.1446218126159036,1.6071430296083287,0.8723220215729953,0.8059898555710231,0.956397271554127,0.9844743333450097,1.3265656924226743,-1.216108852854004,-0.6451239966845644,-0.5810160220117815,0.9026709338484401,-0.10962571771513507,3,0
0.01145163156688656,2,1,0.09391971013843849,0.0876134841591082,1,0.2546249253678617,0,-1.1756005792180968,1.7855109940078144,0.8338130801669732,5,1.1532535902386967,1,0.1627318712453497,-0.6738292391077482,-0.18624159002356938,1.4798801467918874,-1.584178240646517,0.24198831185855807,0.612287042919326,-0.6201892226844657,0.33809616377248186,1.4720384431948834,1.885739757618263,1.1834876055847166,1.0862181166139284,0.956397271554127,-1.332331279399854,1.3265656924226743,0.8222948115649081,-0.6451239966845644,-0.5810160220117815,0.9026709338484401,-0.10962571771513507,2,0
-1.3002807115491706,2,2,-0.15218006509062498,-0.8880821348855039,4,-1.5756862740979403,0,0.9402796204509211,0.3796721288811475,-0.06744076383703446,7,0.24620020465769926,0,-0.08841478058620071,-1.0742047368799348,0.4530465298471764,1.4798801467918874,-0.6589728319256667,0.24198831185855807,-0.6777544549901038,0.1557070814399298,-1.0778621289498782,-0.3287530249895065,-0.3430340664612116,-0.6835058984856107,-0.03469492755769292,0.1427954259612064,0.7972679396530246,-0.4421885641408914,-1.216108852854004,-0.6451239966845644,-0.5810160220117815,0.9026709338484401,0.9436409819008672,2,0
1.651117060461958,0,2,2.4318675748145413,1.0633091032037203,1,-1.5756862740979403,1,-1.2740136117608418,0.3796721288811475,-0.9686946078410421,8,1.1532535902386967,0,0.7694470900236391,-0.2734537413355615,-1.1451737698296882,0.47087095579741883,-0.6589728319256667,1.4159910129545328,0.612287042919326,0.1557070814399298,-1.0778621289498782,0.32608023616845355,1.04994957358846,-0.6835058984856107,-1.1556079717293142,1.7699991171470477,0.138503819147715,-0.4421885641408914,-1.216108852854004,-0.6451239966845644,-0.5810160220117815,-1.1078234188139944,-0.10962571771513507,3,0
0.7766288317179199,2,1,-1.013529278392347,0.0876134841591082,3,-0.6605306743650393,1,-1.1756005792180968,0.3796721288811475,-0.9686946078410421,6,1.1532535902386967,2,-0.12523650570084324,1.3280482497531851,-1.1451737698296882,-0.5381382351970498,0.26623257679518353,-0.9320143892374165,-0.6777544549901038,-0.6201892226844657,0.33809616377248186,-0.49246134027899646,-0.3430340664612116,-0.37234031447388954,-0.5951514496435035,0.1427954259612064,2.190690664592827,0.4421885641408914,0.8222948115649081,-0.6451239966845644,-0.5810160220117815,-1.1078234188139944,-1.1628924173311372,2,0
-1.7375248259211897,2,2,-0.5213297279342202,-1.863777753930116,3,0.2546249253678617,1,-0.3882963188761366,0.3796721288811475,-0.9686946078410421,8,-1.5679065665042957,2,1.5692655542504736,-0.6738292391077482,-1.2250847848135313,-1.5471474261915186,1.1914379855160337,-0.9320143892374165,-1.1937710541538757,2.4833959938131165,0.33809616377248186,-0.8198779708579764,-0.6216307944711459,-0.37234031447388954,-0.5951514496435035,-1.4844082652246349,-0.03149982485365519,-1.3265656924226743,0.8222948115649081,-0.6451239966845644,-0.5810160220117815,-1.1078234188139944,-0.10962571771513507,2,0
0.23007368875289608,0,1,-0.02913017747609325,0.0876134841591082,1,1.1697805251007627,1,1.038692652993666,0.3796721288811475,2.6363207681749885,3,1.1532535902386967,2,0.13898045313704974,-0.2734537413355615,0.13340246991180352,-0.5381382351970498,0.26623257679518353,-0.9320143892374165,1.257307791874041,0.1557070814399298,-1.0778621289498782,-0.16504470970001647,-1.1788242504910145,-0.37234031447388954,-0.31492318860059826,0.956397271554127,1.4054357375388786,-1.3265656924226743,0.8222948115649081,1.5500896031448563,-0.5810160220117815,-1.1078234188139944,-1.1628924173311372,2,0
-1.5189027687351802,1,2,-0.02913017747609325,0.0876134841591082,2,1.1697805251007627,1,-1.6184592256604493,0.3796721288811475,-0.9686946078410421,8,-1.5679065665042957,1,1.7768445160608821,-0.6738292391077482,0.37313551486333324,1.4798801467918874,-1.584178240646517,0.24198831185855807,-1.3227752039448188,0.1557070814399298,-1.0778621289498782,-0.9835862861474665,-1.1788242504910145,-0.37234031447388954,-1.1556079717293142,0.1427954259612064,-0.9376799629681017,-0.4421885641408914,-1.216108852854004,-0.6451239966845644,-0.5810160220117815,-1.1078234188139944,-1.1628924173311372,4,1
-0.0978593970261182,2,2,-0.7674295031632836,0.0876134841591082,3,-1.5756862740979403,0,1.3831382668932737,-1.0261667362455194,0.8338130801669732,7,1.1532535902386967,1,-0.22740976584719866,-1.0742047368799348,-1.0652627548458449,1.4798801467918874,0.26623257679518353,1.4159910129545328,-0.1617378558263319,-0.6201892226844657,0.33809616377248186,0.32608023616845355,0.7713528455785257,0.24999085354955286,-0.03469492755769292,0.956397271554127,0.12079510623090561,1.3265656924226743,0.8222948115649081,1.5500896031448563,1.7211229331292395,0.9026709338484401,-0.10962571771513507,2,0
-1.3002807115491706,1,1,0.9552689234401607,-0.8880821348855039,4,1.1697805251007627,1,1.5307578157073911,0.3796721288811475,-0.06744076383703446,2,-0.6608531809232983,0,-0.7197246630861025,-0.6738292391077482,-0.2661526050074126,-0.5381382351970498,-0.6589728319256667,2.5899937140505074,-1.1937710541538757,0.1557070814399298,0.33809616377248186,-0.8198779708579764,-0.9002275224810803,-0.37234031447388954,-0.875379710686409,-0.6708064196317143,-0.06995303004444131,-1.3265656924226743,-1.216108852854004,-0.6451239966845644,-0.5810160220117815,-1.1078234188139944,0.9436409819008672,3,0
2.088361174833977,0,1,-1.013529278392347,1.0633091032037203,1,0.2546249253678617,1,-0.4375028351475091,0.3796721288811475,-0.06744076383703446,0,0.24620020465769926,0,1.6756550424633911,-0.6738292391077482,-0.026419560055882932,1.4798801467918874,-1.584178240646517,0.24198831185855807,0.22527459354649704,-0.6201892226844657,-1.0778621289498782,0.9809134973264135,2.1643364856281972,-0.37234031447388954,1.3664463776568336,0.1427954259612064,0.4633322103646188,-1.3265656924226743,-1.216108852854004,-0.6451239966845644,-0.5810160220117815,-1.1078234188139944,0.9436409819008672,4,0
-0.8630365971771515,2,1,-1.013529278392347,1.0633091032037203,3,-1.5756862740979403,1,-1.4708396768463317,0.3796721288811475,-0.9686946078410421,6,1.1532535902386967,1,1.6599144576815592,2.529174743069745,0.9325126197502358,-0.5381382351970498,-0.6589728319256667,2.5899937140505074,-0.9357627545719898,0.1557070814399298,1.754054456494842,-0.8198779708579764,-0.6216307944711459,-0.061174730462168335,-0.5951514496435035,-0.6708064196317143,0.9950995610950952,-0.4421885641408914,-1.216108852854004,-0.6451239966845644,-0.5810160220117815,-1.1078234188139944,0.9436409819008672,3,1
0.5580067745319104,2,1,-0.8904793907778153,0.0876134841591082,1,-1.5756862740979403,1,-0.4867093514188816,0.3796721288811475,2.6363207681749885,3,0.24620020465769926,1,0.4214677335967119,0.9276727519809984,-0.10633057503972616,-1.5471474261915186,-1.584178240646517,-0.9320143892374165,1.6443202412468698,-0.6201892226844657,-1.0778621289498782,2.454288334931823,0.4927561175685914,0.5611564375612741,2.7675876828713606,0.1427954259612064,0.3287459921968674,-1.3265656924226743,-1.216108852854004,-0.6451239966845644,-0.5810160220117815,-1.1078234188139944,1.9969076815168694,4,0
2.088361174833977,2,1,-0.2752299527051567,-0.8880821348855039,5,1.1697805251007627,1,0.3005949089230785,0.3796721288811475,-0.9686946078410421,2,0.24620020465769926,1,-1.4963538729468453,2.1287992452975586,-0.8255297098943152,-1.5471474261915186,1.1914379855160337,0.24198831185855807,0.35427874333744,0.9316033855643254,-2.4938204216722384,0.48978855145794353,1.3285463015983943,2.11698435761988,1.0862181166139284,-0.6708064196317143,1.5369861763494628,1.3265656924226743,0.8222948115649081,1.5500896031448563,1.7211229331292395,0.9026709338484401,-0.10962571771513507,2,1
0.4486957459389056,2,1,2.3088176872000097,1.0633091032037203,1,-1.5756862740979403,0,-0.2898832863333916,-1.0261667362455194,1.7350669241709809,4,-0.6608531809232983,1,-1.2189260661670578,-1.0742047368799348,-1.1451737698296882,1.4798801467918874,0.26623257679518353,0.24198831185855807,1.257307791874041,0.1557070814399298,0.33809616377248186,2.1268717043528436,0.7713528455785257,-0.6835058984856107,1.646674638699739,0.956397271554127,1.0264692811191576,0.4421885641408914,0.8222948115649081,-0.6451239966845644,1.7211229331292395,0.9026709338484401,-0.10962571771513507,1,0
-0.3164814542121277,2,2,2.3088176872000097,0.0876134841591082,2,1.1697805251007627,0,1.432344783164646,-1.0261667362455194,-0.06744076383703446,7,0.24620020465769926,1,-0.7498004232942456,-0.6738292391077482,0.29322449987949,1.4798801467918874,1.1914379855160337,1.4159910129545328,-0.41974615540821786,-0.6201892226844657,0.33809616377248186,0.16237192087896354,0.7713528455785257,-0.37234031447388954,0.8059898555710231,1.7699991171470477,0.17341528175513926,0.4421885641408914,0.8222948115649081,-0.6451239966845644,1.7211229331292395,0.9026709338484401,-0.10962571771513507,3,0
-0.0978593970261182,0,2,0.7091691482110972,1.0633091032037203,2,1.1697805251007627,1,1.0878991692650386,-2.432005601372186,-0.06744076383703446,7,1.1532535902386967,0,-0.5448917392593264,-0.6738292391077482,1.0923346497179223,1.4798801467918874,-1.584178240646517,0.24198831185855807,0.483282893128383,0.9316033855643254,-1.0778621289498782,1.3083301279053936,2.1643364856281972,2.7393155256433226,1.9269028997426445,1.7699991171470477,-0.09272137522319625,1.3265656924226743,0.8222948115649081,1.5500896031448563,1.7211229331292395,0.9026709338484401,-1.1628924173311372,2,0
0.4486957459389056,2,2,-0.7674295031632836,0.0876134841591082,1,0.2546249253678617,1,-0.4375028351475091,-1.0261667362455194,-0.06744076383703446,7,-0.6608531809232983,0,-0.29318292368556775,-0.2734537413355615,0.8526016047663926,-1.5471474261915186,0.26623257679518353,0.24198831185855807,0.35427874333744,1.707499689688721,0.33809616377248186,-0.3287530249895065,-0.06443733845127728,-0.6835058984856107,-0.03469492755769292,-1.4844082652246349,0.9293243416898033,-0.4421885641408914,0.8222948115649081,-0.6451239966845644,-0.5810160220117815,-1.1078234188139944,-0.10962571771513507,2,0
-0.5351035113981373,2,1,-0.8904793907778153,0.0876134841591082,5,1.1697805251007627,1,0.5958340065513135,0.3796721288811475,-0.9686946078410421,6,-1.5679065665042957,2,-0.4251508621689622,-0.6738292391077482,0.21331348489564675,0.47087095579741883,1.1914379855160337,-0.9320143892374165,-0.9357627545719898,0.9316033855643254,0.33809616377248186,-0.49246134027899646,-0.6216307944711459,-0.37234031447388954,-0.5951514496435035,-1.4844082652246349,0.32469828638731096,-0.4421885641408914,0.8222948115649081,-0.6451239966845644,-0.5810160220117815,-1.1078234188139944,-0.10962571771513507,2,0
-0.20717042561912297,2,0,2.0627179119709464,1.0633091032037203,1,0.2546249253678617,0,-1.7168722582031943,0.3796721288811475,0.8338130801669732,1,1.1532535902386967,2,0.3273053067768245,-0.6738292391077482,0.0534914549279603,0.47087095579741883,0.26623257679518353,-0.9320143892374165,-0.29074200561727487,-0.6201892226844657,0.33809616377248186,0.32608023616845355,-1.1788242504910145,-0.37234031447388954,0.8059898555710231,1.7699991171470477,-0.27132639406987386,0.4421885641408914,-1.216108852854004,-0.6451239966845644,1.7211229331292395,0.9026709338484401,0.9436409819008672,3,0
0.12076266015989133,2,2,0.09391971013843849,-0.8880821348855039,1,-1.5756862740979403,0,1.6783773645215088,0.3796721288811475,-0.06744076383703446,7,1.1532535902386967,1,-1.1708610662082495,-0.6738292391077482,-0.8255297098943152,-1.5471474261915186,0.26623257679518353,0.24198831185855807,-0.1617378558263319,-1.3960855268088614,0.33809616377248186,0.48978855145794353,0.7713528455785257,-0.37234031447388954,1.3664463776568336,-0.6708064196317143,0.03579328423022052,1.3265656924226743,0.8222948115649081,1.5500896031448563,1.7211229331292395,0.9026709338484401,-0.10962571771513507,2,0
1.4324950032759485,1,2,-1.013529278392347,1.0633091032037203,1,-0.6605306743650393,1,1.3831382668932737,0.3796721288811475,-0.06744076383703446,7,0.24620020465769926,0,-0.008165906385968315,1.7284237475253719,1.3320676946694519,-0.5381382351970498,1.1914379855160337,1.4159910129545328,0.09627044375555406,0.1557070814399298,0.33809616377248186,-0.16504470970001647,-0.3430340664612116,-0.6835058984856107,-0.875379710686409,-0.6708064196317143,0.27511389022024463,-0.4421885641408914,-1.216108852854004,-0.6451239966845644,-0.5810160220117815,-1.1078234188139944,0.9436409819008672,3,1
-0.0978593970261182,2,2,0.21696959775297023,1.0633091032037203,2,-0.6605306743650393,0,1.6783773645215088,-1.0261667362455194,-0.06744076383703446,7,1.1532535902386967,1,0.007855760266967748,0.5272972542088118,-0.5058856499589423,-0.5381382351970498,-1.584178240646517,0.24198831185855807,-0.41974615540821786,-0.6201892226844657,-1.0778621289498782,-0.16504470970001647,-0.3430340664612116,-0.6835058984856107,-1.1556079717293142,0.1427954259612064,0.1906180314457541,0.4421885641408914,0.8222948115649081,-0.6451239966845644,1.7211229331292395,0.9026709338484401,-0.10962571771513507,2,0
0.8859398603109246,2,2,1.3244185862837559,0.0876134841591082,1,1.1697805251007627,0,-0.7819484490471167,0.3796721288811475,-0.06744076383703446,7,0.24620020465769926,2,1.2676647065557298,2.1287992452975586,-1.1451737698296882,0.47087095579741883,0.26623257679518353,-0.9320143892374165,-0.41974615540821786,0.1557070814399298,0.33809616377248186,-0.3287530249895065,-0.3430340664612116,-0.6835058984856107,-0.875379710686409,1.7699991171470477,-0.7621107234785914,-0.4421885641408914,-1.216108852854004,-0.6451239966845644,-0.5810160220117815,0.9026709338484401,0.9436409819008672,3,0
0.33938471734590087,2,1,-0.8904793907778153,1.0633091032037203,1,0.2546249253678617,1,-0.6835354165043717,-1.0261667362455194,-0.9686946078410421,6,0.24620020465769926,2,-1.628602893301344,-0.2734537413355615,-0.9054407248781584,-0.5381382351970498,1.1914379855160337,-0.9320143892374165,-0.41974615540821786,-0.6201892226844657,0.33809616377248186,-0.8198779708579764,-0.6216307944711459,-0.061174730462168335,-0.5951514496435035,0.1427954259612064,1.4155550020627699,-0.4421885641408914,0.8222948115649081,-0.6451239966845644,-0.5810160220117815,-1.1078234188139944,-0.10962571771513507,2,0
-0.20717042561912297,1,1,1.0783188110546924,1.0633091032037203,1,0.2546249253678617,1,0.6942470390940585,0.3796721288811475,-0.06744076383703446,0,0.24620020465769926,1,1.444886826286891,-0.6738292391077482,-0.6657076799266287,0.47087095579741883,1.1914379855160337,1.4159910129545328,-0.1617378558263319,-0.6201892226844657,1.754054456494842,0.48978855145794353,-0.6216307944711459,-0.6835058984856107,-0.5951514496435035,0.1427954259612064,0.8509000416296473,0.4421885641408914,-1.216108852854004,-0.6451239966845644,-0.5810160220117815,-1.1078234188139944,-0.10962571771513507,3,0
0.33938471734590087,2,1,-0.8904793907778153,1.0633091032037203,3,0.2546249253678617,0,1.5799643319787637,0.3796721288811475,-0.9686946078410421,6,0.24620020465769926,1,-0.247928742437801,-0.2734537413355615,-0.10633057503972616,0.47087095579741883,-0.6589728319256667,2.5899937140505074,1.1283036420830979,-0.6201892226844657,0.33809616377248186,-0.3287530249895065,-0.3430340664612116,-0.6835058984856107,-0.5951514496435035,-1.4844082652246349,0.23413086889848575,0.4421885641408914,0.8222948115649081,-0.6451239966845644,1.7211229331292395,0.9026709338484401,-0.10962571771513507,3,0
-0.20717042561912297,2,1,-1.013529278392347,1.0633091032037203,1,0.2546249253678617,0,-0.19147025379064658,-2.432005601372186,-0.9686946078410421,6,1.1532535902386967,1,-0.7534544876185995,-0.6738292391077482,-1.0652627548458449,-0.5381382351970498,1.1914379855160337,0.24198831185855807,-0.9357627545719898,1.707499689688721,0.33809616377248186,-0.49246134027899646,-0.3430340664612116,-0.37234031447388954,-0.875379710686409,-0.6708064196317143,-0.19796172627166353,1.3265656924226743,0.8222948115649081,1.5500896031448563,1.7211229331292395,0.9026709338484401,0.9436409819008672,1,0
-0.8630365971771515,2,1,0.4630693729820337,-0.8880821348855039,4,1.1697805251007627,1,-0.9787745141326066,-1.0261667362455194,-0.06744076383703446,2,-0.6608531809232983,1,1.3162918702567463,0.5272972542088118,-0.34606361999125584,-0.5381382351970498,-1.584178240646517,0.24198831185855807,-0.1617378558263319,-0.6201892226844657,0.33809616377248186,-0.49246134027899646,-0.3430340664612116,-0.6835058984856107,-0.31492318860059826,0.1427954259612064,-1.5827830763661583,-1.3265656924226743,-1.216108852854004,-0.6451239966845644,-0.5810160220117815,-1.1078234188139944,1.9969076815168694,3,0
-0.8630365971771515,2,1,2.3088176872000097,1.0633091032037203,3,1.1697805251007627,0,0.349801425194451,-1.0261667362455194,-0.9686946078410421,6,-1.5679065665042957,2,-0.8185249407792082,-0.6738292391077482,-0.34606361999125584,0.47087095579741883,-0.6589728319256667,-0.9320143892374165,-0.8067586047810468,0.1557070814399298,-2.4938204216722384,-0.3287530249895065,-0.06443733845127728,-0.6835058984856107,-0.03469492755769292,0.1427954259612064,0.7906904177124954,-0.4421885641408914,-1.216108852854004,-0.6451239966845644,-0.5810160220117815,0.9026709338484401,0.9436409819008672,2,0
1.4324950032759485,2,2,2.3088176872000097,0.0876134841591082,2,1.1697805251007627,1,-1.3232201280322142,-1.0261667362455194,0.8338130801669732,7,-1.5679065665042957,0,0.3194350143859086,0.5272972542088118,-0.6657076799266287,-0.5381382351970498,-0.6589728319256667,0.24198831185855807,1.1283036420830979,0.1557070814399298,0.33809616377248186,-0.6561696555684865,-0.6216307944711459,-0.061174730462168335,-1.1556079717293142,0.956397271554127,-0.30775574635588177,0.4421885641408914,0.8222948115649081,-0.6451239966845644,-0.5810160220117815,0.9026709338484401,-0.10962571771513507,2,1
0.23007368875289608,2,2,1.8166181367418828,-1.863777753930116,2,-0.6605306743650393,0,-0.2898832863333916,-1.0261667362455194,1.7350669241709809,7,1.1532535902386967,1,-0.7708815636270562,-1.0742047368799348,-0.9853517398620016,-1.5471474261915186,-1.584178240646517,0.24198831185855807,1.257307791874041,-0.6201892226844657,-1.0778621289498782,2.1268717043528436,1.3285463015983943,2.11698435761988,0.5257615945281178,0.1427954259612064,-0.23843878436722785,1.3265656924226743,0.8222948115649081,-0.6451239966845644,1.7211229331292395,0.9026709338484401,0.9436409819008672,2,0
-0.6444145399911421,0,1,-0.5213297279342202,0.0876134841591082,3,-0.6605306743650393,1,0.3990079414658235,0.3796721288811475,-0.06744076383703446,4,-1.5679065665042957,2,-1.4793484197450448,-1.0742047368799348,-0.5857966649427855,1.4798801467918874,-0.6589728319256667,-0.9320143892374165,-0.1617378558263319,-0.6201892226844657,0.33809616377248186,0.32608023616845355,-0.06443733845127728,-0.37234031447388954,0.8059898555710231,0.1427954259612064,-1.5079005188893644,-1.3265656924226743,0.8222948115649081,-0.6451239966845644,-0.5810160220117815,-1.1078234188139944,0.9436409819008672,3,0
-1.1909696829561658,2,2,-0.5213297279342202,0.0876134841591082,4,1.1697805251007627,0,-1.7660787744745667,-1.0261667362455194,-0.9686946078410421,8,0.24620020465769926,2,0.9929071775514315,-1.0742047368799348,-0.18624159002356938,0.47087095579741883,1.1914379855160337,-0.9320143892374165,-0.8067586047810468,-0.6201892226844657,0.33809616377248186,-0.49246134027899646,-0.6216307944711459,-0.6835058984856107,-1.1556079717293142,0.1427954259612064,-1.295901927113846,1.3265656924226743,0.8222948115649081,1.5500896031448563,1.7211229331292395,0.9026709338484401,0.9436409819008672,1,0
-0.0978593970261182,1,1,1.6935682491273512,-0.8880821348855039,3,0.2546249253678617,1,-1.2248070954894692,1.7855109940078144,-0.06744076383703446,2,1.1532535902386967,1,-0.2843288447457873,0.5272972542088118,0.9325126197502358,0.47087095579741883,0.26623257679518353,0.24198831185855807,0.741291192710269,0.1557070814399298,0.33809616377248186,-0.3287530249895065,-0.6216307944711459,-0.6835058984856107,-0.31492318860059826,1.7699991171470477,-0.8061295241575177,-1.3265656924226743,-1.216108852854004,-0.6451239966845644,-0.5810160220117815,-1.1078234188139944,-1.1628924173311372,4,0
0.23007368875289608,2,1,-0.39827984031968844,-1.863777753930116,3,1.1697805251007627,1,-1.1756005792180968,-1.0261667362455194,0.8338130801669732,0,-1.5679065665042957,1,1.0040099114600451,0.5272972542088118,1.7316227695886681,0.47087095579741883,-1.584178240646517,0.24198831185855807,-0.29074200561727487,1.707499689688721,0.33809616377248186,-0.001336394410526465,0.7713528455785257,-0.37234031447388954,0.8059898555710231,-1.4844082652246349,-0.884047860991479,1.3265656924226743,0.8222948115649081,-0.6451239966845644,1.7211229331292395,0.9026709338484401,-0.10962571771513507,2,0
-1.081658654363161,2,1,-0.6443796155487519,0.0876134841591082,1,-0.6605306743650393,1,1.038692652993666,1.7855109940078144,-0.06744076383703446,4,-0.6608531809232983,1,-1.2844181421343226,-0.6738292391077482,-0.10633057503972616,1.4798801467918874,-0.6589728319256667,0.24198831185855807,-0.6777544549901038,-2.171981830933257,0.33809616377248186,-0.16504470970001647,-0.6216307944711459,-0.6835058984856107,-0.31492318860059826,0.1427954259612064,-0.5536538742864351,-1.3265656924226743,-1.216108852854004,-0.6451239966845644,-0.5810160220117815,-1.1078234188139944,0.9436409819008672,3,0
1.3231839746829437,1,2,-0.8904793907778153,0.0876134841591082,3,1.1697805251007627,1,-0.14226373751927407,-1.0261667362455194,-0.06744076383703446,7,-0.6608531809232983,1,-0.1503933331646639,-0.2734537413355615,-1.0652627548458449,0.47087095579741883,1.1914379855160337,-0.9320143892374165,0.741291192710269,0.1557070814399298,-1.0778621289498782,0.32608023616845355,0.4927561175685914,-0.6835058984856107,1.0862181166139284,-0.6708064196317143,1.2637660342044035,0.4421885641408914,0.8222948115649081,-0.6451239966845644,1.7211229331292395,-1.1078234188139944,0.9436409819008672,3,0
-0.3164814542121277,2,1,-0.15218006509062498,0.0876134841591082,3,-0.6605306743650393,1,0.7926600716368035,1.7855109940078144,-0.06744076383703446,2,0.24620020465769926,1,-0.5741242538541572,-0.2734537413355615,-0.10633057503972616,-0.5381382351970498,-1.584178240646517,-0.9320143892374165,-0.6777544549901038,0.1557070814399298,1.754054456494842,-0.49246134027899646,-0.3430340664612116,-0.37234031447388954,-0.5951514496435035,0.956397271554127,0.7370583157358727,0.4421885641408914,0.8222948115649081,-0.6451239966845644,-0.5810160220117815,0.9026709338484401,0.9436409819008672,3,0
